/*
 Navicat Premium Dump SQL

 Source Server         : 140.143.222.164
 Source Server Type    : MySQL
 Source Server Version : 80043 (8.0.43)
 Source Host           : 140.143.222.164:3306
 Source Schema         : pulse

 Target Server Type    : MySQL
 Target Server Version : 80043 (8.0.43)
 File Encoding         : 65001

 Date: 16/10/2025 19:49:09
*/

SET NAMES utf8mb4;
SET FOREIGN_KEY_CHECKS = 0;

-- ----------------------------
-- Table structure for ai_business
-- ----------------------------
DROP TABLE IF EXISTS `ai_business`;
CREATE TABLE `ai_business`  (
  `business_id` varchar(255) CHARACTER SET utf8mb4 COLLATE utf8mb4_general_ci NOT NULL COMMENT '业务主键ID',
  `ai_model_id` bigint UNSIGNED NULL DEFAULT NULL COMMENT '模型配置ID',
  `system` text CHARACTER SET utf8mb4 COLLATE utf8mb4_general_ci NOT NULL COMMENT '调用AI的system定义',
  PRIMARY KEY (`business_id`) USING BTREE,
  INDEX `idx_model_id`(`ai_model_id` ASC) USING BTREE
) ENGINE = InnoDB CHARACTER SET = utf8mb4 COLLATE = utf8mb4_general_ci COMMENT = '业务与模型配置关联表' ROW_FORMAT = Dynamic;

-- ----------------------------
-- Records of ai_business
-- ----------------------------
INSERT INTO `ai_business` VALUES ('BODY_CHANGE_BIZ_KEY', 6, '只输出严格JSON且不得多字，不得引用上下文。若原始输入中未出现任何阿拉伯数字(0-9)，严禁输出任何数值；此时仅根据是否提到体重/消耗输出自定义类型(如：weight_v/consume_v 或 order)，并保证 weight/consume 两数组全部为空。出现数字时，才允许输出对应类型(如：weight/consume)，且数值必须逐字复制输入中的数字子串(允许小数点/逗号)；体重若为“斤”在且仅在存在数字时按×0.5转kg，保留1位小数；消耗统一kcal。日期解析为YYYY-MM-DD，未指定用今天。禁止猜测、默认值、经验值或从以往消息推断任何数字。输出格式：\r\n{\"type\":\"<你的类型集合，例如：weight|weight_v|consume|consume_v|order>\",\"weight\":[{\"date\":\"YYYY-MM-DD\",\"value\":\"内容\"}],\"consume\":[{\"date\":\"YYYY-MM-DD\",\"value\":\"内容\"}],\"message\":\"记录完成\"}\r\nmessage 示例：weight_v→\"⚠️ 请输入体重，例如：“今天体重65kg” 或 “昨天体重130斤”\"；consume_v→\"⚠️ 请输入消耗热量，例如：“今天消耗300kcal”\"；正常记录时生成确认语。\r\n');
INSERT INTO `ai_business` VALUES ('DAILY_CALORIES', 8, '请生成一个适合健身人群的饮食推荐方案。要求：\r\n1. 给出每日热量和营养素（蛋白质、碳水、脂肪）的合理分配。\r\n2. 提供一天三餐+加餐的示例菜单。\r\n3. 食材需常见、易获取，烹饪方式简单健康。\r\n4. 突出高蛋白、均衡营养，适合大多数健身人群（无特殊饮食限制）。\r\n5. 同时提供一些替代食材的建议，方便用户根据实际情况调整。\r\n');
INSERT INTO `ai_business` VALUES ('DAILY_CALORIES_RECOMMENDED', 6, '你是一个营养分析助手。用户会输入今天吃的餐饮内容。  请根据常见食材营养成分，估算该餐饮的热量、蛋白质、碳水化合物和脂肪，并以严格的 JSON 格式输出。  不要输出多余的文字或解释，只返回 JSON。  输出格式如下：{  \"caloriesKcal\": 数字,   // 热量（千卡 kcal）  \"proteinG\": 数字,       // 蛋白质（克 g）  \"carbsG\": 数字,         // 碳水化合物（克 g）  \"fatG\": 数字            // 脂肪（克 g）}');
INSERT INTO `ai_business` VALUES ('DIET_CHANGE_BIZ_KEY', 6, '你是一个助手，需要判断输入文本是否涉及饮食相关内容。  \r\n饮食相关包括：点餐（早餐、午餐、晚餐）、推荐菜品、定制饮食计划、食物选择、营养需求、饮食偏好等。  \r\n如果包含饮食相关信息，输出 \"true\"；  \r\n否则输出 \"false\"。  \r\n只输出 true 或 false，不要有其他内容。\r\n');
INSERT INTO `ai_business` VALUES ('FITNESS_COACH_BUSINESS_KEY', 8, '你是一位专业的 AI 健身减肥教练，请为我制定计划。回答时请包含：1) 健身计划：明确运动类型、每周频率和单次时长；2) 饮食建议：给出每日推荐热量范围，并提供碳水化合物、蛋白质和脂肪的比例。语气保持简洁、专业。');
INSERT INTO `ai_business` VALUES ('HELP', NULL, '**AI聊天**：有问题就来问我，我随时陪你聊天 🤖  \r\n**今日总结**：一天的故事，用一句话帮你记录 🌅  \r\n**查看统计**：把数据变成图表，看见自己的变化 📊  \r\n**记录消耗**：记录运动时消耗的能量，让努力有迹可循 🏃  \r\n**记录体重**：每天的小变化，积累成大成果 ⚖️  \r\n**定制标签**：给记录贴上专属标签，让它们更有意义 🏷️  \r\n**构建知识库**：把你的点滴沉淀成宝藏，随时查找 📚  ');
INSERT INTO `ai_business` VALUES ('TODAY_ADVICE', 8, '生成4条今日健康建议，输出严格为JSON数组，每条含\"title\"(≤4字中文)、“subtitle”(≤7字可执行)、“color”(#RRGGBB)，不得输出多余文字。');
INSERT INTO `ai_business` VALUES ('TODAY_SUMMARY', 8, '你是减脂健康管理助理。请根据以下用户信息生成今日总结的JSON，字段与字数要求如下：status：标题，<=8字，风格积极或中性，如“稳步下降”“轻微反弹”。message：近期总结，<=50字，要求具体、可读。healthGoal：鼓励话语+目标，<=15字。只返回合法JSON，不含多余文字或代码块标记。请基于已知信息给出中性建议，仍满足字数限制。');
INSERT INTO `ai_business` VALUES ('USER_INFO', NULL, 'dsadsa');

-- ----------------------------
-- Table structure for ai_business_model
-- ----------------------------
DROP TABLE IF EXISTS `ai_business_model`;
CREATE TABLE `ai_business_model`  (
  `business_id` varchar(255) CHARACTER SET utf8mb4 COLLATE utf8mb4_general_ci NOT NULL COMMENT '业务主键ID',
  `ai_model_config_id` bigint UNSIGNED NOT NULL COMMENT '模型配置ID',
  `system` text CHARACTER SET utf8mb4 COLLATE utf8mb4_general_ci NOT NULL COMMENT '调用AI的system定义',
  PRIMARY KEY (`business_id`) USING BTREE,
  INDEX `idx_model_config_id`(`ai_model_config_id` ASC) USING BTREE
) ENGINE = InnoDB CHARACTER SET = utf8mb4 COLLATE = utf8mb4_general_ci COMMENT = '业务与模型配置关联表' ROW_FORMAT = Dynamic;

-- ----------------------------
-- Records of ai_business_model
-- ----------------------------
INSERT INTO `ai_business_model` VALUES ('BODY_CHANGE_BIZ_KEY', 1, '只输出JSON/数组，无解释；结构{\"i\":\"diet|weight|exercise|meal_plan|other\",\"a\":\"create|update|query\",\"t\":\"YYYY-MM-DDTHH:mm\",\"l\":\"zh|en\",\"d\":{\"m\":\"breakfast|lunch|dinner|snack|auto\",\"it\":[{\"n\":\"str\",\"q\":\"str\"}],\"k\":123},\"w\":{\"v\":0,\"u\":\"kg|lb\"},\"e\":{\"tp\":\"str\",\"mn\":0,\"k\":0}}；关键词吃/餐/热量→diet，体重/公斤/斤/lb→weight，跑步/骑行/瑜伽/分钟/消耗→exercise，生成/安排/推荐+餐/食谱→meal_plan(只返i,a,t,l)，否则other，没给时间用当前。');
INSERT INTO `ai_business_model` VALUES ('FITNESS_COACH_BUSINESS_KEY', 1, '你是AI健身减肥教练，输出健身计划(类型/频率/时长)+饮食建议(热量/营养分配)+激励，语气积极。');

-- ----------------------------
-- Table structure for ai_conversations
-- ----------------------------
DROP TABLE IF EXISTS `ai_conversations`;
CREATE TABLE `ai_conversations`  (
  `id` bigint NOT NULL AUTO_INCREMENT,
  `business_key` varchar(64) CHARACTER SET utf8mb4 COLLATE utf8mb4_unicode_ci NOT NULL COMMENT '业务主键，可重复',
  `user_id` bigint NULL DEFAULT NULL COMMENT '用户ID，可为空支持匿名对话',
  `title` varchar(255) CHARACTER SET utf8mb4 COLLATE utf8mb4_unicode_ci NULL DEFAULT NULL COMMENT '对话标题',
  `created_at` timestamp(6) NULL DEFAULT CURRENT_TIMESTAMP(6) COMMENT '创建时间',
  `updated_at` timestamp(6) NULL DEFAULT CURRENT_TIMESTAMP(6) ON UPDATE CURRENT_TIMESTAMP(6) COMMENT '更新时间',
  PRIMARY KEY (`id`) USING BTREE,
  INDEX `idx_business_key`(`business_key` ASC) USING BTREE,
  INDEX `idx_user_updated`(`user_id` ASC, `updated_at` DESC) USING BTREE,
  INDEX `idx_created_at`(`created_at` ASC) USING BTREE
) ENGINE = InnoDB AUTO_INCREMENT = 429 CHARACTER SET = utf8mb4 COLLATE = utf8mb4_unicode_ci COMMENT = 'AI对话会话表' ROW_FORMAT = Dynamic;

-- ----------------------------
-- Records of ai_conversations
-- ----------------------------
INSERT INTO `ai_conversations` VALUES (244, 'FITNESS_COACH_BUSINESS_KEY', 3, '你是一位专业的 AI 健身减肥教练，请为我制定计划。回答时请包含：1) 健身计划：明确运动类型、每周频率和单次时长；2) 饮食建议：给出每日推荐热量范围，并提供碳水化合物、蛋白质和脂肪的比例。语气保持简洁、专业。', '2025-09-23 15:03:51.204000', '2025-10-09 15:11:53.465000');
INSERT INTO `ai_conversations` VALUES (245, '[TEMP] ', NULL, NULL, '2025-09-23 15:04:15.510000', '2025-10-16 15:39:42.136000');
INSERT INTO `ai_conversations` VALUES (246, 'FITNESS_COACH_BUSINESS_KEY', 3, '你是一位专业的 AI 健身减肥教练，请为我制定计划。回答时请包含：1) 健身计划：明确运动类型、每周频率和单次时长；2) 饮食建议：给出每日推荐热量范围，并提供碳水化合物、蛋白质和脂肪的比例。语气保持简洁、专业。', '2025-09-24 11:07:53.187000', '2025-10-09 15:11:53.465000');
INSERT INTO `ai_conversations` VALUES (247, 'FITNESS_COACH_BUSINESS_KEY', 3, '你是一位专业的 AI 健身减肥教练，请为我制定计划。回答时请包含：1) 健身计划：明确运动类型、每周频率和单次时长；2) 饮食建议：给出每日推荐热量范围，并提供碳水化合物、蛋白质和脂肪的比例。语气保持简洁、专业。', '2025-09-24 11:19:50.387000', '2025-10-09 15:11:53.465000');
INSERT INTO `ai_conversations` VALUES (248, '[TEMP] ', NULL, NULL, '2025-09-28 14:11:50.959000', '2025-10-16 15:39:42.136000');
INSERT INTO `ai_conversations` VALUES (249, '[TEMP] ', NULL, NULL, '2025-09-28 14:20:27.348000', '2025-10-16 15:39:42.136000');
INSERT INTO `ai_conversations` VALUES (250, '[TEMP] ', NULL, NULL, '2025-09-28 14:21:42.434000', '2025-10-16 15:39:42.136000');
INSERT INTO `ai_conversations` VALUES (251, '[TEMP] ', NULL, NULL, '2025-09-28 14:22:22.165000', '2025-10-16 15:39:42.136000');
INSERT INTO `ai_conversations` VALUES (252, '[TEMP] ', NULL, NULL, '2025-09-28 14:31:10.180000', '2025-10-16 15:39:42.136000');
INSERT INTO `ai_conversations` VALUES (253, '[TEMP] ', NULL, NULL, '2025-09-28 14:33:28.443000', '2025-10-16 15:39:42.136000');
INSERT INTO `ai_conversations` VALUES (254, '[TEMP] ', NULL, NULL, '2025-09-28 15:38:46.301000', '2025-10-16 15:39:42.136000');
INSERT INTO `ai_conversations` VALUES (255, '[TEMP] ', NULL, NULL, '2025-09-28 16:49:28.282000', '2025-10-16 15:39:42.136000');
INSERT INTO `ai_conversations` VALUES (256, '[TEMP] ', NULL, NULL, '2025-09-28 16:49:32.451000', '2025-10-16 15:39:42.136000');
INSERT INTO `ai_conversations` VALUES (257, '[TEMP] ', NULL, NULL, '2025-09-28 16:52:59.702000', '2025-10-16 15:39:42.136000');
INSERT INTO `ai_conversations` VALUES (258, '[TEMP] ', NULL, NULL, '2025-09-28 16:53:03.321000', '2025-10-16 15:39:42.136000');
INSERT INTO `ai_conversations` VALUES (259, '[TEMP] ', NULL, NULL, '2025-09-28 17:02:14.624000', '2025-10-16 15:39:42.136000');
INSERT INTO `ai_conversations` VALUES (260, '[TEMP] ', NULL, NULL, '2025-09-28 17:02:14.687000', '2025-10-16 15:39:42.136000');
INSERT INTO `ai_conversations` VALUES (261, '[TEMP] ', NULL, NULL, '2025-09-28 17:04:40.493000', '2025-10-16 15:39:42.136000');
INSERT INTO `ai_conversations` VALUES (262, '[TEMP] ', NULL, NULL, '2025-09-28 17:04:40.495000', '2025-10-16 15:39:42.136000');
INSERT INTO `ai_conversations` VALUES (263, '[TEMP] ', NULL, NULL, '2025-09-28 17:05:57.499000', '2025-10-16 15:39:42.136000');
INSERT INTO `ai_conversations` VALUES (264, '[TEMP] ', NULL, NULL, '2025-09-28 17:05:57.499000', '2025-10-16 15:39:42.136000');
INSERT INTO `ai_conversations` VALUES (265, '[TEMP] ', NULL, NULL, '2025-09-28 17:08:20.593000', '2025-10-16 15:39:42.136000');
INSERT INTO `ai_conversations` VALUES (266, '[TEMP] ', NULL, NULL, '2025-09-28 17:08:20.593000', '2025-10-16 15:39:42.136000');
INSERT INTO `ai_conversations` VALUES (267, '[TEMP] ', NULL, NULL, '2025-09-28 17:20:41.108000', '2025-10-16 15:39:42.136000');
INSERT INTO `ai_conversations` VALUES (268, '[TEMP] ', NULL, NULL, '2025-09-28 17:20:41.107000', '2025-10-16 15:39:42.136000');
INSERT INTO `ai_conversations` VALUES (269, '[TEMP] ', NULL, NULL, '2025-09-28 17:21:31.565000', '2025-10-16 15:39:42.136000');
INSERT INTO `ai_conversations` VALUES (270, '[TEMP] ', NULL, NULL, '2025-09-28 17:21:31.565000', '2025-10-16 15:39:42.136000');
INSERT INTO `ai_conversations` VALUES (271, '[TEMP] ', NULL, NULL, '2025-09-28 17:25:19.862000', '2025-10-16 15:39:42.136000');
INSERT INTO `ai_conversations` VALUES (272, '[TEMP] ', NULL, NULL, '2025-09-28 17:25:19.862000', '2025-10-16 15:39:42.136000');
INSERT INTO `ai_conversations` VALUES (273, '[TEMP] ', NULL, NULL, '2025-09-28 17:28:08.819000', '2025-10-16 15:39:42.136000');
INSERT INTO `ai_conversations` VALUES (274, '[TEMP] ', NULL, NULL, '2025-09-28 17:28:08.819000', '2025-10-16 15:39:42.136000');
INSERT INTO `ai_conversations` VALUES (275, '[TEMP] ', NULL, NULL, '2025-09-28 17:30:43.497000', '2025-10-16 15:39:42.136000');
INSERT INTO `ai_conversations` VALUES (276, '[TEMP] ', NULL, NULL, '2025-09-28 17:30:43.497000', '2025-10-16 15:39:42.136000');
INSERT INTO `ai_conversations` VALUES (277, '[TEMP] ', NULL, NULL, '2025-09-28 17:31:04.616000', '2025-10-16 15:39:42.136000');
INSERT INTO `ai_conversations` VALUES (278, '[TEMP] ', NULL, NULL, '2025-09-28 17:31:04.616000', '2025-10-16 15:39:42.136000');
INSERT INTO `ai_conversations` VALUES (279, '[TEMP] ', NULL, NULL, '2025-09-28 17:31:29.159000', '2025-10-16 15:39:42.136000');
INSERT INTO `ai_conversations` VALUES (280, '[TEMP] ', NULL, NULL, '2025-09-28 17:31:29.180000', '2025-10-16 15:39:42.136000');
INSERT INTO `ai_conversations` VALUES (281, '[TEMP] ', NULL, NULL, '2025-09-28 17:32:15.011000', '2025-10-16 15:39:42.136000');
INSERT INTO `ai_conversations` VALUES (282, '[TEMP] ', NULL, NULL, '2025-09-28 17:32:15.015000', '2025-10-16 15:39:42.136000');
INSERT INTO `ai_conversations` VALUES (283, '[TEMP] ', NULL, NULL, '2025-09-28 17:32:20.845000', '2025-10-16 15:39:42.136000');
INSERT INTO `ai_conversations` VALUES (284, '[TEMP] ', NULL, NULL, '2025-09-28 17:32:22.042000', '2025-10-16 15:39:42.136000');
INSERT INTO `ai_conversations` VALUES (285, '[TEMP] ', NULL, NULL, '2025-09-28 17:37:13.780000', '2025-10-16 15:39:42.136000');
INSERT INTO `ai_conversations` VALUES (286, '[TEMP] ', NULL, NULL, '2025-09-28 17:37:13.793000', '2025-10-16 15:39:42.136000');
INSERT INTO `ai_conversations` VALUES (287, '[TEMP] ', NULL, NULL, '2025-09-28 17:41:56.666000', '2025-10-16 15:39:42.136000');
INSERT INTO `ai_conversations` VALUES (288, '[TEMP] ', NULL, NULL, '2025-09-28 17:41:56.667000', '2025-10-16 15:39:42.136000');
INSERT INTO `ai_conversations` VALUES (289, '[TEMP] ', NULL, NULL, '2025-09-28 17:42:04.836000', '2025-10-16 15:39:42.136000');
INSERT INTO `ai_conversations` VALUES (290, '[TEMP] ', NULL, NULL, '2025-09-28 17:42:04.837000', '2025-10-16 15:39:42.136000');
INSERT INTO `ai_conversations` VALUES (291, '[TEMP] ', NULL, NULL, '2025-09-28 22:13:40.758000', '2025-10-16 15:39:42.136000');
INSERT INTO `ai_conversations` VALUES (292, '[TEMP] ', NULL, NULL, '2025-09-28 22:13:40.758000', '2025-10-16 15:39:42.136000');
INSERT INTO `ai_conversations` VALUES (293, '[TEMP] ', NULL, NULL, '2025-09-28 22:13:52.016000', '2025-10-16 15:39:42.136000');
INSERT INTO `ai_conversations` VALUES (294, '[TEMP] ', NULL, NULL, '2025-09-28 22:13:52.016000', '2025-10-16 15:39:42.136000');
INSERT INTO `ai_conversations` VALUES (295, '[TEMP] ', NULL, NULL, '2025-09-28 22:13:59.891000', '2025-10-16 15:39:42.136000');
INSERT INTO `ai_conversations` VALUES (296, '[TEMP] ', NULL, NULL, '2025-09-28 22:13:59.898000', '2025-10-16 15:39:42.136000');
INSERT INTO `ai_conversations` VALUES (297, '[TEMP] ', NULL, NULL, '2025-09-28 22:14:07.023000', '2025-10-16 15:39:42.136000');
INSERT INTO `ai_conversations` VALUES (298, '[TEMP] ', NULL, NULL, '2025-09-28 22:14:07.024000', '2025-10-16 15:39:42.136000');
INSERT INTO `ai_conversations` VALUES (299, '[TEMP] ', NULL, NULL, '2025-09-28 22:14:31.134000', '2025-10-16 15:39:42.136000');
INSERT INTO `ai_conversations` VALUES (300, '[TEMP] ', NULL, NULL, '2025-09-28 22:14:31.135000', '2025-10-16 15:39:42.136000');
INSERT INTO `ai_conversations` VALUES (301, '[TEMP] ', NULL, NULL, '2025-09-28 22:18:00.230000', '2025-10-16 15:39:42.136000');
INSERT INTO `ai_conversations` VALUES (302, '[TEMP] ', NULL, NULL, '2025-09-28 22:18:00.235000', '2025-10-16 15:39:42.136000');
INSERT INTO `ai_conversations` VALUES (303, '[TEMP] ', NULL, NULL, '2025-09-28 22:18:08.119000', '2025-10-16 15:39:42.136000');
INSERT INTO `ai_conversations` VALUES (304, '[TEMP] ', NULL, NULL, '2025-09-28 22:18:08.120000', '2025-10-16 15:39:42.136000');
INSERT INTO `ai_conversations` VALUES (305, '[TEMP] ', NULL, NULL, '2025-09-28 22:21:13.355000', '2025-10-16 15:39:42.136000');
INSERT INTO `ai_conversations` VALUES (306, '[TEMP] ', NULL, NULL, '2025-09-28 22:21:13.363000', '2025-10-16 15:39:42.136000');
INSERT INTO `ai_conversations` VALUES (307, '[TEMP] ', NULL, NULL, '2025-09-28 22:21:32.068000', '2025-10-16 15:39:42.136000');
INSERT INTO `ai_conversations` VALUES (308, '[TEMP] ', NULL, NULL, '2025-09-28 22:21:32.072000', '2025-10-16 15:39:42.136000');
INSERT INTO `ai_conversations` VALUES (309, '[TEMP] ', NULL, NULL, '2025-09-28 22:25:18.431000', '2025-10-16 15:39:42.136000');
INSERT INTO `ai_conversations` VALUES (310, '[TEMP] ', NULL, NULL, '2025-09-28 22:25:18.431000', '2025-10-16 15:39:42.136000');
INSERT INTO `ai_conversations` VALUES (311, '[TEMP] ', NULL, NULL, '2025-09-28 22:26:32.131000', '2025-10-16 15:39:42.136000');
INSERT INTO `ai_conversations` VALUES (312, '[TEMP] ', NULL, NULL, '2025-09-28 22:26:32.131000', '2025-10-16 15:39:42.136000');
INSERT INTO `ai_conversations` VALUES (313, '[TEMP] ', NULL, NULL, '2025-09-28 22:38:27.939000', '2025-10-16 15:39:42.136000');
INSERT INTO `ai_conversations` VALUES (314, '[TEMP] ', NULL, NULL, '2025-09-28 22:38:27.939000', '2025-10-16 15:39:42.136000');
INSERT INTO `ai_conversations` VALUES (315, 'FITNESS_COACH_BUSINESS_KEY', 3, '你是一位专业的 AI 健身减肥教练，请为我制定计划。回答时请包含：1) 健身计划：明确运动类型、每周频率和单次时长；2) 饮食建议：给出每日推荐热量范围，并提供碳水化合物、蛋白质和脂肪的比例。语气保持简洁、专业。', '2025-09-29 10:22:52.135000', '2025-10-09 15:11:53.465000');
INSERT INTO `ai_conversations` VALUES (316, 'FITNESS_COACH_BUSINESS_KEY', 3, '你是一位专业的 AI 健身减肥教练，请为我制定计划。回答时请包含：1) 健身计划：明确运动类型、每周频率和单次时长；2) 饮食建议：给出每日推荐热量范围，并提供碳水化合物、蛋白质和脂肪的比例。语气保持简洁、专业。', '2025-09-29 10:23:48.186000', '2025-10-09 15:11:53.465000');
INSERT INTO `ai_conversations` VALUES (317, 'FITNESS_COACH_BUSINESS_KEY', 3, '你是一位专业的 AI 健身减肥教练，请为我制定计划。回答时请包含：1) 健身计划：明确运动类型、每周频率和单次时长；2) 饮食建议：给出每日推荐热量范围，并提供碳水化合物、蛋白质和脂肪的比例。语气保持简洁、专业。', '2025-09-29 10:28:41.726000', '2025-10-09 15:11:53.465000');
INSERT INTO `ai_conversations` VALUES (318, 'FITNESS_COACH_BUSINESS_KEY', 3, '你是一位专业的 AI 健身减肥教练，请为我制定计划。回答时请包含：1) 健身计划：明确运动类型、每周频率和单次时长；2) 饮食建议：给出每日推荐热量范围，并提供碳水化合物、蛋白质和脂肪的比例。语气保持简洁、专业。', '2025-09-29 10:30:48.905000', '2025-10-09 15:11:53.465000');
INSERT INTO `ai_conversations` VALUES (319, 'FITNESS_COACH_BUSINESS_KEY', 3, '你是一位专业的 AI 健身减肥教练，请为我制定计划。回答时请包含：1) 健身计划：明确运动类型、每周频率和单次时长；2) 饮食建议：给出每日推荐热量范围，并提供碳水化合物、蛋白质和脂肪的比例。语气保持简洁、专业。', '2025-09-29 10:31:34.740000', '2025-10-09 15:11:53.465000');
INSERT INTO `ai_conversations` VALUES (320, 'FITNESS_COACH_BUSINESS_KEY', 3, '你是一位专业的 AI 健身减肥教练，请为我制定计划。回答时请包含：1) 健身计划：明确运动类型、每周频率和单次时长；2) 饮食建议：给出每日推荐热量范围，并提供碳水化合物、蛋白质和脂肪的比例。语气保持简洁、专业。', '2025-09-29 10:43:45.185000', '2025-10-09 15:11:53.465000');
INSERT INTO `ai_conversations` VALUES (321, 'FITNESS_COACH_BUSINESS_KEY', 3, '你是一位专业的 AI 健身减肥教练，请为我制定计划。回答时请包含：1) 健身计划：明确运动类型、每周频率和单次时长；2) 饮食建议：给出每日推荐热量范围，并提供碳水化合物、蛋白质和脂肪的比例。语气保持简洁、专业。', '2025-09-29 10:53:46.878000', '2025-10-09 15:11:53.465000');
INSERT INTO `ai_conversations` VALUES (322, 'FITNESS_COACH_BUSINESS_KEY', 3, '你是一位专业的 AI 健身减肥教练，请为我制定计划。回答时请包含：1) 健身计划：明确运动类型、每周频率和单次时长；2) 饮食建议：给出每日推荐热量范围，并提供碳水化合物、蛋白质和脂肪的比例。语气保持简洁、专业。', '2025-09-29 10:56:36.071000', '2025-10-09 15:11:53.465000');
INSERT INTO `ai_conversations` VALUES (323, 'FITNESS_COACH_BUSINESS_KEY', 3, '你是一位专业的 AI 健身减肥教练，请为我制定计划。回答时请包含：1) 健身计划：明确运动类型、每周频率和单次时长；2) 饮食建议：给出每日推荐热量范围，并提供碳水化合物、蛋白质和脂肪的比例。语气保持简洁、专业。', '2025-09-29 10:59:47.848000', '2025-10-09 15:11:53.465000');
INSERT INTO `ai_conversations` VALUES (324, '[TEMP] ', NULL, NULL, '2025-09-29 16:00:09.994000', '2025-10-16 15:39:42.136000');
INSERT INTO `ai_conversations` VALUES (325, '[TEMP] ', NULL, NULL, '2025-09-29 16:00:09.994000', '2025-10-16 15:39:42.136000');
INSERT INTO `ai_conversations` VALUES (326, 'FITNESS_COACH_BUSINESS_KEY', 3, '你是一位专业的 AI 健身减肥教练，请为我制定计划。回答时请包含：1) 健身计划：明确运动类型、每周频率和单次时长；2) 饮食建议：给出每日推荐热量范围，并提供碳水化合物、蛋白质和脂肪的比例。语气保持简洁、专业。', '2025-09-29 16:56:23.402000', '2025-10-09 15:11:53.465000');
INSERT INTO `ai_conversations` VALUES (327, 'FITNESS_COACH_BUSINESS_KEY', 3, '你是一位专业的 AI 健身减肥教练，请为我制定计划。回答时请包含：1) 健身计划：明确运动类型、每周频率和单次时长；2) 饮食建议：给出每日推荐热量范围，并提供碳水化合物、蛋白质和脂肪的比例。语气保持简洁、专业。', '2025-09-29 16:57:07.623000', '2025-10-09 15:11:53.465000');
INSERT INTO `ai_conversations` VALUES (328, 'FITNESS_COACH_BUSINESS_KEY', 3, '你是一位专业的 AI 健身减肥教练，请为我制定计划。回答时请包含：1) 健身计划：明确运动类型、每周频率和单次时长；2) 饮食建议：给出每日推荐热量范围，并提供碳水化合物、蛋白质和脂肪的比例。语气保持简洁、专业。', '2025-09-29 17:04:36.308000', '2025-10-09 15:11:53.465000');
INSERT INTO `ai_conversations` VALUES (329, 'FITNESS_COACH_BUSINESS_KEY', 3, '你是一位专业的 AI 健身减肥教练，请为我制定计划。回答时请包含：1) 健身计划：明确运动类型、每周频率和单次时长；2) 饮食建议：给出每日推荐热量范围，并提供碳水化合物、蛋白质和脂肪的比例。语气保持简洁、专业。', '2025-09-29 17:22:04.426000', '2025-10-09 15:11:53.465000');
INSERT INTO `ai_conversations` VALUES (330, 'FITNESS_COACH_BUSINESS_KEY', 3, '你是一位专业的 AI 健身减肥教练，请为我制定计划。回答时请包含：1) 健身计划：明确运动类型、每周频率和单次时长；2) 饮食建议：给出每日推荐热量范围，并提供碳水化合物、蛋白质和脂肪的比例。语气保持简洁、专业。', '2025-09-29 17:22:20.790000', '2025-10-09 15:11:53.465000');
INSERT INTO `ai_conversations` VALUES (331, 'FITNESS_COACH_BUSINESS_KEY', 3, '你是一位专业的 AI 健身减肥教练，请为我制定计划。回答时请包含：1) 健身计划：明确运动类型、每周频率和单次时长；2) 饮食建议：给出每日推荐热量范围，并提供碳水化合物、蛋白质和脂肪的比例。语气保持简洁、专业。', '2025-09-29 17:22:22.249000', '2025-10-09 15:11:53.465000');
INSERT INTO `ai_conversations` VALUES (332, 'FITNESS_COACH_BUSINESS_KEY', 3, '你是一位专业的 AI 健身减肥教练，请为我制定计划。回答时请包含：1) 健身计划：明确运动类型、每周频率和单次时长；2) 饮食建议：给出每日推荐热量范围，并提供碳水化合物、蛋白质和脂肪的比例。语气保持简洁、专业。', '2025-09-29 17:49:02.122000', '2025-10-09 15:11:53.465000');
INSERT INTO `ai_conversations` VALUES (333, '[TEMP] ', NULL, NULL, '2025-10-02 23:58:21.263000', '2025-10-16 15:39:42.136000');
INSERT INTO `ai_conversations` VALUES (334, '[TEMP] ', NULL, NULL, '2025-10-02 23:58:21.263000', '2025-10-16 15:39:42.136000');
INSERT INTO `ai_conversations` VALUES (335, 'FITNESS_COACH_BUSINESS_KEY', 3, '你是一位专业的 AI 健身减肥教练，请为我制定计划。回答时请包含：1) 健身计划：明确运动类型、每周频率和单次时长；2) 饮食建议：给出每日推荐热量范围，并提供碳水化合物、蛋白质和脂肪的比例。语气保持简洁、专业。', '2025-10-03 00:00:06.732000', '2025-10-09 15:11:53.465000');
INSERT INTO `ai_conversations` VALUES (336, 'FITNESS_COACH_BUSINESS_KEY', 3, '你是一位专业的 AI 健身减肥教练，请为我制定计划。回答时请包含：1) 健身计划：明确运动类型、每周频率和单次时长；2) 饮食建议：给出每日推荐热量范围，并提供碳水化合物、蛋白质和脂肪的比例。语气保持简洁、专业。', '2025-10-03 00:00:10.549000', '2025-10-09 15:11:53.465000');
INSERT INTO `ai_conversations` VALUES (337, 'FITNESS_COACH_BUSINESS_KEY', 3, '你是一位专业的 AI 健身减肥教练，请为我制定计划。回答时请包含：1) 健身计划：明确运动类型、每周频率和单次时长；2) 饮食建议：给出每日推荐热量范围，并提供碳水化合物、蛋白质和脂肪的比例。语气保持简洁、专业。', '2025-10-03 00:00:11.178000', '2025-10-09 15:11:53.465000');
INSERT INTO `ai_conversations` VALUES (338, 'FITNESS_COACH_BUSINESS_KEY', 3, '你是一位专业的 AI 健身减肥教练，请为我制定计划。回答时请包含：1) 健身计划：明确运动类型、每周频率和单次时长；2) 饮食建议：给出每日推荐热量范围，并提供碳水化合物、蛋白质和脂肪的比例。语气保持简洁、专业。', '2025-10-03 00:03:29.599000', '2025-10-09 15:11:53.465000');
INSERT INTO `ai_conversations` VALUES (339, 'FITNESS_COACH_BUSINESS_KEY', 3, '你是一位专业的 AI 健身减肥教练，请为我制定计划。回答时请包含：1) 健身计划：明确运动类型、每周频率和单次时长；2) 饮食建议：给出每日推荐热量范围，并提供碳水化合物、蛋白质和脂肪的比例。语气保持简洁、专业。', '2025-10-03 00:03:38.063000', '2025-10-09 15:11:53.465000');
INSERT INTO `ai_conversations` VALUES (340, 'FITNESS_COACH_BUSINESS_KEY', 3, '你是一位专业的 AI 健身减肥教练，请为我制定计划。回答时请包含：1) 健身计划：明确运动类型、每周频率和单次时长；2) 饮食建议：给出每日推荐热量范围，并提供碳水化合物、蛋白质和脂肪的比例。语气保持简洁、专业。', '2025-10-03 00:03:38.785000', '2025-10-09 15:11:53.465000');
INSERT INTO `ai_conversations` VALUES (341, 'FITNESS_COACH_BUSINESS_KEY', 3, '你是一位专业的 AI 健身减肥教练，请为我制定计划。回答时请包含：1) 健身计划：明确运动类型、每周频率和单次时长；2) 饮食建议：给出每日推荐热量范围，并提供碳水化合物、蛋白质和脂肪的比例。语气保持简洁、专业。', '2025-10-03 00:03:39.512000', '2025-10-09 15:11:53.465000');
INSERT INTO `ai_conversations` VALUES (342, 'FITNESS_COACH_BUSINESS_KEY', 3, '你是一位专业的 AI 健身减肥教练，请为我制定计划。回答时请包含：1) 健身计划：明确运动类型、每周频率和单次时长；2) 饮食建议：给出每日推荐热量范围，并提供碳水化合物、蛋白质和脂肪的比例。语气保持简洁、专业。', '2025-10-03 00:03:40.193000', '2025-10-09 15:11:53.465000');
INSERT INTO `ai_conversations` VALUES (343, 'FITNESS_COACH_BUSINESS_KEY', 3, '你是一位专业的 AI 健身减肥教练，请为我制定计划。回答时请包含：1) 健身计划：明确运动类型、每周频率和单次时长；2) 饮食建议：给出每日推荐热量范围，并提供碳水化合物、蛋白质和脂肪的比例。语气保持简洁、专业。', '2025-10-03 00:03:41.055000', '2025-10-09 15:11:53.465000');
INSERT INTO `ai_conversations` VALUES (344, 'FITNESS_COACH_BUSINESS_KEY', 3, '你是一位专业的 AI 健身减肥教练，请为我制定计划。回答时请包含：1) 健身计划：明确运动类型、每周频率和单次时长；2) 饮食建议：给出每日推荐热量范围，并提供碳水化合物、蛋白质和脂肪的比例。语气保持简洁、专业。', '2025-10-03 00:03:41.639000', '2025-10-09 15:11:53.465000');
INSERT INTO `ai_conversations` VALUES (345, 'FITNESS_COACH_BUSINESS_KEY', 3, '你是一位专业的 AI 健身减肥教练，请为我制定计划。回答时请包含：1) 健身计划：明确运动类型、每周频率和单次时长；2) 饮食建议：给出每日推荐热量范围，并提供碳水化合物、蛋白质和脂肪的比例。语气保持简洁、专业。', '2025-10-03 00:03:42.242000', '2025-10-09 15:11:53.465000');
INSERT INTO `ai_conversations` VALUES (346, 'FITNESS_COACH_BUSINESS_KEY', 3, '你是一位专业的 AI 健身减肥教练，请为我制定计划。回答时请包含：1) 健身计划：明确运动类型、每周频率和单次时长；2) 饮食建议：给出每日推荐热量范围，并提供碳水化合物、蛋白质和脂肪的比例。语气保持简洁、专业。', '2025-10-03 00:03:42.913000', '2025-10-09 15:11:53.465000');
INSERT INTO `ai_conversations` VALUES (347, 'FITNESS_COACH_BUSINESS_KEY', 3, '你是一位专业的 AI 健身减肥教练，请为我制定计划。回答时请包含：1) 健身计划：明确运动类型、每周频率和单次时长；2) 饮食建议：给出每日推荐热量范围，并提供碳水化合物、蛋白质和脂肪的比例。语气保持简洁、专业。', '2025-10-03 00:03:43.493000', '2025-10-09 15:11:53.465000');
INSERT INTO `ai_conversations` VALUES (348, 'FITNESS_COACH_BUSINESS_KEY', 3, '你是一位专业的 AI 健身减肥教练，请为我制定计划。回答时请包含：1) 健身计划：明确运动类型、每周频率和单次时长；2) 饮食建议：给出每日推荐热量范围，并提供碳水化合物、蛋白质和脂肪的比例。语气保持简洁、专业。', '2025-10-03 00:03:44.119000', '2025-10-09 15:11:53.465000');
INSERT INTO `ai_conversations` VALUES (349, 'FITNESS_COACH_BUSINESS_KEY', 3, '你是一位专业的 AI 健身减肥教练，请为我制定计划。回答时请包含：1) 健身计划：明确运动类型、每周频率和单次时长；2) 饮食建议：给出每日推荐热量范围，并提供碳水化合物、蛋白质和脂肪的比例。语气保持简洁、专业。', '2025-10-03 00:03:44.698000', '2025-10-09 15:11:53.465000');
INSERT INTO `ai_conversations` VALUES (350, 'FITNESS_COACH_BUSINESS_KEY', 3, '你是一位专业的 AI 健身减肥教练，请为我制定计划。回答时请包含：1) 健身计划：明确运动类型、每周频率和单次时长；2) 饮食建议：给出每日推荐热量范围，并提供碳水化合物、蛋白质和脂肪的比例。语气保持简洁、专业。', '2025-10-03 00:03:45.304000', '2025-10-09 15:11:53.465000');
INSERT INTO `ai_conversations` VALUES (351, 'FITNESS_COACH_BUSINESS_KEY', 3, '你是一位专业的 AI 健身减肥教练，请为我制定计划。回答时请包含：1) 健身计划：明确运动类型、每周频率和单次时长；2) 饮食建议：给出每日推荐热量范围，并提供碳水化合物、蛋白质和脂肪的比例。语气保持简洁、专业。', '2025-10-03 00:03:48.921000', '2025-10-09 15:11:53.465000');
INSERT INTO `ai_conversations` VALUES (352, 'FITNESS_COACH_BUSINESS_KEY', 3, '你是一位专业的 AI 健身减肥教练，请为我制定计划。回答时请包含：1) 健身计划：明确运动类型、每周频率和单次时长；2) 饮食建议：给出每日推荐热量范围，并提供碳水化合物、蛋白质和脂肪的比例。语气保持简洁、专业。', '2025-10-03 00:19:19.022000', '2025-10-09 15:11:53.465000');
INSERT INTO `ai_conversations` VALUES (353, 'FITNESS_COACH_BUSINESS_KEY', 3, '你是一位专业的 AI 健身减肥教练，请为我制定计划。回答时请包含：1) 健身计划：明确运动类型、每周频率和单次时长；2) 饮食建议：给出每日推荐热量范围，并提供碳水化合物、蛋白质和脂肪的比例。语气保持简洁、专业。', '2025-10-03 00:35:34.901000', '2025-10-09 15:11:53.465000');
INSERT INTO `ai_conversations` VALUES (354, 'FITNESS_COACH_BUSINESS_KEY', 3, '你是一位专业的 AI 健身减肥教练，请为我制定计划。回答时请包含：1) 健身计划：明确运动类型、每周频率和单次时长；2) 饮食建议：给出每日推荐热量范围，并提供碳水化合物、蛋白质和脂肪的比例。语气保持简洁、专业。', '2025-10-03 00:35:40.949000', '2025-10-09 15:11:53.465000');
INSERT INTO `ai_conversations` VALUES (355, 'FITNESS_COACH_BUSINESS_KEY', 3, '你是一位专业的 AI 健身减肥教练，请为我制定计划。回答时请包含：1) 健身计划：明确运动类型、每周频率和单次时长；2) 饮食建议：给出每日推荐热量范围，并提供碳水化合物、蛋白质和脂肪的比例。语气保持简洁、专业。', '2025-10-03 00:35:43.200000', '2025-10-09 15:11:53.465000');
INSERT INTO `ai_conversations` VALUES (356, 'FITNESS_COACH_BUSINESS_KEY', 3, '你是一位专业的 AI 健身减肥教练，请为我制定计划。回答时请包含：1) 健身计划：明确运动类型、每周频率和单次时长；2) 饮食建议：给出每日推荐热量范围，并提供碳水化合物、蛋白质和脂肪的比例。语气保持简洁、专业。', '2025-10-03 00:35:43.798000', '2025-10-09 15:11:53.465000');
INSERT INTO `ai_conversations` VALUES (357, 'FITNESS_COACH_BUSINESS_KEY', 3, '你是一位专业的 AI 健身减肥教练，请为我制定计划。回答时请包含：1) 健身计划：明确运动类型、每周频率和单次时长；2) 饮食建议：给出每日推荐热量范围，并提供碳水化合物、蛋白质和脂肪的比例。语气保持简洁、专业。', '2025-10-03 00:35:44.544000', '2025-10-09 15:11:53.465000');
INSERT INTO `ai_conversations` VALUES (358, 'FITNESS_COACH_BUSINESS_KEY', 3, '你是一位专业的 AI 健身减肥教练，请为我制定计划。回答时请包含：1) 健身计划：明确运动类型、每周频率和单次时长；2) 饮食建议：给出每日推荐热量范围，并提供碳水化合物、蛋白质和脂肪的比例。语气保持简洁、专业。', '2025-10-03 00:35:45.192000', '2025-10-09 15:11:53.465000');
INSERT INTO `ai_conversations` VALUES (359, 'FITNESS_COACH_BUSINESS_KEY', 3, '你是一位专业的 AI 健身减肥教练，请为我制定计划。回答时请包含：1) 健身计划：明确运动类型、每周频率和单次时长；2) 饮食建议：给出每日推荐热量范围，并提供碳水化合物、蛋白质和脂肪的比例。语气保持简洁、专业。', '2025-10-03 00:35:45.903000', '2025-10-09 15:11:53.465000');
INSERT INTO `ai_conversations` VALUES (360, 'FITNESS_COACH_BUSINESS_KEY', 3, '你是一位专业的 AI 健身减肥教练，请为我制定计划。回答时请包含：1) 健身计划：明确运动类型、每周频率和单次时长；2) 饮食建议：给出每日推荐热量范围，并提供碳水化合物、蛋白质和脂肪的比例。语气保持简洁、专业。', '2025-10-03 00:35:48.140000', '2025-10-09 15:11:53.465000');
INSERT INTO `ai_conversations` VALUES (361, 'FITNESS_COACH_BUSINESS_KEY', 3, '你是一位专业的 AI 健身减肥教练，请为我制定计划。回答时请包含：1) 健身计划：明确运动类型、每周频率和单次时长；2) 饮食建议：给出每日推荐热量范围，并提供碳水化合物、蛋白质和脂肪的比例。语气保持简洁、专业。', '2025-10-03 00:39:33.538000', '2025-10-09 15:11:53.465000');
INSERT INTO `ai_conversations` VALUES (362, 'FITNESS_COACH_BUSINESS_KEY', 3, '你是一位专业的 AI 健身减肥教练，请为我制定计划。回答时请包含：1) 健身计划：明确运动类型、每周频率和单次时长；2) 饮食建议：给出每日推荐热量范围，并提供碳水化合物、蛋白质和脂肪的比例。语气保持简洁、专业。', '2025-10-03 00:40:33.249000', '2025-10-09 15:11:53.465000');
INSERT INTO `ai_conversations` VALUES (363, 'FITNESS_COACH_BUSINESS_KEY', 3, '你是一位专业的 AI 健身减肥教练，请为我制定计划。回答时请包含：1) 健身计划：明确运动类型、每周频率和单次时长；2) 饮食建议：给出每日推荐热量范围，并提供碳水化合物、蛋白质和脂肪的比例。语气保持简洁、专业。', '2025-10-03 00:41:44.393000', '2025-10-09 15:11:53.465000');
INSERT INTO `ai_conversations` VALUES (364, 'FITNESS_COACH_BUSINESS_KEY', 3, '你是一位专业的 AI 健身减肥教练，请为我制定计划。回答时请包含：1) 健身计划：明确运动类型、每周频率和单次时长；2) 饮食建议：给出每日推荐热量范围，并提供碳水化合物、蛋白质和脂肪的比例。语气保持简洁、专业。', '2025-10-03 00:42:24.960000', '2025-10-09 15:11:53.465000');
INSERT INTO `ai_conversations` VALUES (365, 'FITNESS_COACH_BUSINESS_KEY', 3, '你是一位专业的 AI 健身减肥教练，请为我制定计划。回答时请包含：1) 健身计划：明确运动类型、每周频率和单次时长；2) 饮食建议：给出每日推荐热量范围，并提供碳水化合物、蛋白质和脂肪的比例。语气保持简洁、专业。', '2025-10-03 00:44:09.824000', '2025-10-09 15:11:53.465000');
INSERT INTO `ai_conversations` VALUES (366, 'FITNESS_COACH_BUSINESS_KEY', 3, '你是一位专业的 AI 健身减肥教练，请为我制定计划。回答时请包含：1) 健身计划：明确运动类型、每周频率和单次时长；2) 饮食建议：给出每日推荐热量范围，并提供碳水化合物、蛋白质和脂肪的比例。语气保持简洁、专业。', '2025-10-03 00:46:30.822000', '2025-10-09 15:11:53.465000');
INSERT INTO `ai_conversations` VALUES (367, 'FITNESS_COACH_BUSINESS_KEY', 3, '你是一位专业的 AI 健身减肥教练，请为我制定计划。回答时请包含：1) 健身计划：明确运动类型、每周频率和单次时长；2) 饮食建议：给出每日推荐热量范围，并提供碳水化合物、蛋白质和脂肪的比例。语气保持简洁、专业。', '2025-10-03 00:46:54.963000', '2025-10-09 15:11:53.465000');
INSERT INTO `ai_conversations` VALUES (368, 'FITNESS_COACH_BUSINESS_KEY', 3, '你是一位专业的 AI 健身减肥教练，请为我制定计划。回答时请包含：1) 健身计划：明确运动类型、每周频率和单次时长；2) 饮食建议：给出每日推荐热量范围，并提供碳水化合物、蛋白质和脂肪的比例。语气保持简洁、专业。', '2025-10-03 00:50:54.398000', '2025-10-09 15:11:53.465000');
INSERT INTO `ai_conversations` VALUES (369, 'FITNESS_COACH_BUSINESS_KEY', 3, '你是一位专业的 AI 健身减肥教练，请为我制定计划。回答时请包含：1) 健身计划：明确运动类型、每周频率和单次时长；2) 饮食建议：给出每日推荐热量范围，并提供碳水化合物、蛋白质和脂肪的比例。语气保持简洁、专业。', '2025-10-03 00:50:59.748000', '2025-10-09 15:11:53.465000');
INSERT INTO `ai_conversations` VALUES (370, 'FITNESS_COACH_BUSINESS_KEY', 3, '你是一位专业的 AI 健身减肥教练，请为我制定计划。回答时请包含：1) 健身计划：明确运动类型、每周频率和单次时长；2) 饮食建议：给出每日推荐热量范围，并提供碳水化合物、蛋白质和脂肪的比例。语气保持简洁、专业。', '2025-10-03 00:51:01.612000', '2025-10-09 15:11:53.465000');
INSERT INTO `ai_conversations` VALUES (371, 'FITNESS_COACH_BUSINESS_KEY', 3, '你是一位专业的 AI 健身减肥教练，请为我制定计划。回答时请包含：1) 健身计划：明确运动类型、每周频率和单次时长；2) 饮食建议：给出每日推荐热量范围，并提供碳水化合物、蛋白质和脂肪的比例。语气保持简洁、专业。', '2025-10-03 00:51:02.164000', '2025-10-09 15:11:53.465000');
INSERT INTO `ai_conversations` VALUES (372, 'FITNESS_COACH_BUSINESS_KEY', 3, '你是一位专业的 AI 健身减肥教练，请为我制定计划。回答时请包含：1) 健身计划：明确运动类型、每周频率和单次时长；2) 饮食建议：给出每日推荐热量范围，并提供碳水化合物、蛋白质和脂肪的比例。语气保持简洁、专业。', '2025-10-03 00:51:02.366000', '2025-10-09 15:11:53.465000');
INSERT INTO `ai_conversations` VALUES (373, 'FITNESS_COACH_BUSINESS_KEY', 3, '你是一位专业的 AI 健身减肥教练，请为我制定计划。回答时请包含：1) 健身计划：明确运动类型、每周频率和单次时长；2) 饮食建议：给出每日推荐热量范围，并提供碳水化合物、蛋白质和脂肪的比例。语气保持简洁、专业。', '2025-10-03 00:51:02.531000', '2025-10-09 15:11:53.465000');
INSERT INTO `ai_conversations` VALUES (374, '[TEMP] ', NULL, NULL, '2025-10-05 09:55:22.326000', '2025-10-16 15:39:42.136000');
INSERT INTO `ai_conversations` VALUES (375, '[TEMP] ', NULL, NULL, '2025-10-05 09:55:22.326000', '2025-10-16 15:39:42.136000');
INSERT INTO `ai_conversations` VALUES (376, 'FITNESS_COACH_BUSINESS_KEY', 9, '你是一位专业的 AI 健身减肥教练，请为我制定计划。回答时请包含：1) 健身计划：明确运动类型、每周频率和单次时长；2) 饮食建议：给出每日推荐热量范围，并提供碳水化合物、蛋白质和脂肪的比例。语气保持简洁、专业。', '2025-10-05 09:55:39.844000', '2025-10-09 15:11:53.465000');
INSERT INTO `ai_conversations` VALUES (377, '[TEMP] ', NULL, NULL, '2025-10-05 14:21:46.559000', '2025-10-16 15:39:42.136000');
INSERT INTO `ai_conversations` VALUES (378, '[TEMP] ', NULL, NULL, '2025-10-05 14:21:46.595000', '2025-10-16 15:39:42.136000');
INSERT INTO `ai_conversations` VALUES (379, 'FITNESS_COACH_BUSINESS_KEY', 3, '你是一位专业的 AI 健身减肥教练，请为我制定计划。回答时请包含：1) 健身计划：明确运动类型、每周频率和单次时长；2) 饮食建议：给出每日推荐热量范围，并提供碳水化合物、蛋白质和脂肪的比例。语气保持简洁、专业。', '2025-10-05 14:22:21.991000', '2025-10-09 15:11:53.465000');
INSERT INTO `ai_conversations` VALUES (380, 'FITNESS_COACH_BUSINESS_KEY', 3, '你是一位专业的 AI 健身减肥教练，请为我制定计划。回答时请包含：1) 健身计划：明确运动类型、每周频率和单次时长；2) 饮食建议：给出每日推荐热量范围，并提供碳水化合物、蛋白质和脂肪的比例。语气保持简洁、专业。', '2025-10-05 14:22:28.619000', '2025-10-09 15:11:53.465000');
INSERT INTO `ai_conversations` VALUES (381, '[TEMP] ', NULL, NULL, '2025-10-08 15:35:25.567000', '2025-10-16 15:39:42.136000');
INSERT INTO `ai_conversations` VALUES (382, '[TEMP] ', NULL, NULL, '2025-10-08 15:35:25.567000', '2025-10-16 15:39:42.136000');
INSERT INTO `ai_conversations` VALUES (383, 'FITNESS_COACH_BUSINESS_KEY', 3, '你是一位专业的 AI 健身减肥教练，请为我制定计划。回答时请包含：1) 健身计划：明确运动类型、每周频率和单次时长；2) 饮食建议：给出每日推荐热量范围，并提供碳水化合物、蛋白质和脂肪的比例。语气保持简洁、专业。', '2025-10-08 15:36:58.066000', '2025-10-09 15:11:53.465000');
INSERT INTO `ai_conversations` VALUES (384, 'FITNESS_COACH_BUSINESS_KEY', 3, '你是一位专业的 AI 健身减肥教练，请为我制定计划。回答时请包含：1) 健身计划：明确运动类型、每周频率和单次时长；2) 饮食建议：给出每日推荐热量范围，并提供碳水化合物、蛋白质和脂肪的比例。语气保持简洁、专业。', '2025-10-08 15:36:59.355000', '2025-10-09 15:11:53.465000');
INSERT INTO `ai_conversations` VALUES (385, 'FITNESS_COACH_BUSINESS_KEY', 3, '你是一位专业的 AI 健身减肥教练，请为我制定计划。回答时请包含：1) 健身计划：明确运动类型、每周频率和单次时长；2) 饮食建议：给出每日推荐热量范围，并提供碳水化合物、蛋白质和脂肪的比例。语气保持简洁、专业。', '2025-10-08 15:37:01.388000', '2025-10-09 15:11:53.465000');
INSERT INTO `ai_conversations` VALUES (386, 'FITNESS_COACH_BUSINESS_KEY', 3, '你是一位专业的 AI 健身减肥教练，请为我制定计划。回答时请包含：1) 健身计划：明确运动类型、每周频率和单次时长；2) 饮食建议：给出每日推荐热量范围，并提供碳水化合物、蛋白质和脂肪的比例。语气保持简洁、专业。', '2025-10-08 15:37:50.385000', '2025-10-09 15:11:53.465000');
INSERT INTO `ai_conversations` VALUES (387, '[TEMP] ', NULL, NULL, '2025-10-09 11:11:38.148000', '2025-10-16 15:39:42.136000');
INSERT INTO `ai_conversations` VALUES (388, '[TEMP] ', NULL, NULL, '2025-10-09 11:11:38.148000', '2025-10-16 15:39:42.136000');
INSERT INTO `ai_conversations` VALUES (389, 'FITNESS_COACH_BUSINESS_KEY', 3, '你是一位专业的 AI 健身减肥教练，请为我制定计划。回答时请包含：1) 健身计划：明确运动类型、每周频率和单次时长；2) 饮食建议：给出每日推荐热量范围，并提供碳水化合物、蛋白质和脂肪的比例。语气保持简洁、专业。', '2025-10-09 11:14:22.465000', '2025-10-09 15:11:53.465000');
INSERT INTO `ai_conversations` VALUES (390, 'FITNESS_COACH_BUSINESS_KEY', 3, '你是一位专业的 AI 健身减肥教练，请为我制定计划。回答时请包含：1) 健身计划：明确运动类型、每周频率和单次时长；2) 饮食建议：给出每日推荐热量范围，并提供碳水化合物、蛋白质和脂肪的比例。语气保持简洁、专业。', '2025-10-09 11:14:33.236000', '2025-10-09 15:11:53.465000');
INSERT INTO `ai_conversations` VALUES (391, 'FITNESS_COACH_BUSINESS_KEY', 3, '你是一位专业的 AI 健身减肥教练，请为我制定计划。回答时请包含：1) 健身计划：明确运动类型、每周频率和单次时长；2) 饮食建议：给出每日推荐热量范围，并提供碳水化合物、蛋白质和脂肪的比例。语气保持简洁、专业。', '2025-10-09 11:18:13.131000', '2025-10-09 15:11:53.465000');
INSERT INTO `ai_conversations` VALUES (392, 'FITNESS_COACH_BUSINESS_KEY', 3, '你是一位专业的 AI 健身减肥教练，请为我制定计划。回答时请包含：1) 健身计划：明确运动类型、每周频率和单次时长；2) 饮食建议：给出每日推荐热量范围，并提供碳水化合物、蛋白质和脂肪的比例。语气保持简洁、专业。', '2025-10-09 11:28:30.759000', '2025-10-09 15:11:53.465000');
INSERT INTO `ai_conversations` VALUES (393, 'FITNESS_COACH_BUSINESS_KEY', 3, '你是一位专业的 AI 健身减肥教练，请为我制定计划。回答时请包含：1) 健身计划：明确运动类型、每周频率和单次时长；2) 饮食建议：给出每日推荐热量范围，并提供碳水化合物、蛋白质和脂肪的比例。语气保持简洁、专业。', '2025-10-09 13:52:38.280000', '2025-10-09 15:11:53.465000');
INSERT INTO `ai_conversations` VALUES (394, 'FITNESS_COACH_BUSINESS_KEY', 3, '你是一位专业的 AI 健身减肥教练，请为我制定计划。回答时请包含：1) 健身计划：明确运动类型、每周频率和单次时长；2) 饮食建议：给出每日推荐热量范围，并提供碳水化合物、蛋白质和脂肪的比例。语气保持简洁、专业。', '2025-10-09 14:04:16.066000', '2025-10-09 15:11:53.465000');
INSERT INTO `ai_conversations` VALUES (395, 'FITNESS_COACH_BUSINESS_KEY', 3, '你是一位专业的 AI 健身减肥教练，请为我制定计划。回答时请包含：1) 健身计划：明确运动类型、每周频率和单次时长；2) 饮食建议：给出每日推荐热量范围，并提供碳水化合物、蛋白质和脂肪的比例。语气保持简洁、专业。', '2025-10-09 14:10:22.323000', '2025-10-09 15:11:53.465000');
INSERT INTO `ai_conversations` VALUES (396, 'FITNESS_COACH_BUSINESS_KEY', 3, '你是一位专业的 AI 健身减肥教练，请为我制定计划。回答时请包含：1) 健身计划：明确运动类型、每周频率和单次时长；2) 饮食建议：给出每日推荐热量范围，并提供碳水化合物、蛋白质和脂肪的比例。语气保持简洁、专业。', '2025-10-09 14:16:34.866000', '2025-10-09 15:11:53.465000');
INSERT INTO `ai_conversations` VALUES (397, 'FITNESS_COACH_BUSINESS_KEY', 3, '你是一位专业的 AI 健身减肥教练，请为我制定计划。回答时请包含：1) 健身计划：明确运动类型、每周频率和单次时长；2) 饮食建议：给出每日推荐热量范围，并提供碳水化合物、蛋白质和脂肪的比例。语气保持简洁、专业。', '2025-10-09 14:17:36.433000', '2025-10-09 15:11:53.465000');
INSERT INTO `ai_conversations` VALUES (398, 'FITNESS_COACH_BUSINESS_KEY', 3, '你是一位专业的 AI 健身减肥教练，请为我制定计划。回答时请包含：1) 健身计划：明确运动类型、每周频率和单次时长；2) 饮食建议：给出每日推荐热量范围，并提供碳水化合物、蛋白质和脂肪的比例。语气保持简洁、专业。', '2025-10-09 14:20:33.554000', '2025-10-09 15:11:53.465000');
INSERT INTO `ai_conversations` VALUES (399, 'FITNESS_COACH_BUSINESS_KEY', 3, '你是一位专业的 AI 健身减肥教练，请为我制定计划。回答时请包含：1) 健身计划：明确运动类型、每周频率和单次时长；2) 饮食建议：给出每日推荐热量范围，并提供碳水化合物、蛋白质和脂肪的比例。语气保持简洁、专业。', '2025-10-09 14:22:20.693000', '2025-10-09 15:11:53.465000');
INSERT INTO `ai_conversations` VALUES (400, 'FITNESS_COACH_BUSINESS_KEY', 3, '你是一位专业的 AI 健身减肥教练，请为我制定计划。回答时请包含：1) 健身计划：明确运动类型、每周频率和单次时长；2) 饮食建议：给出每日推荐热量范围，并提供碳水化合物、蛋白质和脂肪的比例。语气保持简洁、专业。', '2025-10-09 14:23:28.315000', '2025-10-09 15:11:53.465000');
INSERT INTO `ai_conversations` VALUES (401, 'FITNESS_COACH_BUSINESS_KEY', 3, '你是一位专业的 AI 健身减肥教练，请为我制定计划。回答时请包含：1) 健身计划：明确运动类型、每周频率和单次时长；2) 饮食建议：给出每日推荐热量范围，并提供碳水化合物、蛋白质和脂肪的比例。语气保持简洁、专业。', '2025-10-09 14:35:14.645000', '2025-10-09 15:11:53.465000');
INSERT INTO `ai_conversations` VALUES (402, 'FITNESS_COACH_BUSINESS_KEY', 3, '你是一位专业的 AI 健身减肥教练，请为我制定计划。回答时请包含：1) 健身计划：明确运动类型、每周频率和单次时长；2) 饮食建议：给出每日推荐热量范围，并提供碳水化合物、蛋白质和脂肪的比例。语气保持简洁、专业。', '2025-10-09 14:37:59.993000', '2025-10-09 15:11:53.465000');
INSERT INTO `ai_conversations` VALUES (403, 'FITNESS_COACH_BUSINESS_KEY', 3, '你是一位专业的 AI 健身减肥教练，请为我制定计划。回答时请包含：1) 健身计划：明确运动类型、每周频率和单次时长；2) 饮食建议：给出每日推荐热量范围，并提供碳水化合物、蛋白质和脂肪的比例。语气保持简洁、专业。', '2025-10-09 14:42:07.526000', '2025-10-09 15:11:53.465000');
INSERT INTO `ai_conversations` VALUES (404, 'FITNESS_COACH_BUSINESS_KEY', 3, '你是一位专业的 AI 健身减肥教练，请为我制定计划。回答时请包含：1) 健身计划：明确运动类型、每周频率和单次时长；2) 饮食建议：给出每日推荐热量范围，并提供碳水化合物、蛋白质和脂肪的比例。语气保持简洁、专业。', '2025-10-09 14:46:00.905000', '2025-10-09 15:11:53.465000');
INSERT INTO `ai_conversations` VALUES (405, 'FITNESS_COACH_BUSINESS_KEY', 3, '你是一位专业的 AI 健身减肥教练，请为我制定计划。回答时请包含：1) 健身计划：明确运动类型、每周频率和单次时长；2) 饮食建议：给出每日推荐热量范围，并提供碳水化合物、蛋白质和脂肪的比例。语气保持简洁、专业。', '2025-10-09 14:48:04.835000', '2025-10-09 15:11:53.465000');
INSERT INTO `ai_conversations` VALUES (406, 'FITNESS_COACH_BUSINESS_KEY', 3, '你是一位专业的 AI 健身减肥教练，请为我制定计划。回答时请包含：1) 健身计划：明确运动类型、每周频率和单次时长；2) 饮食建议：给出每日推荐热量范围，并提供碳水化合物、蛋白质和脂肪的比例。语气保持简洁、专业。', '2025-10-09 14:55:54.926000', '2025-10-09 15:11:53.465000');
INSERT INTO `ai_conversations` VALUES (407, 'FITNESS_COACH_BUSINESS_KEY', 3, '你是一位专业的 AI 健身减肥教练，请为我制定计划。回答时请包含：1) 健身计划：明确运动类型、每周频率和单次时长；2) 饮食建议：给出每日推荐热量范围，并提供碳水化合物、蛋白质和脂肪的比例。语气保持简洁、专业。', '2025-10-09 15:00:45.529000', '2025-10-09 15:11:53.465000');
INSERT INTO `ai_conversations` VALUES (408, 'FITNESS_COACH_BUSINESS_KEY', 3, '你是一位专业的 AI 健身减肥教练，请为我制定计划。回答时请包含：1) 健身计划：明确运动类型、每周频率和单次时长；2) 饮食建议：给出每日推荐热量范围，并提供碳水化合物、蛋白质和脂肪的比例。语气保持简洁、专业。', '2025-10-09 15:06:31.250000', '2025-10-09 15:11:53.465000');
INSERT INTO `ai_conversations` VALUES (409, 'FITNESS_COACH_BUSINESS_KEY', 3, '你是一位专业的 AI 健身减肥教练，请为我制定计划。回答时请包含：1) 健身计划：明确运动类型、每周频率和单次时长；2) 饮食建议：给出每日推荐热量范围，并提供碳水化合物、蛋白质和脂肪的比例。语气保持简洁、专业。', '2025-10-09 15:11:34.232000', '2025-10-09 15:11:53.465000');
INSERT INTO `ai_conversations` VALUES (410, 'FITNESS_COACH_BUSINESS_KEY', 3, '你是一位专业的 AI 健身减肥教练，请为我制定计划。回答时请包含：1) 健身计划：明确运动类型、每周频率和单次时长；2) 饮食建议：给出每日推荐热量范围，并提供碳水化合物、蛋白质和脂肪的比例。语气保持简洁、专业。', '2025-10-09 15:19:34.563000', '2025-10-09 15:19:34.563000');
INSERT INTO `ai_conversations` VALUES (411, '[TEMP] ', NULL, NULL, '2025-10-10 10:56:11.322000', '2025-10-16 15:39:42.136000');
INSERT INTO `ai_conversations` VALUES (412, '[TEMP] ', NULL, NULL, '2025-10-10 10:56:11.322000', '2025-10-16 15:39:42.136000');
INSERT INTO `ai_conversations` VALUES (413, '[TEMP] ', NULL, NULL, '2025-10-16 09:40:42.790000', '2025-10-16 15:39:42.136000');
INSERT INTO `ai_conversations` VALUES (414, '[TEMP] ', NULL, NULL, '2025-10-16 09:40:42.790000', '2025-10-16 15:39:42.136000');
INSERT INTO `ai_conversations` VALUES (415, '[TEMP] ', NULL, NULL, '2025-10-16 14:05:22.183000', '2025-10-16 15:39:42.136000');
INSERT INTO `ai_conversations` VALUES (416, '[TEMP] ', NULL, NULL, '2025-10-16 14:07:27.290000', '2025-10-16 15:39:42.136000');
INSERT INTO `ai_conversations` VALUES (417, '[TEMP] ', NULL, NULL, '2025-10-16 15:39:29.960000', '2025-10-16 15:39:42.136000');
INSERT INTO `ai_conversations` VALUES (418, 'FITNESS_COACH_BUSINESS_KEY', 3, '你是一位专业的 AI 健身减肥教练，请为我制定计划。回答时请包含：1) 健身计划：明确运动类型、每周频率和单次时长；2) 饮食建议：给出每日推荐热量范围，并提供碳水化合物、蛋白质和脂肪的比例。语气保持简洁、专业。', '2025-10-16 19:02:03.070000', '2025-10-16 19:02:03.070000');
INSERT INTO `ai_conversations` VALUES (419, 'FITNESS_COACH_BUSINESS_KEY', 3, '你是一位专业的 AI 健身减肥教练，请为我制定计划。回答时请包含：1) 健身计划：明确运动类型、每周频率和单次时长；2) 饮食建议：给出每日推荐热量范围，并提供碳水化合物、蛋白质和脂肪的比例。语气保持简洁、专业。', '2025-10-16 19:02:46.702000', '2025-10-16 19:02:46.702000');
INSERT INTO `ai_conversations` VALUES (420, 'FITNESS_COACH_BUSINESS_KEY', 3, '你是一位专业的 AI 健身减肥教练，请为我制定计划。回答时请包含：1) 健身计划：明确运动类型、每周频率和单次时长；2) 饮食建议：给出每日推荐热量范围，并提供碳水化合物、蛋白质和脂肪的比例。语气保持简洁、专业。', '2025-10-16 19:02:49.618000', '2025-10-16 19:02:49.618000');
INSERT INTO `ai_conversations` VALUES (421, 'FITNESS_COACH_BUSINESS_KEY', 3, '你是一位专业的 AI 健身减肥教练，请为我制定计划。回答时请包含：1) 健身计划：明确运动类型、每周频率和单次时长；2) 饮食建议：给出每日推荐热量范围，并提供碳水化合物、蛋白质和脂肪的比例。语气保持简洁、专业。', '2025-10-16 19:04:02.860000', '2025-10-16 19:04:02.860000');
INSERT INTO `ai_conversations` VALUES (422, 'FITNESS_COACH_BUSINESS_KEY', 3, '你是一位专业的 AI 健身减肥教练，请为我制定计划。回答时请包含：1) 健身计划：明确运动类型、每周频率和单次时长；2) 饮食建议：给出每日推荐热量范围，并提供碳水化合物、蛋白质和脂肪的比例。语气保持简洁、专业。', '2025-10-16 19:30:57.533000', '2025-10-16 19:30:57.533000');
INSERT INTO `ai_conversations` VALUES (423, 'FITNESS_COACH_BUSINESS_KEY', 3, '你是一位专业的 AI 健身减肥教练，请为我制定计划。回答时请包含：1) 健身计划：明确运动类型、每周频率和单次时长；2) 饮食建议：给出每日推荐热量范围，并提供碳水化合物、蛋白质和脂肪的比例。语气保持简洁、专业。', '2025-10-16 19:33:24.072000', '2025-10-16 19:33:24.072000');
INSERT INTO `ai_conversations` VALUES (424, 'FITNESS_COACH_BUSINESS_KEY', 3, '你是一位专业的 AI 健身减肥教练，请为我制定计划。回答时请包含：1) 健身计划：明确运动类型、每周频率和单次时长；2) 饮食建议：给出每日推荐热量范围，并提供碳水化合物、蛋白质和脂肪的比例。语气保持简洁、专业。', '2025-10-16 19:33:45.091000', '2025-10-16 19:33:45.091000');
INSERT INTO `ai_conversations` VALUES (425, 'FITNESS_COACH_BUSINESS_KEY', 3, '你是一位专业的 AI 健身减肥教练，请为我制定计划。回答时请包含：1) 健身计划：明确运动类型、每周频率和单次时长；2) 饮食建议：给出每日推荐热量范围，并提供碳水化合物、蛋白质和脂肪的比例。语气保持简洁、专业。', '2025-10-16 19:34:06.125000', '2025-10-16 19:34:06.125000');
INSERT INTO `ai_conversations` VALUES (426, 'FITNESS_COACH_BUSINESS_KEY', 3, '你是一位专业的 AI 健身减肥教练，请为我制定计划。回答时请包含：1) 健身计划：明确运动类型、每周频率和单次时长；2) 饮食建议：给出每日推荐热量范围，并提供碳水化合物、蛋白质和脂肪的比例。语气保持简洁、专业。', '2025-10-16 19:36:00.320000', '2025-10-16 19:36:00.320000');
INSERT INTO `ai_conversations` VALUES (427, 'FITNESS_COACH_BUSINESS_KEY', 3, '你是一位专业的 AI 健身减肥教练，请为我制定计划。回答时请包含：1) 健身计划：明确运动类型、每周频率和单次时长；2) 饮食建议：给出每日推荐热量范围，并提供碳水化合物、蛋白质和脂肪的比例。语气保持简洁、专业。', '2025-10-16 19:37:16.683000', '2025-10-16 19:37:16.683000');
INSERT INTO `ai_conversations` VALUES (428, 'DAILY_CALORIES', 3, '请生成一个适合健身人群的饮食推荐方案。要求：\r\n1. 给出每日热量和营养素（蛋白质、碳水、脂肪）的合理分配。\r\n2. 提供一天三餐+加餐的示例菜单。\r\n3. 食材需常见、易获取，烹饪方式简单健康。\r\n4. 突出高蛋白、均衡营养，适合大多数健身人群（无特殊饮食限制）。\r\n5. 同时提供一些替代食材的建议，方便用户根据实际情况调整。\r\n', '2025-10-16 19:40:10.161000', '2025-10-16 19:40:10.161000');

-- ----------------------------
-- Table structure for ai_messages
-- ----------------------------
DROP TABLE IF EXISTS `ai_messages`;
CREATE TABLE `ai_messages`  (
  `id` bigint NOT NULL AUTO_INCREMENT,
  `ai_models_id` bigint NOT NULL,
  `conversation_id` bigint NOT NULL COMMENT '对话会话ID',
  `role` varchar(20) CHARACTER SET utf8mb4 COLLATE utf8mb4_unicode_ci NOT NULL COMMENT '消息角色：user/assistant/system等',
  `content` text CHARACTER SET utf8mb4 COLLATE utf8mb4_unicode_ci NOT NULL COMMENT '消息内容',
  `content_type` varchar(30) CHARACTER SET utf8mb4 COLLATE utf8mb4_unicode_ci NULL DEFAULT 'text' COMMENT '内容类型：text/image/file/code等',
  `sequence_number` int NOT NULL COMMENT '消息在对话中的顺序号',
  `created_at` timestamp(6) NULL DEFAULT CURRENT_TIMESTAMP(6) COMMENT '创建时间',
  `updated_at` timestamp(6) NULL DEFAULT CURRENT_TIMESTAMP(6) ON UPDATE CURRENT_TIMESTAMP(6) COMMENT '更新时间',
  `token_count` varchar(100) CHARACTER SET utf8mb4 COLLATE utf8mb4_unicode_ci NULL DEFAULT NULL COMMENT 'Token统计信息',
  `model_version` varchar(50) CHARACTER SET utf8mb4 COLLATE utf8mb4_unicode_ci NULL DEFAULT NULL COMMENT '使用的AI模型版本',
  `raw_response` longtext CHARACTER SET utf8mb4 COLLATE utf8mb4_unicode_ci NULL COMMENT '完整的API响应JSON字符串',
  `response_metadata` text CHARACTER SET utf8mb4 COLLATE utf8mb4_unicode_ci NULL COMMENT '响应元数据JSON字符串',
  PRIMARY KEY (`id`) USING BTREE,
  INDEX `idx_conv_seq`(`conversation_id` ASC, `sequence_number` ASC) USING BTREE,
  INDEX `idx_created_at`(`created_at` ASC) USING BTREE,
  INDEX `idx_role_type`(`role` ASC, `content_type` ASC) USING BTREE
) ENGINE = InnoDB AUTO_INCREMENT = 524 CHARACTER SET = utf8mb4 COLLATE = utf8mb4_unicode_ci COMMENT = 'AI对话消息记录表' ROW_FORMAT = Dynamic;

-- ----------------------------
-- Records of ai_messages
-- ----------------------------
INSERT INTO `ai_messages` VALUES (320, 6, 244, 'user', '今日总结', 'text', 1, '2025-09-23 15:04:12.330000', '2025-09-23 15:04:12.330000', NULL, NULL, '{\"model\":\"hunyuan-lite\",\"messages\":[{\"role\":\"system\",\"content\":\"你是一位专业的 AI 健身减肥教练，请为我制定计划。回答时请包含：1) 健身计划：明确运动类型、每周频率和单次时长；2) 饮食建议：给出每日推荐热量范围，并提供碳水化合物、蛋白质和脂肪的比例。语气保持简洁、专业。\"},{\"role\":\"user\",\"content\":\"今日总结\"}]}', NULL);
INSERT INTO `ai_messages` VALUES (321, 6, 244, 'assistant', '今日总结：\n\n早上进行了45分钟的有氧运动，包括慢跑和快走，强度适中。午餐选择了瘦肉、蔬菜和粗粮的组合，控制了总热量摄入。晚餐以蔬菜为主，搭配了一些豆类食品，保持了营养均衡。\n\n健身计划：\n- 运动类型：有氧运动（慢跑30分钟 + 快走15分钟）\n- 每周频率：5天\n- 单次时长：45分钟\n\n饮食建议：\n- 每日推荐热量范围：根据你的身高、体重和活动水平调整，一般建议每日摄入2000-2500卡路里。\n- 碳水化合物：占总热量的50%-60%，如全麦面包、糙米等。\n- 蛋白质：占总热量的15%-20%，如鸡胸肉、鱼、豆腐等。\n- 脂肪：占总热量的20%-30%，选择健康的脂肪来源，如橄榄油、坚果等。\n\n请根据自身情况调整饮食和运动计划，保持健康的生活方式。', 'text', 2, '2025-09-23 15:04:12.418000', '2025-09-23 15:04:12.418000', '304', NULL, '{\"id\":\"434d32842d866a92f29fd0fa73702117\",\"object\":\"chat.completion\",\"created\":1758611052,\"model\":\"hunyuan-lite\",\"system_fingerprint\":\"\",\"choices\":[{\"index\":0,\"message\":{\"role\":\"assistant\",\"content\":\"今日总结：\\n\\n早上进行了45分钟的有氧运动，包括慢跑和快走，强度适中。午餐选择了瘦肉、蔬菜和粗粮的组合，控制了总热量摄入。晚餐以蔬菜为主，搭配了一些豆类食品，保持了营养均衡。\\n\\n健身计划：\\n- 运动类型：有氧运动（慢跑30分钟 + 快走15分钟）\\n- 每周频率：5天\\n- 单次时长：45分钟\\n\\n饮食建议：\\n- 每日推荐热量范围：根据你的身高、体重和活动水平调整，一般建议每日摄入2000-2500卡路里。\\n- 碳水化合物：占总热量的50%-60%，如全麦面包、糙米等。\\n- 蛋白质：占总热量的15%-20%，如鸡胸肉、鱼、豆腐等。\\n- 脂肪：占总热量的20%-30%，选择健康的脂肪来源，如橄榄油、坚果等。\\n\\n请根据自身情况调整饮食和运动计划，保持健康的生活方式。\"},\"finish_reason\":\"stop\"}],\"usage\":{\"prompt_tokens\":73,\"completion_tokens\":231,\"total_tokens\":304},\"note\":\"以上内容为AI生成，不代表开发者立场，请勿删除或修改本标记\"}', NULL);
INSERT INTO `ai_messages` VALUES (322, 6, 245, 'user', '记录体重今天日期为: 2025-09-23', 'text', 1, '2025-09-23 15:04:17.257000', '2025-09-23 15:04:17.257000', NULL, NULL, '{\"model\":\"hunyuan-lite\",\"messages\":[{\"role\":\"system\",\"content\":\"只输出严格JSON且不得多字，不得引用上下文。若原始输入中未出现任何阿拉伯数字(0-9)，严禁输出任何数值；此时仅根据是否提到体重/消耗输出自定义类型(如：weight_v/consume_v 或 order)，并保证 weight/consume 两数组全部为空。出现数字时，才允许输出对应类型(如：weight/consume)，且数值必须逐字复制输入中的数字子串(允许小数点/逗号)；体重若为“斤”在且仅在存在数字时按×0.5转kg，保留1位小数；消耗统一kcal。日期解析为YYYY-MM-DD，未指定用今天。禁止猜测、默认值、经验值或从以往消息推断任何数字。输出格式：\\r\\n{\\\"type\\\":\\\"<你的类型集合，例如：weight|weight_v|consume|consume_v|order>\\\",\\\"weight\\\":[{\\\"date\\\":\\\"YYYY-MM-DD\\\",\\\"value\\\":\\\"内容\\\"}],\\\"consume\\\":[{\\\"date\\\":\\\"YYYY-MM-DD\\\",\\\"value\\\":\\\"内容\\\"}],\\\"message\\\":\\\"记录完成\\\"}\\r\\nmessage 示例：weight_v→\\\"⚠️ 请输入体重，例如：“今天体重65kg” 或 “昨天体重130斤”\\\"；consume_v→\\\"⚠️ 请输入消耗热量，例如：“今天消耗300kcal”\\\"；正常记录时生成确认语。\\r\\n\"},{\"role\":\"user\",\"content\":\"记录体重今天日期为: 2025-09-23\"}]}', NULL);
INSERT INTO `ai_messages` VALUES (323, 6, 245, 'assistant', '{\"type\":\"weight\",\"weight\":[{\"date\":\"2025-09-23\",\"value\":\"\"}],\"consume\":[{\"date\":\"2025-09-23\",\"value\":\"\"}],\"message\":\"记录完成\"}', 'text', 2, '2025-09-23 15:04:17.331000', '2025-09-23 15:04:17.331000', '355', NULL, '{\"id\":\"684ed105a52e5fa8670ee8e1d6f520cb\",\"object\":\"chat.completion\",\"created\":1758611057,\"model\":\"hunyuan-lite\",\"system_fingerprint\":\"\",\"choices\":[{\"index\":0,\"message\":{\"role\":\"assistant\",\"content\":\"{\\\"type\\\":\\\"weight\\\",\\\"weight\\\":[{\\\"date\\\":\\\"2025-09-23\\\",\\\"value\\\":\\\"\\\"}],\\\"consume\\\":[{\\\"date\\\":\\\"2025-09-23\\\",\\\"value\\\":\\\"\\\"}],\\\"message\\\":\\\"记录完成\\\"}\"},\"finish_reason\":\"stop\"}],\"usage\":{\"prompt_tokens\":307,\"completion_tokens\":48,\"total_tokens\":355},\"note\":\"以上内容为AI生成，不代表开发者立场，请勿删除或修改本标记\"}', NULL);
INSERT INTO `ai_messages` VALUES (324, 8, 252, 'user', '前几日饮食：早餐油条豆浆，午餐米饭+红烧肉，晚餐炒面  \n当前体重：70kg  \n目标体重：65kg（2个月内）  \n偏好：喜欢蔬菜水果，少油，不能吃花生 ', 'text', 1, '2025-09-28 14:33:28.225000', '2025-09-28 14:33:28.225000', NULL, NULL, '{\"model\":\"hunyuan-turbos-latest\",\"messages\":[{\"role\":\"system\",\"content\":\"你是一名专业营养师，任务是为我制定今日的饮食计划。 我会提供： 前几天的饮食记录 当前体重、目标体重、目标日期 我的偏好与禁忌食物 请你输出： 今日三餐和加餐建议（含食物名称、分量、简单做法） 每日总热量估算，以及与目标的差距 营养结构分析（碳水、蛋白质、脂肪比例） 可替代食物选项，以便我在食材不足时替换 在输出中，请保持结构化和清晰的表格/分点展示，方便我直接执行。\"},{\"role\":\"user\",\"content\":\"前几日饮食：早餐油条豆浆，午餐米饭+红烧肉，晚餐炒面  \\n当前体重：70kg  \\n目标体重：65kg（2个月内）  \\n偏好：喜欢蔬菜水果，少油，不能吃花生 \"}]}', NULL);
INSERT INTO `ai_messages` VALUES (325, 8, 252, 'assistant', '### **今日个性化饮食计划（减脂导向）**  \n**目标**：通过控制热量（每日约1500-1600kcal）和优化营养结构，帮助您在2个月内健康减重5kg（约0.6kg/周）。  \n\n---\n\n#### **一、今日三餐及加餐建议**  \n| 餐次 | 食物组合 | 分量 | 简单做法 | 备注 |\n|------|----------|------|----------|------|\n| **早餐** | 全麦面包 + 水煮蛋 + 牛奶 + 小番茄 | 全麦面包1片（约40g）<br>水煮蛋1个<br>脱脂牛奶200ml<br>小番茄5-6颗 | 1. 全麦面包微波加热；<br>2. 鸡蛋冷水下锅煮8分钟；<br>3. 牛奶直接饮用；<br>4. 小番茄洗净生食。 | 低油低糖，富含膳食纤维和优质蛋白。 |\n| **午餐** | 糙米饭 + 清蒸鱼 + 凉拌菠菜 | 糙米饭100g（熟重）<br>鲈鱼/鲫鱼1块（约150g）<br>菠菜200g | 1. 糙米提前浸泡30分钟，电饭煲煮熟；<br>2. 鱼蒸熟后淋少许蒸鱼豉油；<br>3. 菠菜焯水后加蒜末、醋、少量橄榄油拌匀。 | 高蛋白+低碳水，Omega-3抗炎。 |\n| **晚餐** | 番茄豆腐汤 + 蒸南瓜 + 凉拌黄瓜 | 番茄1个（中等大小）<br>嫩豆腐100g<br>南瓜150g<br>黄瓜1根 | 1. 番茄炒软加水煮汤，加豆腐块；<br>2. 南瓜蒸熟；<br>3. 黄瓜拍碎加少许盐、醋凉拌。 | 易消化，低热量高饱腹感。 |\n| **加餐（可选）** | 苹果1个 或 无糖酸奶100g | - | 直接食用 | 补充维生素或益生菌，避免饥饿。 |\n\n---\n\n#### **二、每日总热量与营养分析**  \n| 项目 | 数值 | 说明 |\n|------|------|------|\n| **估算总热量** | **约1550kcal** | 符合减重需求（比日常消耗少300-500kcal） |\n| **三大营养素比例** | 碳水45% / 蛋白质30% / 脂肪25% | 优化供能比，优先蛋白质饱腹感 |\n| **与目标差距** | 需每日制造约500kcal缺口（当前计划已覆盖） | 2个月减5kg需累计缺口约35,000kcal |\n\n---\n\n#### **三、营养结构细节**  \n1. **碳水化合物**：主要来自糙米、全麦面包、蔬菜（低GI，稳定血糖）。  \n2. **蛋白质**：鱼、蛋、豆腐、牛奶（优质蛋白，保护肌肉）。  \n3. **脂肪**：少量橄榄油（凉拌）、鱼类Omega-3（抗炎减脂）。  \n\n---\n\n#### **四、可替代食物选项（灵活调整）**  \n| 原食材 | 替代选择 | 注意事项 |\n|--------|----------|----------|\n| 全麦面包 | 燕麦片（40g干重）或杂粮馒头 | 需调整水分 |\n| 清蒸鱼 | 鸡胸肉（120g水煮）或虾仁（100g） | 高蛋白低脂 |\n| 糙米饭 | 荞麦面（60g干重）或红薯（150g） | 碳水替换 |\n| 菠菜 | 油麦菜/西兰花（焯水凉拌） | 蔬菜互换 |\n| 豆腐 | 天贝（发酵大豆）或毛豆（80g） | 植物蛋白 |\n\n---\n\n#### **五、关键提醒**  \n1. **避免**：油条、炒面、红烧肉等高油高糖食物（前几日饮食需逐步调整）。  \n2. **烹饪建议**：多用蒸、煮、凉拌，少油煎炸；花生及制品（如花生酱）严格禁食。  \n3. **执行弹性**：若某餐超量，下一餐减少主食或油脂补偿。  \n\n按此计划执行，配合每日饮水1.5-2L和适度运动（如快走），减重目标可稳步达成！ 🌟', 'text', 2, '2025-09-28 14:33:28.313000', '2025-09-28 14:33:28.313000', '1259', NULL, '{\"id\":\"dbc6299edd6272850a7f4d43bd1d83a2\",\"object\":\"chat.completion\",\"created\":1759041110,\"model\":\"hunyuan-turbos-latest\",\"system_fingerprint\":\"\",\"choices\":[{\"index\":0,\"message\":{\"role\":\"assistant\",\"content\":\"### **今日个性化饮食计划（减脂导向）**  \\n**目标**：通过控制热量（每日约1500-1600kcal）和优化营养结构，帮助您在2个月内健康减重5kg（约0.6kg/周）。  \\n\\n---\\n\\n#### **一、今日三餐及加餐建议**  \\n| 餐次 | 食物组合 | 分量 | 简单做法 | 备注 |\\n|------|----------|------|----------|------|\\n| **早餐** | 全麦面包 + 水煮蛋 + 牛奶 + 小番茄 | 全麦面包1片（约40g）\\u003cbr\\u003e水煮蛋1个\\u003cbr\\u003e脱脂牛奶200ml\\u003cbr\\u003e小番茄5-6颗 | 1. 全麦面包微波加热；\\u003cbr\\u003e2. 鸡蛋冷水下锅煮8分钟；\\u003cbr\\u003e3. 牛奶直接饮用；\\u003cbr\\u003e4. 小番茄洗净生食。 | 低油低糖，富含膳食纤维和优质蛋白。 |\\n| **午餐** | 糙米饭 + 清蒸鱼 + 凉拌菠菜 | 糙米饭100g（熟重）\\u003cbr\\u003e鲈鱼/鲫鱼1块（约150g）\\u003cbr\\u003e菠菜200g | 1. 糙米提前浸泡30分钟，电饭煲煮熟；\\u003cbr\\u003e2. 鱼蒸熟后淋少许蒸鱼豉油；\\u003cbr\\u003e3. 菠菜焯水后加蒜末、醋、少量橄榄油拌匀。 | 高蛋白+低碳水，Omega-3抗炎。 |\\n| **晚餐** | 番茄豆腐汤 + 蒸南瓜 + 凉拌黄瓜 | 番茄1个（中等大小）\\u003cbr\\u003e嫩豆腐100g\\u003cbr\\u003e南瓜150g\\u003cbr\\u003e黄瓜1根 | 1. 番茄炒软加水煮汤，加豆腐块；\\u003cbr\\u003e2. 南瓜蒸熟；\\u003cbr\\u003e3. 黄瓜拍碎加少许盐、醋凉拌。 | 易消化，低热量高饱腹感。 |\\n| **加餐（可选）** | 苹果1个 或 无糖酸奶100g | - | 直接食用 | 补充维生素或益生菌，避免饥饿。 |\\n\\n---\\n\\n#### **二、每日总热量与营养分析**  \\n| 项目 | 数值 | 说明 |\\n|------|------|------|\\n| **估算总热量** | **约1550kcal** | 符合减重需求（比日常消耗少300-500kcal） |\\n| **三大营养素比例** | 碳水45% / 蛋白质30% / 脂肪25% | 优化供能比，优先蛋白质饱腹感 |\\n| **与目标差距** | 需每日制造约500kcal缺口（当前计划已覆盖） | 2个月减5kg需累计缺口约35,000kcal |\\n\\n---\\n\\n#### **三、营养结构细节**  \\n1. **碳水化合物**：主要来自糙米、全麦面包、蔬菜（低GI，稳定血糖）。  \\n2. **蛋白质**：鱼、蛋、豆腐、牛奶（优质蛋白，保护肌肉）。  \\n3. **脂肪**：少量橄榄油（凉拌）、鱼类Omega-3（抗炎减脂）。  \\n\\n---\\n\\n#### **四、可替代食物选项（灵活调整）**  \\n| 原食材 | 替代选择 | 注意事项 |\\n|--------|----------|----------|\\n| 全麦面包 | 燕麦片（40g干重）或杂粮馒头 | 需调整水分 |\\n| 清蒸鱼 | 鸡胸肉（120g水煮）或虾仁（100g） | 高蛋白低脂 |\\n| 糙米饭 | 荞麦面（60g干重）或红薯（150g） | 碳水替换 |\\n| 菠菜 | 油麦菜/西兰花（焯水凉拌） | 蔬菜互换 |\\n| 豆腐 | 天贝（发酵大豆）或毛豆（80g） | 植物蛋白 |\\n\\n---\\n\\n#### **五、关键提醒**  \\n1. **避免**：油条、炒面、红烧肉等高油高糖食物（前几日饮食需逐步调整）。  \\n2. **烹饪建议**：多用蒸、煮、凉拌，少油煎炸；花生及制品（如花生酱）严格禁食。  \\n3. **执行弹性**：若某餐超量，下一餐减少主食或油脂补偿。  \\n\\n按此计划执行，配合每日饮水1.5-2L和适度运动（如快走），减重目标可稳步达成！ 🌟\"},\"finish_reason\":\"stop\"}],\"usage\":{\"prompt_tokens\":178,\"completion_tokens\":1081,\"total_tokens\":1259},\"note\":\"以上内容为AI生成，不代表开发者立场，请勿删除或修改本标记\"}', NULL);
INSERT INTO `ai_messages` VALUES (326, 8, 253, 'user', '### **今日个性化饮食计划（减脂导向）**  \n**目标**：通过控制热量（每日约1500-1600kcal）和优化营养结构，帮助您在2个月内健康减重5kg（约0.6kg/周）。  \n\n---\n\n#### **一、今日三餐及加餐建议**  \n| 餐次 | 食物组合 | 分量 | 简单做法 | 备注 |\n|------|----------|------|----------|------|\n| **早餐** | 全麦面包 + 水煮蛋 + 牛奶 + 小番茄 | 全麦面包1片（约40g）<br>水煮蛋1个<br>脱脂牛奶200ml<br>小番茄5-6颗 | 1. 全麦面包微波加热；<br>2. 鸡蛋冷水下锅煮8分钟；<br>3. 牛奶直接饮用；<br>4. 小番茄洗净生食。 | 低油低糖，富含膳食纤维和优质蛋白。 |\n| **午餐** | 糙米饭 + 清蒸鱼 + 凉拌菠菜 | 糙米饭100g（熟重）<br>鲈鱼/鲫鱼1块（约150g）<br>菠菜200g | 1. 糙米提前浸泡30分钟，电饭煲煮熟；<br>2. 鱼蒸熟后淋少许蒸鱼豉油；<br>3. 菠菜焯水后加蒜末、醋、少量橄榄油拌匀。 | 高蛋白+低碳水，Omega-3抗炎。 |\n| **晚餐** | 番茄豆腐汤 + 蒸南瓜 + 凉拌黄瓜 | 番茄1个（中等大小）<br>嫩豆腐100g<br>南瓜150g<br>黄瓜1根 | 1. 番茄炒软加水煮汤，加豆腐块；<br>2. 南瓜蒸熟；<br>3. 黄瓜拍碎加少许盐、醋凉拌。 | 易消化，低热量高饱腹感。 |\n| **加餐（可选）** | 苹果1个 或 无糖酸奶100g | - | 直接食用 | 补充维生素或益生菌，避免饥饿。 |\n\n---\n\n#### **二、每日总热量与营养分析**  \n| 项目 | 数值 | 说明 |\n|------|------|------|\n| **估算总热量** | **约1550kcal** | 符合减重需求（比日常消耗少300-500kcal） |\n| **三大营养素比例** | 碳水45% / 蛋白质30% / 脂肪25% | 优化供能比，优先蛋白质饱腹感 |\n| **与目标差距** | 需每日制造约500kcal缺口（当前计划已覆盖） | 2个月减5kg需累计缺口约35,000kcal |\n\n---\n\n#### **三、营养结构细节**  \n1. **碳水化合物**：主要来自糙米、全麦面包、蔬菜（低GI，稳定血糖）。  \n2. **蛋白质**：鱼、蛋、豆腐、牛奶（优质蛋白，保护肌肉）。  \n3. **脂肪**：少量橄榄油（凉拌）、鱼类Omega-3（抗炎减脂）。  \n\n---\n\n#### **四、可替代食物选项（灵活调整）**  \n| 原食材 | 替代选择 | 注意事项 |\n|--------|----------|----------|\n| 全麦面包 | 燕麦片（40g干重）或杂粮馒头 | 需调整水分 |\n| 清蒸鱼 | 鸡胸肉（120g水煮）或虾仁（100g） | 高蛋白低脂 |\n| 糙米饭 | 荞麦面（60g干重）或红薯（150g） | 碳水替换 |\n| 菠菜 | 油麦菜/西兰花（焯水凉拌） | 蔬菜互换 |\n| 豆腐 | 天贝（发酵大豆）或毛豆（80g） | 植物蛋白 |\n\n---\n\n#### **五、关键提醒**  \n1. **避免**：油条、炒面、红烧肉等高油高糖食物（前几日饮食需逐步调整）。  \n2. **烹饪建议**：多用蒸、煮、凉拌，少油煎炸；花生及制品（如花生酱）严格禁食。  \n3. **执行弹性**：若某餐超量，下一餐减少主食或油脂补偿。  \n\n按此计划执行，配合每日饮水1.5-2L和适度运动（如快走），减重目标可稳步达成！ 🌟', 'text', 1, '2025-09-28 14:33:46.044000', '2025-09-28 14:33:46.044000', NULL, NULL, '{\"model\":\"hunyuan-turbos-latest\",\"messages\":[{\"role\":\"system\",\"content\":\"把输入内容按照早餐午餐晚餐分类,输出 早餐: md格式的早餐内容\"},{\"role\":\"user\",\"content\":\"### **今日个性化饮食计划（减脂导向）**  \\n**目标**：通过控制热量（每日约1500-1600kcal）和优化营养结构，帮助您在2个月内健康减重5kg（约0.6kg/周）。  \\n\\n---\\n\\n#### **一、今日三餐及加餐建议**  \\n| 餐次 | 食物组合 | 分量 | 简单做法 | 备注 |\\n|------|----------|------|----------|------|\\n| **早餐** | 全麦面包 + 水煮蛋 + 牛奶 + 小番茄 | 全麦面包1片（约40g）<br>水煮蛋1个<br>脱脂牛奶200ml<br>小番茄5-6颗 | 1. 全麦面包微波加热；<br>2. 鸡蛋冷水下锅煮8分钟；<br>3. 牛奶直接饮用；<br>4. 小番茄洗净生食。 | 低油低糖，富含膳食纤维和优质蛋白。 |\\n| **午餐** | 糙米饭 + 清蒸鱼 + 凉拌菠菜 | 糙米饭100g（熟重）<br>鲈鱼/鲫鱼1块（约150g）<br>菠菜200g | 1. 糙米提前浸泡30分钟，电饭煲煮熟；<br>2. 鱼蒸熟后淋少许蒸鱼豉油；<br>3. 菠菜焯水后加蒜末、醋、少量橄榄油拌匀。 | 高蛋白+低碳水，Omega-3抗炎。 |\\n| **晚餐** | 番茄豆腐汤 + 蒸南瓜 + 凉拌黄瓜 | 番茄1个（中等大小）<br>嫩豆腐100g<br>南瓜150g<br>黄瓜1根 | 1. 番茄炒软加水煮汤，加豆腐块；<br>2. 南瓜蒸熟；<br>3. 黄瓜拍碎加少许盐、醋凉拌。 | 易消化，低热量高饱腹感。 |\\n| **加餐（可选）** | 苹果1个 或 无糖酸奶100g | - | 直接食用 | 补充维生素或益生菌，避免饥饿。 |\\n\\n---\\n\\n#### **二、每日总热量与营养分析**  \\n| 项目 | 数值 | 说明 |\\n|------|------|------|\\n| **估算总热量** | **约1550kcal** | 符合减重需求（比日常消耗少300-500kcal） |\\n| **三大营养素比例** | 碳水45% / 蛋白质30% / 脂肪25% | 优化供能比，优先蛋白质饱腹感 |\\n| **与目标差距** | 需每日制造约500kcal缺口（当前计划已覆盖） | 2个月减5kg需累计缺口约35,000kcal |\\n\\n---\\n\\n#### **三、营养结构细节**  \\n1. **碳水化合物**：主要来自糙米、全麦面包、蔬菜（低GI，稳定血糖）。  \\n2. **蛋白质**：鱼、蛋、豆腐、牛奶（优质蛋白，保护肌肉）。  \\n3. **脂肪**：少量橄榄油（凉拌）、鱼类Omega-3（抗炎减脂）。  \\n\\n---\\n\\n#### **四、可替代食物选项（灵活调整）**  \\n| 原食材 | 替代选择 | 注意事项 |\\n|--------|----------|----------|\\n| 全麦面包 | 燕麦片（40g干重）或杂粮馒头 | 需调整水分 |\\n| 清蒸鱼 | 鸡胸肉（120g水煮）或虾仁（100g） | 高蛋白低脂 |\\n| 糙米饭 | 荞麦面（60g干重）或红薯（150g） | 碳水替换 |\\n| 菠菜 | 油麦菜/西兰花（焯水凉拌） | 蔬菜互换 |\\n| 豆腐 | 天贝（发酵大豆）或毛豆（80g） | 植物蛋白 |\\n\\n---\\n\\n#### **五、关键提醒**  \\n1. **避免**：油条、炒面、红烧肉等高油高糖食物（前几日饮食需逐步调整）。  \\n2. **烹饪建议**：多用蒸、煮、凉拌，少油煎炸；花生及制品（如花生酱）严格禁食。  \\n3. **执行弹性**：若某餐超量，下一餐减少主食或油脂补偿。  \\n\\n按此计划执行，配合每日饮水1.5-2L和适度运动（如快走），减重目标可稳步达成！ 🌟\"}]}', NULL);
INSERT INTO `ai_messages` VALUES (327, 8, 253, 'assistant', '### 早餐 (Markdown格式)\n\n```markdown\n## 🥣 早餐 (约350-400kcal)\n\n**食物组合**  \n▸ 全麦面包 1片 (约40g)  \n▸ 水煮蛋 1个 (中等大小)  \n▸ 脱脂牛奶 200ml  \n▸ 小番茄 5-6颗 (约100g)\n\n**简单做法**  \n1. 全麦面包微波加热10秒至温热  \n2. 鸡蛋冷水下锅，中火煮8分钟（溏心蛋可缩短至6分钟）  \n3. 牛奶直接常温/冷藏饮用  \n4. 小番茄洗净后直接食用\n\n**营养亮点**  \n✨ 优质蛋白：鸡蛋(6g)+牛奶(6g)提供易吸收蛋白  \n✨ 复合碳水：全麦面包含丰富B族维生素  \n✨ 抗氧化：小番茄富含番茄红素  \n✨ 低GI组合维持上午血糖稳定\n\n**备选方案**  \n→ 燕麦片40g+无糖酸奶100g+蓝莓50g  \n→ 杂粮馒头1个+茶叶蛋1个+无糖豆浆200ml\n```\n\n> 注：本餐组合兼顾饱腹感与营养密度，建议搭配200ml温水饮用。全麦面包选择配料表第一位为\"全麦粉\"的产品，避免含糖谷物面包。', 'text', 2, '2025-09-28 14:33:46.261000', '2025-09-28 14:33:46.261000', '1424', NULL, '{\"id\":\"d12531987a9fca42070ee99bd17036d0\",\"object\":\"chat.completion\",\"created\":1759041223,\"model\":\"hunyuan-turbos-latest\",\"system_fingerprint\":\"\",\"choices\":[{\"index\":0,\"message\":{\"role\":\"assistant\",\"content\":\"### 早餐 (Markdown格式)\\n\\n```markdown\\n## 🥣 早餐 (约350-400kcal)\\n\\n**食物组合**  \\n▸ 全麦面包 1片 (约40g)  \\n▸ 水煮蛋 1个 (中等大小)  \\n▸ 脱脂牛奶 200ml  \\n▸ 小番茄 5-6颗 (约100g)\\n\\n**简单做法**  \\n1. 全麦面包微波加热10秒至温热  \\n2. 鸡蛋冷水下锅，中火煮8分钟（溏心蛋可缩短至6分钟）  \\n3. 牛奶直接常温/冷藏饮用  \\n4. 小番茄洗净后直接食用\\n\\n**营养亮点**  \\n✨ 优质蛋白：鸡蛋(6g)+牛奶(6g)提供易吸收蛋白  \\n✨ 复合碳水：全麦面包含丰富B族维生素  \\n✨ 抗氧化：小番茄富含番茄红素  \\n✨ 低GI组合维持上午血糖稳定\\n\\n**备选方案**  \\n→ 燕麦片40g+无糖酸奶100g+蓝莓50g  \\n→ 杂粮馒头1个+茶叶蛋1个+无糖豆浆200ml\\n```\\n\\n\\u003e 注：本餐组合兼顾饱腹感与营养密度，建议搭配200ml温水饮用。全麦面包选择配料表第一位为\\\"全麦粉\\\"的产品，避免含糖谷物面包。\"},\"finish_reason\":\"stop\"}],\"usage\":{\"prompt_tokens\":1102,\"completion_tokens\":322,\"total_tokens\":1424},\"note\":\"以上内容为AI生成，不代表开发者立场，请勿删除或修改本标记\"}', NULL);
INSERT INTO `ai_messages` VALUES (328, 8, 255, 'user', '我的信息如下: 性别：{gender}；出生日期：{birth_date}；身高：{height}；今日体重：{current_weight}kg；{delta_7d_kg}；', 'text', 1, '2025-09-28 16:49:31.892000', '2025-09-28 16:49:31.892000', NULL, NULL, '{\"model\":\"hunyuan-turbos-latest\",\"messages\":[{\"role\":\"system\",\"content\":\"你是减脂健康管理助理。请根据以下用户输入生成今日总结的JSON，字段与字数要求如下：status：标题，<=8字，风格积极或中性，如“稳步下降”“轻微反弹”。message：今日总结，<=25字，要求具体、可读。healthGoal：鼓励话语+目标，<=15字。只返回合法JSON，不含多余文字或代码块标记。若数据缺失，请基于已知信息给出中性建议，仍满足字数限制。\"},{\"role\":\"user\",\"content\":\"我的信息如下: 性别：{gender}；出生日期：{birth_date}；身高：{height}；今日体重：{current_weight}kg；{delta_7d_kg}；\"}]}', NULL);
INSERT INTO `ai_messages` VALUES (329, 8, 255, 'assistant', '{\n    \"status\": \"数据待补\",\n    \"message\": \"今日体重数据未完整提供\",\n    \"healthGoal\": \"完善信息，开启减脂之旅\"\n}', 'text', 2, '2025-09-28 16:49:32.109000', '2025-09-28 16:49:32.109000', '190', NULL, '{\"id\":\"5f83cc1ae5b3807fe8febcdbd1042904\",\"object\":\"chat.completion\",\"created\":1759049372,\"model\":\"hunyuan-turbos-latest\",\"system_fingerprint\":\"\",\"choices\":[{\"index\":0,\"message\":{\"role\":\"assistant\",\"content\":\"{\\n    \\\"status\\\": \\\"数据待补\\\",\\n    \\\"message\\\": \\\"今日体重数据未完整提供\\\",\\n    \\\"healthGoal\\\": \\\"完善信息，开启减脂之旅\\\"\\n}\"},\"finish_reason\":\"stop\"}],\"usage\":{\"prompt_tokens\":152,\"completion_tokens\":38,\"total_tokens\":190},\"note\":\"以上内容为AI生成，不代表开发者立场，请勿删除或修改本标记\"}', NULL);
INSERT INTO `ai_messages` VALUES (330, 8, 256, 'user', '我的信息如下: 性别：{gender}；出生日期：{birth_date}；身高：{height}；今日体重：{current_weight}kg；{delta_7d_kg}；', 'text', 1, '2025-09-28 16:49:38.070000', '2025-09-28 16:49:38.070000', NULL, NULL, '{\"model\":\"hunyuan-turbos-latest\",\"messages\":[{\"role\":\"system\",\"content\":\"你是健康生活建议生成器。只根据用户输入生成“今日建议”的4条列表。 每条包含：title（中文）4字以内、subtitle（简短可执行）7字以内、color（符合#RRGGBB）。 输出必须严格符合提供的 JSON Schema，不要输出多余文本或解释。\"},{\"role\":\"user\",\"content\":\"我的信息如下: 性别：{gender}；出生日期：{birth_date}；身高：{height}；今日体重：{current_weight}kg；{delta_7d_kg}；\"}]}', NULL);
INSERT INTO `ai_messages` VALUES (331, 8, 256, 'assistant', '{\n  \"suggestions\": [\n    {\n      \"title\": \"均衡饮食\",\n      \"subtitle\": \"多吃蔬果\",\n      \"color\": \"#4CAF50\"\n    },\n    {\n      \"title\": \"适量运动\",\n      \"subtitle\": \"步行30分\",\n      \"color\": \"#FF9800\"\n    },\n    {\n      \"title\": \"充足睡眠\",\n      \"subtitle\": \"睡足8时\",\n      \"color\": \"#2196F3\"\n    },\n    {\n      \"title\": \"水分补充\",\n      \"subtitle\": \"饮水8杯\",\n      \"color\": \"#00BCD4\"\n    }\n  ]\n}', 'text', 2, '2025-09-28 16:49:38.250000', '2025-09-28 16:49:38.250000', '258', NULL, '{\"id\":\"a132012e7e460731110cab9e180d0a15\",\"object\":\"chat.completion\",\"created\":1759049378,\"model\":\"hunyuan-turbos-latest\",\"system_fingerprint\":\"\",\"choices\":[{\"index\":0,\"message\":{\"role\":\"assistant\",\"content\":\"{\\n  \\\"suggestions\\\": [\\n    {\\n      \\\"title\\\": \\\"均衡饮食\\\",\\n      \\\"subtitle\\\": \\\"多吃蔬果\\\",\\n      \\\"color\\\": \\\"#4CAF50\\\"\\n    },\\n    {\\n      \\\"title\\\": \\\"适量运动\\\",\\n      \\\"subtitle\\\": \\\"步行30分\\\",\\n      \\\"color\\\": \\\"#FF9800\\\"\\n    },\\n    {\\n      \\\"title\\\": \\\"充足睡眠\\\",\\n      \\\"subtitle\\\": \\\"睡足8时\\\",\\n      \\\"color\\\": \\\"#2196F3\\\"\\n    },\\n    {\\n      \\\"title\\\": \\\"水分补充\\\",\\n      \\\"subtitle\\\": \\\"饮水8杯\\\",\\n      \\\"color\\\": \\\"#00BCD4\\\"\\n    }\\n  ]\\n}\"},\"finish_reason\":\"stop\"}],\"usage\":{\"prompt_tokens\":117,\"completion_tokens\":141,\"total_tokens\":258},\"note\":\"以上内容为AI生成，不代表开发者立场，请勿删除或修改本标记\"}', NULL);
INSERT INTO `ai_messages` VALUES (332, 8, 257, 'user', '我的信息如下: 性别：{gender}；出生日期：{birth_date}；身高：{height}；今日体重：{current_weight}kg；{delta_7d_kg}；', 'text', 1, '2025-09-28 16:53:02.958000', '2025-09-28 16:53:02.958000', NULL, NULL, '{\"model\":\"hunyuan-turbos-latest\",\"messages\":[{\"role\":\"system\",\"content\":\"你是减脂健康管理助理。请根据以下用户输入生成今日总结的JSON，字段与字数要求如下：status：标题，<=8字，风格积极或中性，如“稳步下降”“轻微反弹”。message：今日总结，<=25字，要求具体、可读。healthGoal：鼓励话语+目标，<=15字。只返回合法JSON，不含多余文字或代码块标记。若数据缺失，请基于已知信息给出中性建议，仍满足字数限制。\"},{\"role\":\"user\",\"content\":\"我的信息如下: 性别：{gender}；出生日期：{birth_date}；身高：{height}；今日体重：{current_weight}kg；{delta_7d_kg}；\"}]}', NULL);
INSERT INTO `ai_messages` VALUES (333, 8, 257, 'assistant', '{\n    \"status\": \"数据待补\",\n    \"message\": \"部分信息缺失，暂无法精准总结\",\n    \"healthGoal\": \"加油补信息，健康减脂\"\n}', 'text', 2, '2025-09-28 16:53:03.065000', '2025-09-28 16:53:03.065000', '192', NULL, '{\"id\":\"59c8a969e81cac95891c00d9cdacb6a7\",\"object\":\"chat.completion\",\"created\":1759049583,\"model\":\"hunyuan-turbos-latest\",\"system_fingerprint\":\"\",\"choices\":[{\"index\":0,\"message\":{\"role\":\"assistant\",\"content\":\"{\\n    \\\"status\\\": \\\"数据待补\\\",\\n    \\\"message\\\": \\\"部分信息缺失，暂无法精准总结\\\",\\n    \\\"healthGoal\\\": \\\"加油补信息，健康减脂\\\"\\n}\"},\"finish_reason\":\"stop\"}],\"usage\":{\"prompt_tokens\":152,\"completion_tokens\":40,\"total_tokens\":192},\"note\":\"以上内容为AI生成，不代表开发者立场，请勿删除或修改本标记\"}', NULL);
INSERT INTO `ai_messages` VALUES (334, 8, 258, 'user', '我的信息如下: 性别：{gender}；出生日期：{birth_date}；身高：{height}；今日体重：{current_weight}kg；{delta_7d_kg}；', 'text', 1, '2025-09-28 16:53:08.479000', '2025-09-28 16:53:08.479000', NULL, NULL, '{\"model\":\"hunyuan-turbos-latest\",\"messages\":[{\"role\":\"system\",\"content\":\"你是健康生活建议生成器。只根据用户输入生成“今日建议”的4条列表。 每条包含：title（中文）4字以内、subtitle（简短可执行）7字以内、color（符合#RRGGBB）。 输出必须严格符合提供的 JSON Schema，不要输出多余文本或解释。\"},{\"role\":\"user\",\"content\":\"我的信息如下: 性别：{gender}；出生日期：{birth_date}；身高：{height}；今日体重：{current_weight}kg；{delta_7d_kg}；\"}]}', NULL);
INSERT INTO `ai_messages` VALUES (335, 8, 258, 'assistant', '{\n  \"suggestions\": [\n    {\n      \"title\": \"均衡饮食\",\n      \"subtitle\": \"多吃蔬果\",\n      \"color\": \"#4CAF50\"\n    },\n    {\n      \"title\": \"适量运动\",\n      \"subtitle\": \"快走30分\",\n      \"color\": \"#FF9800\"\n    },\n    {\n      \"title\": \"充足睡眠\",\n      \"subtitle\": \"睡足8时\",\n      \"color\": \"#2196F3\"\n    },\n    {\n      \"title\": \"水分补充\",\n      \"subtitle\": \"饮水8杯\",\n      \"color\": \"#00BCD4\"\n    }\n  ]\n}', 'text', 2, '2025-09-28 16:53:08.592000', '2025-09-28 16:53:08.592000', '259', NULL, '{\"id\":\"24339ff329054031d756726b15d5bb16\",\"object\":\"chat.completion\",\"created\":1759049589,\"model\":\"hunyuan-turbos-latest\",\"system_fingerprint\":\"\",\"choices\":[{\"index\":0,\"message\":{\"role\":\"assistant\",\"content\":\"{\\n  \\\"suggestions\\\": [\\n    {\\n      \\\"title\\\": \\\"均衡饮食\\\",\\n      \\\"subtitle\\\": \\\"多吃蔬果\\\",\\n      \\\"color\\\": \\\"#4CAF50\\\"\\n    },\\n    {\\n      \\\"title\\\": \\\"适量运动\\\",\\n      \\\"subtitle\\\": \\\"快走30分\\\",\\n      \\\"color\\\": \\\"#FF9800\\\"\\n    },\\n    {\\n      \\\"title\\\": \\\"充足睡眠\\\",\\n      \\\"subtitle\\\": \\\"睡足8时\\\",\\n      \\\"color\\\": \\\"#2196F3\\\"\\n    },\\n    {\\n      \\\"title\\\": \\\"水分补充\\\",\\n      \\\"subtitle\\\": \\\"饮水8杯\\\",\\n      \\\"color\\\": \\\"#00BCD4\\\"\\n    }\\n  ]\\n}\"},\"finish_reason\":\"stop\"}],\"usage\":{\"prompt_tokens\":117,\"completion_tokens\":142,\"total_tokens\":259},\"note\":\"以上内容为AI生成，不代表开发者立场，请勿删除或修改本标记\"}', NULL);
INSERT INTO `ai_messages` VALUES (336, 8, 259, 'user', '我的信息如下: 性别：{gender}；出生日期：{birth_date}；身高：{height}；今日体重：{current_weight}kg；{delta_7d_kg}；', 'text', 1, '2025-09-28 17:02:17.239000', '2025-09-28 17:02:17.239000', NULL, NULL, '{\"model\":\"hunyuan-turbos-latest\",\"messages\":[{\"role\":\"system\",\"content\":\"你是减脂健康管理助理。请根据以下用户输入生成今日总结的JSON，字段与字数要求如下：status：标题，<=8字，风格积极或中性，如“稳步下降”“轻微反弹”。message：今日总结，<=25字，要求具体、可读。healthGoal：鼓励话语+目标，<=15字。只返回合法JSON，不含多余文字或代码块标记。若数据缺失，请基于已知信息给出中性建议，仍满足字数限制。\"},{\"role\":\"user\",\"content\":\"我的信息如下: 性别：{gender}；出生日期：{birth_date}；身高：{height}；今日体重：{current_weight}kg；{delta_7d_kg}；\"}]}', NULL);
INSERT INTO `ai_messages` VALUES (337, 8, 259, 'assistant', '{\n    \"status\": \"数据待补\",\n    \"message\": \"部分数据缺失，暂无法总结\",\n    \"healthGoal\": \"完善信息，精准减脂\"\n}', 'text', 2, '2025-09-28 17:02:17.392000', '2025-09-28 17:02:17.392000', '190', NULL, '{\"id\":\"e9d6330d704167bbd0b61f2125bf5a42\",\"object\":\"chat.completion\",\"created\":1759050137,\"model\":\"hunyuan-turbos-latest\",\"system_fingerprint\":\"\",\"choices\":[{\"index\":0,\"message\":{\"role\":\"assistant\",\"content\":\"{\\n    \\\"status\\\": \\\"数据待补\\\",\\n    \\\"message\\\": \\\"部分数据缺失，暂无法总结\\\",\\n    \\\"healthGoal\\\": \\\"完善信息，精准减脂\\\"\\n}\"},\"finish_reason\":\"stop\"}],\"usage\":{\"prompt_tokens\":152,\"completion_tokens\":38,\"total_tokens\":190},\"note\":\"以上内容为AI生成，不代表开发者立场，请勿删除或修改本标记\"}', NULL);
INSERT INTO `ai_messages` VALUES (338, 8, 260, 'user', '我的信息如下: 性别：{gender}；出生日期：{birth_date}；身高：{height}；今日体重：{current_weight}kg；{delta_7d_kg}；', 'text', 1, '2025-09-28 17:02:20.034000', '2025-09-28 17:02:20.034000', NULL, NULL, '{\"model\":\"hunyuan-turbos-latest\",\"messages\":[{\"role\":\"system\",\"content\":\"你是健康生活建议生成器。只根据用户输入生成“今日建议”的4条列表。 每条包含：title（中文）4字以内、subtitle（简短可执行）7字以内、color（符合#RRGGBB）。 输出必须严格符合提供的 JSON Schema，不要输出多余文本或解释。\"},{\"role\":\"user\",\"content\":\"我的信息如下: 性别：{gender}；出生日期：{birth_date}；身高：{height}；今日体重：{current_weight}kg；{delta_7d_kg}；\"}]}', NULL);
INSERT INTO `ai_messages` VALUES (339, 8, 260, 'assistant', '{\n  \"suggestions\": [\n    {\n      \"title\": \"均衡饮食\",\n      \"subtitle\": \"多吃蔬果\",\n      \"color\": \"#4CAF50\"\n    },\n    {\n      \"title\": \"适量运动\",\n      \"subtitle\": \"步行30分\",\n      \"color\": \"#FF9800\"\n    },\n    {\n      \"title\": \"充足睡眠\",\n      \"subtitle\": \"睡足8时\",\n      \"color\": \"#2196F3\"\n    },\n    {\n      \"title\": \"水分补充\",\n      \"subtitle\": \"饮水8杯\",\n      \"color\": \"#00BCD4\"\n    }\n  ]\n}', 'text', 2, '2025-09-28 17:02:20.185000', '2025-09-28 17:02:20.185000', '258', NULL, '{\"id\":\"d85adfec7fcd2703f57363ab7d4d51c5\",\"object\":\"chat.completion\",\"created\":1759050140,\"model\":\"hunyuan-turbos-latest\",\"system_fingerprint\":\"\",\"choices\":[{\"index\":0,\"message\":{\"role\":\"assistant\",\"content\":\"{\\n  \\\"suggestions\\\": [\\n    {\\n      \\\"title\\\": \\\"均衡饮食\\\",\\n      \\\"subtitle\\\": \\\"多吃蔬果\\\",\\n      \\\"color\\\": \\\"#4CAF50\\\"\\n    },\\n    {\\n      \\\"title\\\": \\\"适量运动\\\",\\n      \\\"subtitle\\\": \\\"步行30分\\\",\\n      \\\"color\\\": \\\"#FF9800\\\"\\n    },\\n    {\\n      \\\"title\\\": \\\"充足睡眠\\\",\\n      \\\"subtitle\\\": \\\"睡足8时\\\",\\n      \\\"color\\\": \\\"#2196F3\\\"\\n    },\\n    {\\n      \\\"title\\\": \\\"水分补充\\\",\\n      \\\"subtitle\\\": \\\"饮水8杯\\\",\\n      \\\"color\\\": \\\"#00BCD4\\\"\\n    }\\n  ]\\n}\"},\"finish_reason\":\"stop\"}],\"usage\":{\"prompt_tokens\":117,\"completion_tokens\":141,\"total_tokens\":258},\"note\":\"以上内容为AI生成，不代表开发者立场，请勿删除或修改本标记\"}', NULL);
INSERT INTO `ai_messages` VALUES (340, 8, 261, 'user', '我的信息如下: 性别：{gender}；出生日期：{birth_date}；身高：{height}；今日体重：{current_weight}kg；{delta_7d_kg}；', 'text', 1, '2025-09-28 17:04:43.026000', '2025-09-28 17:04:43.026000', NULL, NULL, '{\"model\":\"hunyuan-turbos-latest\",\"messages\":[{\"role\":\"system\",\"content\":\"你是减脂健康管理助理。请根据以下用户输入生成今日总结的JSON，字段与字数要求如下：status：标题，<=8字，风格积极或中性，如“稳步下降”“轻微反弹”。message：今日总结，<=25字，要求具体、可读。healthGoal：鼓励话语+目标，<=15字。只返回合法JSON，不含多余文字或代码块标记。若数据缺失，请基于已知信息给出中性建议，仍满足字数限制。\"},{\"role\":\"user\",\"content\":\"我的信息如下: 性别：{gender}；出生日期：{birth_date}；身高：{height}；今日体重：{current_weight}kg；{delta_7d_kg}；\"}]}', NULL);
INSERT INTO `ai_messages` VALUES (341, 8, 261, 'assistant', '{\n    \"status\": \"数据待补\",\n    \"message\": \"体重等数据未完整提供\",\n    \"healthGoal\": \"完善信息，开启减脂之旅\"\n}', 'text', 2, '2025-09-28 17:04:43.223000', '2025-09-28 17:04:43.223000', '190', NULL, '{\"id\":\"0cce95392e8fa43d40765e99591260c5\",\"object\":\"chat.completion\",\"created\":1759050283,\"model\":\"hunyuan-turbos-latest\",\"system_fingerprint\":\"\",\"choices\":[{\"index\":0,\"message\":{\"role\":\"assistant\",\"content\":\"{\\n    \\\"status\\\": \\\"数据待补\\\",\\n    \\\"message\\\": \\\"体重等数据未完整提供\\\",\\n    \\\"healthGoal\\\": \\\"完善信息，开启减脂之旅\\\"\\n}\"},\"finish_reason\":\"stop\"}],\"usage\":{\"prompt_tokens\":152,\"completion_tokens\":38,\"total_tokens\":190},\"note\":\"以上内容为AI生成，不代表开发者立场，请勿删除或修改本标记\"}', NULL);
INSERT INTO `ai_messages` VALUES (342, 8, 262, 'user', '我的信息如下: 性别：{gender}；出生日期：{birth_date}；身高：{height}；今日体重：{current_weight}kg；{delta_7d_kg}；', 'text', 1, '2025-09-28 17:04:46.215000', '2025-09-28 17:04:46.215000', NULL, NULL, '{\"model\":\"hunyuan-turbos-latest\",\"messages\":[{\"role\":\"system\",\"content\":\"你是健康生活建议生成器。只根据用户输入生成“今日建议”的4条列表。 每条包含：title（中文）4字以内、subtitle（简短可执行）7字以内、color（符合#RRGGBB）。 输出必须严格符合提供的 JSON Schema，不要输出多余文本或解释。\"},{\"role\":\"user\",\"content\":\"我的信息如下: 性别：{gender}；出生日期：{birth_date}；身高：{height}；今日体重：{current_weight}kg；{delta_7d_kg}；\"}]}', NULL);
INSERT INTO `ai_messages` VALUES (343, 8, 262, 'assistant', '{\n  \"suggestions\": [\n    {\n      \"title\": \"均衡饮食\",\n      \"subtitle\": \"多吃蔬果\",\n      \"color\": \"#4CAF50\"\n    },\n    {\n      \"title\": \"适量运动\",\n      \"subtitle\": \"快走30分\",\n      \"color\": \"#FF9800\"\n    },\n    {\n      \"title\": \"充足睡眠\",\n      \"subtitle\": \"睡足8时\",\n      \"color\": \"#2196F3\"\n    },\n    {\n      \"title\": \"水分补充\",\n      \"subtitle\": \"饮水8杯\",\n      \"color\": \"#00BCD4\"\n    }\n  ]\n}', 'text', 2, '2025-09-28 17:04:46.309000', '2025-09-28 17:04:46.309000', '259', NULL, '{\"id\":\"0125a38e482c2ccf4eb1f234c0e3fc26\",\"object\":\"chat.completion\",\"created\":1759050286,\"model\":\"hunyuan-turbos-latest\",\"system_fingerprint\":\"\",\"choices\":[{\"index\":0,\"message\":{\"role\":\"assistant\",\"content\":\"{\\n  \\\"suggestions\\\": [\\n    {\\n      \\\"title\\\": \\\"均衡饮食\\\",\\n      \\\"subtitle\\\": \\\"多吃蔬果\\\",\\n      \\\"color\\\": \\\"#4CAF50\\\"\\n    },\\n    {\\n      \\\"title\\\": \\\"适量运动\\\",\\n      \\\"subtitle\\\": \\\"快走30分\\\",\\n      \\\"color\\\": \\\"#FF9800\\\"\\n    },\\n    {\\n      \\\"title\\\": \\\"充足睡眠\\\",\\n      \\\"subtitle\\\": \\\"睡足8时\\\",\\n      \\\"color\\\": \\\"#2196F3\\\"\\n    },\\n    {\\n      \\\"title\\\": \\\"水分补充\\\",\\n      \\\"subtitle\\\": \\\"饮水8杯\\\",\\n      \\\"color\\\": \\\"#00BCD4\\\"\\n    }\\n  ]\\n}\"},\"finish_reason\":\"stop\"}],\"usage\":{\"prompt_tokens\":117,\"completion_tokens\":142,\"total_tokens\":259},\"note\":\"以上内容为AI生成，不代表开发者立场，请勿删除或修改本标记\"}', NULL);
INSERT INTO `ai_messages` VALUES (344, 8, 263, 'user', '我的信息如下: 性别：{gender}；出生日期：{birth_date}；身高：{height}；今日体重：{current_weight}kg；{delta_7d_kg}；', 'text', 1, '2025-09-28 17:05:59.984000', '2025-09-28 17:05:59.984000', NULL, NULL, '{\"model\":\"hunyuan-turbos-latest\",\"messages\":[{\"role\":\"system\",\"content\":\"你是减脂健康管理助理。请根据以下用户输入生成今日总结的JSON，字段与字数要求如下：status：标题，<=8字，风格积极或中性，如“稳步下降”“轻微反弹”。message：今日总结，<=25字，要求具体、可读。healthGoal：鼓励话语+目标，<=15字。只返回合法JSON，不含多余文字或代码块标记。若数据缺失，请基于已知信息给出中性建议，仍满足字数限制。\"},{\"role\":\"user\",\"content\":\"我的信息如下: 性别：{gender}；出生日期：{birth_date}；身高：{height}；今日体重：{current_weight}kg；{delta_7d_kg}；\"}]}', NULL);
INSERT INTO `ai_messages` VALUES (345, 8, 263, 'assistant', '{\n    \"status\": \"数据待补\",\n    \"message\": \"部分数据缺失，暂无法总结\",\n    \"healthGoal\": \"完善信息，精准减脂\"\n}', 'text', 2, '2025-09-28 17:06:00.099000', '2025-09-28 17:06:00.099000', '190', NULL, '{\"id\":\"507b548d3ddf9abd8b706e6044bbfd4f\",\"object\":\"chat.completion\",\"created\":1759050360,\"model\":\"hunyuan-turbos-latest\",\"system_fingerprint\":\"\",\"choices\":[{\"index\":0,\"message\":{\"role\":\"assistant\",\"content\":\"{\\n    \\\"status\\\": \\\"数据待补\\\",\\n    \\\"message\\\": \\\"部分数据缺失，暂无法总结\\\",\\n    \\\"healthGoal\\\": \\\"完善信息，精准减脂\\\"\\n}\"},\"finish_reason\":\"stop\"}],\"usage\":{\"prompt_tokens\":152,\"completion_tokens\":38,\"total_tokens\":190},\"note\":\"以上内容为AI生成，不代表开发者立场，请勿删除或修改本标记\"}', NULL);
INSERT INTO `ai_messages` VALUES (346, 8, 264, 'user', '我的信息如下: 性别：{gender}；出生日期：{birth_date}；身高：{height}；今日体重：{current_weight}kg；{delta_7d_kg}；', 'text', 1, '2025-09-28 17:06:02.727000', '2025-09-28 17:06:02.727000', NULL, NULL, '{\"model\":\"hunyuan-turbos-latest\",\"messages\":[{\"role\":\"system\",\"content\":\"你是健康生活建议生成器。只根据用户输入生成“今日建议”的4条列表。 每条包含：title（中文）4字以内、subtitle（简短可执行）7字以内、color（符合#RRGGBB）。 输出必须严格符合提供的 JSON Schema，不要输出多余文本或解释。\"},{\"role\":\"user\",\"content\":\"我的信息如下: 性别：{gender}；出生日期：{birth_date}；身高：{height}；今日体重：{current_weight}kg；{delta_7d_kg}；\"}]}', NULL);
INSERT INTO `ai_messages` VALUES (347, 8, 264, 'assistant', '{\n  \"suggestions\": [\n    {\n      \"title\": \"均衡饮食\",\n      \"subtitle\": \"多吃蔬果\",\n      \"color\": \"#4CAF50\"\n    },\n    {\n      \"title\": \"适量运动\",\n      \"subtitle\": \"快走30分\",\n      \"color\": \"#FF9800\"\n    },\n    {\n      \"title\": \"充足睡眠\",\n      \"subtitle\": \"睡足8时\",\n      \"color\": \"#2196F3\"\n    },\n    {\n      \"title\": \"水分补充\",\n      \"subtitle\": \"饮水8杯\",\n      \"color\": \"#00BCD4\"\n    }\n  ]\n}', 'text', 2, '2025-09-28 17:06:02.834000', '2025-09-28 17:06:02.834000', '259', NULL, '{\"id\":\"a2bacf519f7479a43dd2b347e0e9a1d4\",\"object\":\"chat.completion\",\"created\":1759050363,\"model\":\"hunyuan-turbos-latest\",\"system_fingerprint\":\"\",\"choices\":[{\"index\":0,\"message\":{\"role\":\"assistant\",\"content\":\"{\\n  \\\"suggestions\\\": [\\n    {\\n      \\\"title\\\": \\\"均衡饮食\\\",\\n      \\\"subtitle\\\": \\\"多吃蔬果\\\",\\n      \\\"color\\\": \\\"#4CAF50\\\"\\n    },\\n    {\\n      \\\"title\\\": \\\"适量运动\\\",\\n      \\\"subtitle\\\": \\\"快走30分\\\",\\n      \\\"color\\\": \\\"#FF9800\\\"\\n    },\\n    {\\n      \\\"title\\\": \\\"充足睡眠\\\",\\n      \\\"subtitle\\\": \\\"睡足8时\\\",\\n      \\\"color\\\": \\\"#2196F3\\\"\\n    },\\n    {\\n      \\\"title\\\": \\\"水分补充\\\",\\n      \\\"subtitle\\\": \\\"饮水8杯\\\",\\n      \\\"color\\\": \\\"#00BCD4\\\"\\n    }\\n  ]\\n}\"},\"finish_reason\":\"stop\"}],\"usage\":{\"prompt_tokens\":117,\"completion_tokens\":142,\"total_tokens\":259},\"note\":\"以上内容为AI生成，不代表开发者立场，请勿删除或修改本标记\"}', NULL);
INSERT INTO `ai_messages` VALUES (348, 8, 265, 'user', '我的信息如下: 性别：{gender}；出生日期：{birth_date}；身高：{height}；今日体重：{current_weight}kg；{delta_7d_kg}；', 'text', 1, '2025-09-28 17:08:23.933000', '2025-09-28 17:08:23.933000', NULL, NULL, '{\"model\":\"hunyuan-turbos-latest\",\"messages\":[{\"role\":\"system\",\"content\":\"你是减脂健康管理助理。请根据以下用户输入生成今日总结的JSON，字段与字数要求如下：status：标题，<=8字，风格积极或中性，如“稳步下降”“轻微反弹”。message：今日总结，<=25字，要求具体、可读。healthGoal：鼓励话语+目标，<=15字。只返回合法JSON，不含多余文字或代码块标记。若数据缺失，请基于已知信息给出中性建议，仍满足字数限制。\"},{\"role\":\"user\",\"content\":\"我的信息如下: 性别：{gender}；出生日期：{birth_date}；身高：{height}；今日体重：{current_weight}kg；{delta_7d_kg}；\"}]}', NULL);
INSERT INTO `ai_messages` VALUES (349, 8, 265, 'assistant', '{\n    \"status\": \"数据待补\",\n    \"message\": \"今日体重已记录，待完善信息分析\",\n    \"healthGoal\": \"完善信息，精准减脂\"\n}', 'text', 2, '2025-09-28 17:08:24.092000', '2025-09-28 17:08:24.092000', '192', NULL, '{\"id\":\"2fd85bc5824d370b763baf6bee8635d3\",\"object\":\"chat.completion\",\"created\":1759050504,\"model\":\"hunyuan-turbos-latest\",\"system_fingerprint\":\"\",\"choices\":[{\"index\":0,\"message\":{\"role\":\"assistant\",\"content\":\"{\\n    \\\"status\\\": \\\"数据待补\\\",\\n    \\\"message\\\": \\\"今日体重已记录，待完善信息分析\\\",\\n    \\\"healthGoal\\\": \\\"完善信息，精准减脂\\\"\\n}\"},\"finish_reason\":\"stop\"}],\"usage\":{\"prompt_tokens\":152,\"completion_tokens\":40,\"total_tokens\":192},\"note\":\"以上内容为AI生成，不代表开发者立场，请勿删除或修改本标记\"}', NULL);
INSERT INTO `ai_messages` VALUES (350, 8, 266, 'user', '我的信息如下: 性别：{gender}；出生日期：{birth_date}；身高：{height}；今日体重：{current_weight}kg；{delta_7d_kg}；', 'text', 1, '2025-09-28 17:08:26.444000', '2025-09-28 17:08:26.444000', NULL, NULL, '{\"model\":\"hunyuan-turbos-latest\",\"messages\":[{\"role\":\"system\",\"content\":\"你是健康生活建议生成器。只根据用户输入生成“今日建议”的4条列表。 每条包含：title（中文）4字以内、subtitle（简短可执行）7字以内、color（符合#RRGGBB）。 输出必须严格符合提供的 JSON Schema，不要输出多余文本或解释。\"},{\"role\":\"user\",\"content\":\"我的信息如下: 性别：{gender}；出生日期：{birth_date}；身高：{height}；今日体重：{current_weight}kg；{delta_7d_kg}；\"}]}', NULL);
INSERT INTO `ai_messages` VALUES (351, 8, 266, 'assistant', '{\n  \"suggestions\": [\n    {\n      \"title\": \"均衡饮食\",\n      \"subtitle\": \"多吃蔬果\",\n      \"color\": \"#4CAF50\"\n    },\n    {\n      \"title\": \"适量运动\",\n      \"subtitle\": \"步行30分\",\n      \"color\": \"#FF9800\"\n    },\n    {\n      \"title\": \"充足睡眠\",\n      \"subtitle\": \"睡足8时\",\n      \"color\": \"#2196F3\"\n    },\n    {\n      \"title\": \"水分补充\",\n      \"subtitle\": \"饮水8杯\",\n      \"color\": \"#00BCD4\"\n    }\n  ]\n}', 'text', 2, '2025-09-28 17:08:26.580000', '2025-09-28 17:08:26.580000', '258', NULL, '{\"id\":\"b5be2b922c06bb0a915c64c3d7431c0d\",\"object\":\"chat.completion\",\"created\":1759050507,\"model\":\"hunyuan-turbos-latest\",\"system_fingerprint\":\"\",\"choices\":[{\"index\":0,\"message\":{\"role\":\"assistant\",\"content\":\"{\\n  \\\"suggestions\\\": [\\n    {\\n      \\\"title\\\": \\\"均衡饮食\\\",\\n      \\\"subtitle\\\": \\\"多吃蔬果\\\",\\n      \\\"color\\\": \\\"#4CAF50\\\"\\n    },\\n    {\\n      \\\"title\\\": \\\"适量运动\\\",\\n      \\\"subtitle\\\": \\\"步行30分\\\",\\n      \\\"color\\\": \\\"#FF9800\\\"\\n    },\\n    {\\n      \\\"title\\\": \\\"充足睡眠\\\",\\n      \\\"subtitle\\\": \\\"睡足8时\\\",\\n      \\\"color\\\": \\\"#2196F3\\\"\\n    },\\n    {\\n      \\\"title\\\": \\\"水分补充\\\",\\n      \\\"subtitle\\\": \\\"饮水8杯\\\",\\n      \\\"color\\\": \\\"#00BCD4\\\"\\n    }\\n  ]\\n}\"},\"finish_reason\":\"stop\"}],\"usage\":{\"prompt_tokens\":117,\"completion_tokens\":141,\"total_tokens\":258},\"note\":\"以上内容为AI生成，不代表开发者立场，请勿删除或修改本标记\"}', NULL);
INSERT INTO `ai_messages` VALUES (352, 8, 268, 'user', '我的信息如下: 性别：{gender}；出生日期：{birth_date}；身高：{height}；今日体重：{current_weight}kg；{delta_7d_kg}；', 'text', 1, '2025-09-28 17:20:43.811000', '2025-09-28 17:20:43.811000', NULL, NULL, '{\"model\":\"hunyuan-turbos-latest\",\"messages\":[{\"role\":\"system\",\"content\":\"你是减脂健康管理助理。请根据以下用户输入生成今日总结的JSON，字段与字数要求如下：status：标题，<=8字，风格积极或中性，如“稳步下降”“轻微反弹”。message：今日总结，<=25字，要求具体、可读。healthGoal：鼓励话语+目标，<=15字。只返回合法JSON，不含多余文字或代码块标记。若数据缺失，请基于已知信息给出中性建议，仍满足字数限制。\"},{\"role\":\"user\",\"content\":\"我的信息如下: 性别：{gender}；出生日期：{birth_date}；身高：{height}；今日体重：{current_weight}kg；{delta_7d_kg}；\"}]}', NULL);
INSERT INTO `ai_messages` VALUES (353, 8, 268, 'assistant', '{\n    \"status\": \"数据待补\",\n    \"message\": \"今日体重及周变化数据未提供\",\n    \"healthGoal\": \"完善信息，开启减脂之旅\"\n}', 'text', 2, '2025-09-28 17:20:43.924000', '2025-09-28 17:20:43.924000', '192', NULL, '{\"id\":\"ed15b7f8497204c3f9ac15c03ba2262e\",\"object\":\"chat.completion\",\"created\":1759051244,\"model\":\"hunyuan-turbos-latest\",\"system_fingerprint\":\"\",\"choices\":[{\"index\":0,\"message\":{\"role\":\"assistant\",\"content\":\"{\\n    \\\"status\\\": \\\"数据待补\\\",\\n    \\\"message\\\": \\\"今日体重及周变化数据未提供\\\",\\n    \\\"healthGoal\\\": \\\"完善信息，开启减脂之旅\\\"\\n}\"},\"finish_reason\":\"stop\"}],\"usage\":{\"prompt_tokens\":152,\"completion_tokens\":40,\"total_tokens\":192},\"note\":\"以上内容为AI生成，不代表开发者立场，请勿删除或修改本标记\"}', NULL);
INSERT INTO `ai_messages` VALUES (354, 8, 267, 'user', '我的信息如下: 性别：{gender}；出生日期：{birth_date}；身高：{height}；今日体重：{current_weight}kg；{delta_7d_kg}；', 'text', 1, '2025-09-28 17:20:46.260000', '2025-09-28 17:20:46.260000', NULL, NULL, '{\"model\":\"hunyuan-turbos-latest\",\"messages\":[{\"role\":\"system\",\"content\":\"生成4条今日健康建议，输出严格为JSON数组，每条含\\\"title\\\"(≤4字中文)、“subtitle”(≤7字可执行)、“color”(#RRGGBB)，不得输出多余文字。\"},{\"role\":\"user\",\"content\":\"我的信息如下: 性别：{gender}；出生日期：{birth_date}；身高：{height}；今日体重：{current_weight}kg；{delta_7d_kg}；\"}]}', NULL);
INSERT INTO `ai_messages` VALUES (355, 8, 267, 'assistant', '[\n  {\n    \"title\": \"均衡饮食\",\n    \"subtitle\": \"多吃蔬果\",\n    \"color\": \"#3CB371\"\n  },\n  {\n    \"title\": \"适度运动\",\n    \"subtitle\": \"散步半小时\",\n    \"color\": \"#FF6347\"\n  },\n  {\n    \"title\": \"充足睡眠\",\n    \"subtitle\": \"睡足八小时\",\n    \"color\": \"#4169E1\"\n  },\n  {\n    \"title\": \"水分补充\",\n    \"subtitle\": \"喝八杯水\",\n    \"color\": \"#00CED1\"\n  }\n]', 'text', 2, '2025-09-28 17:20:46.351000', '2025-09-28 17:20:46.351000', '226', NULL, '{\"id\":\"3d4df18ef66a2fd6257f945dd289debe\",\"object\":\"chat.completion\",\"created\":1759051246,\"model\":\"hunyuan-turbos-latest\",\"system_fingerprint\":\"\",\"choices\":[{\"index\":0,\"message\":{\"role\":\"assistant\",\"content\":\"[\\n  {\\n    \\\"title\\\": \\\"均衡饮食\\\",\\n    \\\"subtitle\\\": \\\"多吃蔬果\\\",\\n    \\\"color\\\": \\\"#3CB371\\\"\\n  },\\n  {\\n    \\\"title\\\": \\\"适度运动\\\",\\n    \\\"subtitle\\\": \\\"散步半小时\\\",\\n    \\\"color\\\": \\\"#FF6347\\\"\\n  },\\n  {\\n    \\\"title\\\": \\\"充足睡眠\\\",\\n    \\\"subtitle\\\": \\\"睡足八小时\\\",\\n    \\\"color\\\": \\\"#4169E1\\\"\\n  },\\n  {\\n    \\\"title\\\": \\\"水分补充\\\",\\n    \\\"subtitle\\\": \\\"喝八杯水\\\",\\n    \\\"color\\\": \\\"#00CED1\\\"\\n  }\\n]\"},\"finish_reason\":\"stop\"}],\"usage\":{\"prompt_tokens\":94,\"completion_tokens\":132,\"total_tokens\":226},\"note\":\"以上内容为AI生成，不代表开发者立场，请勿删除或修改本标记\"}', NULL);
INSERT INTO `ai_messages` VALUES (356, 8, 270, 'user', '我的信息如下: 性别：{gender}；出生日期：{birth_date}；身高：{height}；今日体重：{current_weight}kg；{delta_7d_kg}；', 'text', 1, '2025-09-28 17:21:33.999000', '2025-09-28 17:21:33.999000', NULL, NULL, '{\"model\":\"hunyuan-turbos-latest\",\"messages\":[{\"role\":\"system\",\"content\":\"你是减脂健康管理助理。请根据以下用户输入生成今日总结的JSON，字段与字数要求如下：status：标题，<=8字，风格积极或中性，如“稳步下降”“轻微反弹”。message：今日总结，<=25字，要求具体、可读。healthGoal：鼓励话语+目标，<=15字。只返回合法JSON，不含多余文字或代码块标记。若数据缺失，请基于已知信息给出中性建议，仍满足字数限制。\"},{\"role\":\"user\",\"content\":\"我的信息如下: 性别：{gender}；出生日期：{birth_date}；身高：{height}；今日体重：{current_weight}kg；{delta_7d_kg}；\"}]}', NULL);
INSERT INTO `ai_messages` VALUES (357, 8, 270, 'assistant', '{\n    \"status\": \"数据待补\",\n    \"message\": \"部分信息缺失，待补充完整\",\n    \"healthGoal\": \"完善信息，开启减脂之旅\"\n}', 'text', 2, '2025-09-28 17:21:34.120000', '2025-09-28 17:21:34.120000', '191', NULL, '{\"id\":\"148070bc635053814b706dc5269504fb\",\"object\":\"chat.completion\",\"created\":1759051294,\"model\":\"hunyuan-turbos-latest\",\"system_fingerprint\":\"\",\"choices\":[{\"index\":0,\"message\":{\"role\":\"assistant\",\"content\":\"{\\n    \\\"status\\\": \\\"数据待补\\\",\\n    \\\"message\\\": \\\"部分信息缺失，待补充完整\\\",\\n    \\\"healthGoal\\\": \\\"完善信息，开启减脂之旅\\\"\\n}\"},\"finish_reason\":\"stop\"}],\"usage\":{\"prompt_tokens\":152,\"completion_tokens\":39,\"total_tokens\":191},\"note\":\"以上内容为AI生成，不代表开发者立场，请勿删除或修改本标记\"}', NULL);
INSERT INTO `ai_messages` VALUES (358, 8, 269, 'user', '我的信息如下: 性别：{gender}；出生日期：{birth_date}；身高：{height}；今日体重：{current_weight}kg；{delta_7d_kg}；', 'text', 1, '2025-09-28 17:21:37.182000', '2025-09-28 17:21:37.182000', NULL, NULL, '{\"model\":\"hunyuan-turbos-latest\",\"messages\":[{\"role\":\"system\",\"content\":\"生成4条今日健康建议，输出严格为JSON数组，每条含\\\"title\\\"(≤4字中文)、“subtitle”(≤7字可执行)、“color”(#RRGGBB)，不得输出多余文字。\"},{\"role\":\"user\",\"content\":\"我的信息如下: 性别：{gender}；出生日期：{birth_date}；身高：{height}；今日体重：{current_weight}kg；{delta_7d_kg}；\"}]}', NULL);
INSERT INTO `ai_messages` VALUES (359, 8, 269, 'assistant', '[\n  {\n    \"title\": \"均衡饮食\",\n    \"subtitle\": \"多吃蔬果\",\n    \"color\": \"#3CB371\"\n  },\n  {\n    \"title\": \"适量运动\",\n    \"subtitle\": \"步行30分\",\n    \"color\": \"#FF6347\"\n  },\n  {\n    \"title\": \"充足睡眠\",\n    \"subtitle\": \"睡足8时\",\n    \"color\": \"#4169E1\"\n  },\n  {\n    \"title\": \"水分补充\",\n    \"subtitle\": \"饮水1500ml\",\n    \"color\": \"#20B2AA\"\n  }\n]', 'text', 2, '2025-09-28 17:21:37.362000', '2025-09-28 17:21:37.362000', '231', NULL, '{\"id\":\"08232229d2cebb413ffc7403bd4ac770\",\"object\":\"chat.completion\",\"created\":1759051297,\"model\":\"hunyuan-turbos-latest\",\"system_fingerprint\":\"\",\"choices\":[{\"index\":0,\"message\":{\"role\":\"assistant\",\"content\":\"[\\n  {\\n    \\\"title\\\": \\\"均衡饮食\\\",\\n    \\\"subtitle\\\": \\\"多吃蔬果\\\",\\n    \\\"color\\\": \\\"#3CB371\\\"\\n  },\\n  {\\n    \\\"title\\\": \\\"适量运动\\\",\\n    \\\"subtitle\\\": \\\"步行30分\\\",\\n    \\\"color\\\": \\\"#FF6347\\\"\\n  },\\n  {\\n    \\\"title\\\": \\\"充足睡眠\\\",\\n    \\\"subtitle\\\": \\\"睡足8时\\\",\\n    \\\"color\\\": \\\"#4169E1\\\"\\n  },\\n  {\\n    \\\"title\\\": \\\"水分补充\\\",\\n    \\\"subtitle\\\": \\\"饮水1500ml\\\",\\n    \\\"color\\\": \\\"#20B2AA\\\"\\n  }\\n]\"},\"finish_reason\":\"stop\"}],\"usage\":{\"prompt_tokens\":94,\"completion_tokens\":137,\"total_tokens\":231},\"note\":\"以上内容为AI生成，不代表开发者立场，请勿删除或修改本标记\"}', NULL);
INSERT INTO `ai_messages` VALUES (360, 8, 271, 'user', '我的信息如下: 性别：{gender}；出生日期：{birth_date}；身高：{height}；今日体重：{current_weight}kg；{delta_7d_kg}；', 'text', 1, '2025-09-28 17:25:55.195000', '2025-09-28 17:25:55.195000', NULL, NULL, '{\"model\":\"hunyuan-turbos-latest\",\"messages\":[{\"role\":\"system\",\"content\":\"你是减脂健康管理助理。请根据以下用户输入生成今日总结的JSON，字段与字数要求如下：status：标题，<=8字，风格积极或中性，如“稳步下降”“轻微反弹”。message：今日总结，<=25字，要求具体、可读。healthGoal：鼓励话语+目标，<=15字。只返回合法JSON，不含多余文字或代码块标记。若数据缺失，请基于已知信息给出中性建议，仍满足字数限制。\"},{\"role\":\"user\",\"content\":\"我的信息如下: 性别：{gender}；出生日期：{birth_date}；身高：{height}；今日体重：{current_weight}kg；{delta_7d_kg}；\"}]}', NULL);
INSERT INTO `ai_messages` VALUES (361, 8, 271, 'assistant', '{\n    \"status\": \"数据待补\",\n    \"message\": \"等待完善信息以精准总结\",\n    \"healthGoal\": \"加油补信息，健康减脂\"\n}', 'text', 2, '2025-09-28 17:25:55.315000', '2025-09-28 17:25:55.315000', '190', NULL, '{\"id\":\"bde03dd1dcae65ded53a2cceb8105fb1\",\"object\":\"chat.completion\",\"created\":1759051555,\"model\":\"hunyuan-turbos-latest\",\"system_fingerprint\":\"\",\"choices\":[{\"index\":0,\"message\":{\"role\":\"assistant\",\"content\":\"{\\n    \\\"status\\\": \\\"数据待补\\\",\\n    \\\"message\\\": \\\"等待完善信息以精准总结\\\",\\n    \\\"healthGoal\\\": \\\"加油补信息，健康减脂\\\"\\n}\"},\"finish_reason\":\"stop\"}],\"usage\":{\"prompt_tokens\":152,\"completion_tokens\":38,\"total_tokens\":190},\"note\":\"以上内容为AI生成，不代表开发者立场，请勿删除或修改本标记\"}', NULL);
INSERT INTO `ai_messages` VALUES (362, 8, 272, 'user', '我的信息如下: 性别：{gender}；出生日期：{birth_date}；身高：{height}；今日体重：{current_weight}kg；{delta_7d_kg}；', 'text', 1, '2025-09-28 17:25:58.060000', '2025-09-28 17:25:58.060000', NULL, NULL, '{\"model\":\"hunyuan-turbos-latest\",\"messages\":[{\"role\":\"system\",\"content\":\"生成4条今日健康建议，输出严格为JSON数组，每条含\\\"title\\\"(≤4字中文)、“subtitle”(≤7字可执行)、“color”(#RRGGBB)，不得输出多余文字。\"},{\"role\":\"user\",\"content\":\"我的信息如下: 性别：{gender}；出生日期：{birth_date}；身高：{height}；今日体重：{current_weight}kg；{delta_7d_kg}；\"}]}', NULL);
INSERT INTO `ai_messages` VALUES (363, 8, 272, 'assistant', '[\n  {\n    \"title\": \"均衡饮食\",\n    \"subtitle\": \"多吃蔬果\",\n    \"color\": \"#34A853\"\n  },\n  {\n    \"title\": \"适度运动\",\n    \"subtitle\": \"散步半小时\",\n    \"color\": \"#4285F4\"\n  },\n  {\n    \"title\": \"充足睡眠\",\n    \"subtitle\": \"睡足八小时\",\n    \"color\": \"#9C27B0\"\n  },\n  {\n    \"title\": \"水分补充\",\n    \"subtitle\": \"喝够八杯水\",\n    \"color\": \"#FF9800\"\n  }\n]', 'text', 2, '2025-09-28 17:25:58.175000', '2025-09-28 17:25:58.175000', '230', NULL, '{\"id\":\"268d6a02524518525945fa814252b702\",\"object\":\"chat.completion\",\"created\":1759051558,\"model\":\"hunyuan-turbos-latest\",\"system_fingerprint\":\"\",\"choices\":[{\"index\":0,\"message\":{\"role\":\"assistant\",\"content\":\"[\\n  {\\n    \\\"title\\\": \\\"均衡饮食\\\",\\n    \\\"subtitle\\\": \\\"多吃蔬果\\\",\\n    \\\"color\\\": \\\"#34A853\\\"\\n  },\\n  {\\n    \\\"title\\\": \\\"适度运动\\\",\\n    \\\"subtitle\\\": \\\"散步半小时\\\",\\n    \\\"color\\\": \\\"#4285F4\\\"\\n  },\\n  {\\n    \\\"title\\\": \\\"充足睡眠\\\",\\n    \\\"subtitle\\\": \\\"睡足八小时\\\",\\n    \\\"color\\\": \\\"#9C27B0\\\"\\n  },\\n  {\\n    \\\"title\\\": \\\"水分补充\\\",\\n    \\\"subtitle\\\": \\\"喝够八杯水\\\",\\n    \\\"color\\\": \\\"#FF9800\\\"\\n  }\\n]\"},\"finish_reason\":\"stop\"}],\"usage\":{\"prompt_tokens\":94,\"completion_tokens\":136,\"total_tokens\":230},\"note\":\"以上内容为AI生成，不代表开发者立场，请勿删除或修改本标记\"}', NULL);
INSERT INTO `ai_messages` VALUES (364, 8, 273, 'user', '我的信息如下: 性别：{gender}；出生日期：{birth_date}；身高：{height}；今日体重：{current_weight}kg；{delta_7d_kg}；', 'text', 1, '2025-09-28 17:29:25.167000', '2025-09-28 17:29:25.167000', NULL, NULL, '{\"model\":\"hunyuan-turbos-latest\",\"messages\":[{\"role\":\"system\",\"content\":\"你是减脂健康管理助理。请根据以下用户输入生成今日总结的JSON，字段与字数要求如下：status：标题，<=8字，风格积极或中性，如“稳步下降”“轻微反弹”。message：今日总结，<=25字，要求具体、可读。healthGoal：鼓励话语+目标，<=15字。只返回合法JSON，不含多余文字或代码块标记。若数据缺失，请基于已知信息给出中性建议，仍满足字数限制。\"},{\"role\":\"user\",\"content\":\"我的信息如下: 性别：{gender}；出生日期：{birth_date}；身高：{height}；今日体重：{current_weight}kg；{delta_7d_kg}；\"}]}', NULL);
INSERT INTO `ai_messages` VALUES (365, 8, 273, 'assistant', '{\n    \"status\": \"数据待补\",\n    \"message\": \"部分信息缺失，待补充完整\",\n    \"healthGoal\": \"完善信息，开启减脂之旅\"\n}', 'text', 2, '2025-09-28 17:29:25.298000', '2025-09-28 17:29:25.298000', '191', NULL, '{\"id\":\"5a8c11cc8e77d911aa265c288b73b2a7\",\"object\":\"chat.completion\",\"created\":1759051765,\"model\":\"hunyuan-turbos-latest\",\"system_fingerprint\":\"\",\"choices\":[{\"index\":0,\"message\":{\"role\":\"assistant\",\"content\":\"{\\n    \\\"status\\\": \\\"数据待补\\\",\\n    \\\"message\\\": \\\"部分信息缺失，待补充完整\\\",\\n    \\\"healthGoal\\\": \\\"完善信息，开启减脂之旅\\\"\\n}\"},\"finish_reason\":\"stop\"}],\"usage\":{\"prompt_tokens\":152,\"completion_tokens\":39,\"total_tokens\":191},\"note\":\"以上内容为AI生成，不代表开发者立场，请勿删除或修改本标记\"}', NULL);
INSERT INTO `ai_messages` VALUES (366, 8, 276, 'user', '我的信息如下: 性别：#{gender}；出生日期：#{birth_date}；身高：#{height}；今日体重：#{current_weight}kg；#{delta_7d_kg}；', 'text', 1, '2025-09-28 17:30:46.482000', '2025-09-28 17:30:46.482000', NULL, NULL, '{\"model\":\"hunyuan-turbos-latest\",\"messages\":[{\"role\":\"system\",\"content\":\"你是减脂健康管理助理。请根据以下用户输入生成今日总结的JSON，字段与字数要求如下：status：标题，<=8字，风格积极或中性，如“稳步下降”“轻微反弹”。message：今日总结，<=25字，要求具体、可读。healthGoal：鼓励话语+目标，<=15字。只返回合法JSON，不含多余文字或代码块标记。若数据缺失，请基于已知信息给出中性建议，仍满足字数限制。\"},{\"role\":\"user\",\"content\":\"我的信息如下: 性别：男；出生日期：1999-08-01；身高：180；今日体重：105kg；2025-09-28-2025-09-28体重变换:；\"}]}', NULL);
INSERT INTO `ai_messages` VALUES (367, 8, 276, 'assistant', '{\n    \"status\": \"数据待观察\",\n    \"message\": \"今日体重105kg，暂无变化数据\",\n    \"healthGoal\": \"坚持下去，向健康体重迈进\"\n}', 'text', 2, '2025-09-28 17:30:46.594000', '2025-09-28 17:30:46.594000', '213', NULL, '{\"id\":\"b792b42e59aae6fef0448978e36de409\",\"object\":\"chat.completion\",\"created\":1759051847,\"model\":\"hunyuan-turbos-latest\",\"system_fingerprint\":\"\",\"choices\":[{\"index\":0,\"message\":{\"role\":\"assistant\",\"content\":\"{\\n    \\\"status\\\": \\\"数据待观察\\\",\\n    \\\"message\\\": \\\"今日体重105kg，暂无变化数据\\\",\\n    \\\"healthGoal\\\": \\\"坚持下去，向健康体重迈进\\\"\\n}\"},\"finish_reason\":\"stop\"}],\"usage\":{\"prompt_tokens\":171,\"completion_tokens\":42,\"total_tokens\":213},\"note\":\"以上内容为AI生成，不代表开发者立场，请勿删除或修改本标记\"}', NULL);
INSERT INTO `ai_messages` VALUES (368, 8, 275, 'user', '我的信息如下: 性别：#{gender}；出生日期：#{birth_date}；身高：#{height}；今日体重：#{current_weight}kg；#{delta_7d_kg}；', 'text', 1, '2025-09-28 17:30:49.278000', '2025-09-28 17:30:49.278000', NULL, NULL, '{\"model\":\"hunyuan-turbos-latest\",\"messages\":[{\"role\":\"system\",\"content\":\"生成4条今日健康建议，输出严格为JSON数组，每条含\\\"title\\\"(≤4字中文)、“subtitle”(≤7字可执行)、“color”(#RRGGBB)，不得输出多余文字。\"},{\"role\":\"user\",\"content\":\"我的信息如下: 性别：男；出生日期：1999-08-01；身高：180；今日体重：105kg；2025-09-28-2025-09-28体重变换:；\"}]}', NULL);
INSERT INTO `ai_messages` VALUES (369, 8, 275, 'assistant', '[\n  {\n    \"title\": \"控食量\",\n    \"subtitle\": \"每餐八分饱\",\n    \"color\": \"#FF6347\"\n  },\n  {\n    \"title\": \"多运动\",\n    \"subtitle\": \"每日步数万\",\n    \"color\": \"#32CD32\"\n  },\n  {\n    \"title\": \"少油腻\",\n    \"subtitle\": \"饮食选清淡\",\n    \"color\": \"#4169E1\"\n  },\n  {\n    \"title\": \"早休息\",\n    \"subtitle\": \"十点入梦乡\",\n    \"color\": \"#9370DB\"\n  }\n]', 'text', 2, '2025-09-28 17:30:49.387000', '2025-09-28 17:30:49.387000', '251', NULL, '{\"id\":\"bd96490b76740ddda7c730021beda024\",\"object\":\"chat.completion\",\"created\":1759051849,\"model\":\"hunyuan-turbos-latest\",\"system_fingerprint\":\"\",\"choices\":[{\"index\":0,\"message\":{\"role\":\"assistant\",\"content\":\"[\\n  {\\n    \\\"title\\\": \\\"控食量\\\",\\n    \\\"subtitle\\\": \\\"每餐八分饱\\\",\\n    \\\"color\\\": \\\"#FF6347\\\"\\n  },\\n  {\\n    \\\"title\\\": \\\"多运动\\\",\\n    \\\"subtitle\\\": \\\"每日步数万\\\",\\n    \\\"color\\\": \\\"#32CD32\\\"\\n  },\\n  {\\n    \\\"title\\\": \\\"少油腻\\\",\\n    \\\"subtitle\\\": \\\"饮食选清淡\\\",\\n    \\\"color\\\": \\\"#4169E1\\\"\\n  },\\n  {\\n    \\\"title\\\": \\\"早休息\\\",\\n    \\\"subtitle\\\": \\\"十点入梦乡\\\",\\n    \\\"color\\\": \\\"#9370DB\\\"\\n  }\\n]\"},\"finish_reason\":\"stop\"}],\"usage\":{\"prompt_tokens\":113,\"completion_tokens\":138,\"total_tokens\":251},\"note\":\"以上内容为AI生成，不代表开发者立场，请勿删除或修改本标记\"}', NULL);
INSERT INTO `ai_messages` VALUES (370, 8, 278, 'user', '我的信息如下: 性别：#{gender}；出生日期：#{birth_date}；身高：#{height}；今日体重：#{current_weight}kg；#{delta_7d_kg}；', 'text', 1, '2025-09-28 17:31:07.556000', '2025-09-28 17:31:07.556000', NULL, NULL, '{\"model\":\"hunyuan-turbos-latest\",\"messages\":[{\"role\":\"system\",\"content\":\"你是减脂健康管理助理。请根据以下用户输入生成今日总结的JSON，字段与字数要求如下：status：标题，<=8字，风格积极或中性，如“稳步下降”“轻微反弹”。message：今日总结，<=25字，要求具体、可读。healthGoal：鼓励话语+目标，<=15字。只返回合法JSON，不含多余文字或代码块标记。若数据缺失，请基于已知信息给出中性建议，仍满足字数限制。\"},{\"role\":\"user\",\"content\":\"我的信息如下: 性别：男；出生日期：1999-08-01；身高：180；今日体重：105kg；2025-09-28-2025-09-28体重变换:；\"}]}', NULL);
INSERT INTO `ai_messages` VALUES (371, 8, 278, 'assistant', '{\n    \"status\": \"数据待察\",\n    \"message\": \"今日体重105kg，暂无变化数据\",\n    \"healthGoal\": \"坚持下去，向健康体重迈进\"\n}', 'text', 2, '2025-09-28 17:31:07.657000', '2025-09-28 17:31:07.657000', '213', NULL, '{\"id\":\"0277d768011fad209c921d0ff2d22dd3\",\"object\":\"chat.completion\",\"created\":1759051868,\"model\":\"hunyuan-turbos-latest\",\"system_fingerprint\":\"\",\"choices\":[{\"index\":0,\"message\":{\"role\":\"assistant\",\"content\":\"{\\n    \\\"status\\\": \\\"数据待察\\\",\\n    \\\"message\\\": \\\"今日体重105kg，暂无变化数据\\\",\\n    \\\"healthGoal\\\": \\\"坚持下去，向健康体重迈进\\\"\\n}\"},\"finish_reason\":\"stop\"}],\"usage\":{\"prompt_tokens\":171,\"completion_tokens\":42,\"total_tokens\":213},\"note\":\"以上内容为AI生成，不代表开发者立场，请勿删除或修改本标记\"}', NULL);
INSERT INTO `ai_messages` VALUES (372, 8, 277, 'user', '我的信息如下: 性别：#{gender}；出生日期：#{birth_date}；身高：#{height}；今日体重：#{current_weight}kg；#{delta_7d_kg}；', 'text', 1, '2025-09-28 17:31:09.682000', '2025-09-28 17:31:09.682000', NULL, NULL, '{\"model\":\"hunyuan-turbos-latest\",\"messages\":[{\"role\":\"system\",\"content\":\"生成4条今日健康建议，输出严格为JSON数组，每条含\\\"title\\\"(≤4字中文)、“subtitle”(≤7字可执行)、“color”(#RRGGBB)，不得输出多余文字。\"},{\"role\":\"user\",\"content\":\"我的信息如下: 性别：男；出生日期：1999-08-01；身高：180；今日体重：105kg；2025-09-28-2025-09-28体重变换:；\"}]}', NULL);
INSERT INTO `ai_messages` VALUES (373, 8, 277, 'assistant', '[\n  {\n    \"title\": \"控食量\",\n    \"subtitle\": \"八分饱停\",\n    \"color\": \"#FF6B6B\"\n  },\n  {\n    \"title\": \"多走动\",\n    \"subtitle\": \"日行万步\",\n    \"color\": \"#4ECDC4\"\n  },\n  {\n    \"title\": \"早睡觉\",\n    \"subtitle\": \"十点入睡\",\n    \"color\": \"#45B7D1\"\n  },\n  {\n    \"title\": \"少油腻\",\n    \"subtitle\": \"拒高脂餐\",\n    \"color\": \"#96CEB4\"\n  }\n]', 'text', 2, '2025-09-28 17:31:09.867000', '2025-09-28 17:31:09.867000', '249', NULL, '{\"id\":\"c9d2731f0a7a29f602d83fe4e6a5fb81\",\"object\":\"chat.completion\",\"created\":1759051870,\"model\":\"hunyuan-turbos-latest\",\"system_fingerprint\":\"\",\"choices\":[{\"index\":0,\"message\":{\"role\":\"assistant\",\"content\":\"[\\n  {\\n    \\\"title\\\": \\\"控食量\\\",\\n    \\\"subtitle\\\": \\\"八分饱停\\\",\\n    \\\"color\\\": \\\"#FF6B6B\\\"\\n  },\\n  {\\n    \\\"title\\\": \\\"多走动\\\",\\n    \\\"subtitle\\\": \\\"日行万步\\\",\\n    \\\"color\\\": \\\"#4ECDC4\\\"\\n  },\\n  {\\n    \\\"title\\\": \\\"早睡觉\\\",\\n    \\\"subtitle\\\": \\\"十点入睡\\\",\\n    \\\"color\\\": \\\"#45B7D1\\\"\\n  },\\n  {\\n    \\\"title\\\": \\\"少油腻\\\",\\n    \\\"subtitle\\\": \\\"拒高脂餐\\\",\\n    \\\"color\\\": \\\"#96CEB4\\\"\\n  }\\n]\"},\"finish_reason\":\"stop\"}],\"usage\":{\"prompt_tokens\":113,\"completion_tokens\":136,\"total_tokens\":249},\"note\":\"以上内容为AI生成，不代表开发者立场，请勿删除或修改本标记\"}', NULL);
INSERT INTO `ai_messages` VALUES (374, 8, 280, 'user', '我的信息如下: 性别：#{gender}；出生日期：#{birth_date}；身高：#{height}；今日体重：#{current_weight}kg；#{delta_7d_kg}；', 'text', 1, '2025-09-28 17:31:31.584000', '2025-09-28 17:31:31.584000', NULL, NULL, '{\"model\":\"hunyuan-turbos-latest\",\"messages\":[{\"role\":\"system\",\"content\":\"你是减脂健康管理助理。请根据以下用户输入生成今日总结的JSON，字段与字数要求如下：status：标题，<=8字，风格积极或中性，如“稳步下降”“轻微反弹”。message：今日总结，<=25字，要求具体、可读。healthGoal：鼓励话语+目标，<=15字。只返回合法JSON，不含多余文字或代码块标记。若数据缺失，请基于已知信息给出中性建议，仍满足字数限制。\"},{\"role\":\"user\",\"content\":\"我的信息如下: 性别：男；出生日期：1999-08-01；身高：180；今日体重：105kg；2025-09-28-2025-09-28体重变换:；\"}]}', NULL);
INSERT INTO `ai_messages` VALUES (375, 8, 280, 'assistant', '{\n    \"status\": \"数据待察\",\n    \"message\": \"今日体重105kg，暂无对比数据\",\n    \"healthGoal\": \"坚持下去，向健康体重迈进\"\n}', 'text', 2, '2025-09-28 17:31:31.684000', '2025-09-28 17:31:31.684000', '213', NULL, '{\"id\":\"96c3aef43566b4f30795297107e64c14\",\"object\":\"chat.completion\",\"created\":1759051892,\"model\":\"hunyuan-turbos-latest\",\"system_fingerprint\":\"\",\"choices\":[{\"index\":0,\"message\":{\"role\":\"assistant\",\"content\":\"{\\n    \\\"status\\\": \\\"数据待察\\\",\\n    \\\"message\\\": \\\"今日体重105kg，暂无对比数据\\\",\\n    \\\"healthGoal\\\": \\\"坚持下去，向健康体重迈进\\\"\\n}\"},\"finish_reason\":\"stop\"}],\"usage\":{\"prompt_tokens\":171,\"completion_tokens\":42,\"total_tokens\":213},\"note\":\"以上内容为AI生成，不代表开发者立场，请勿删除或修改本标记\"}', NULL);
INSERT INTO `ai_messages` VALUES (376, 8, 279, 'user', '我的信息如下: 性别：#{gender}；出生日期：#{birth_date}；身高：#{height}；今日体重：#{current_weight}kg；#{delta_7d_kg}；', 'text', 1, '2025-09-28 17:31:34.761000', '2025-09-28 17:31:34.761000', NULL, NULL, '{\"model\":\"hunyuan-turbos-latest\",\"messages\":[{\"role\":\"system\",\"content\":\"生成4条今日健康建议，输出严格为JSON数组，每条含\\\"title\\\"(≤4字中文)、“subtitle”(≤7字可执行)、“color”(#RRGGBB)，不得输出多余文字。\"},{\"role\":\"user\",\"content\":\"我的信息如下: 性别：男；出生日期：1999-08-01；身高：180；今日体重：105kg；2025-09-28-2025-09-28体重变换:；\"}]}', NULL);
INSERT INTO `ai_messages` VALUES (377, 8, 279, 'assistant', '[\n    {\n        \"title\": \"控食量\",\n        \"subtitle\": \"每餐八分饱\",\n        \"color\": \"#FF6B6B\"\n    },\n    {\n        \"title\": \"多运动\",\n        \"subtitle\": \"每日步数万\",\n        \"color\": \"#4ECDC4\"\n    },\n    {\n        \"title\": \"早休息\",\n        \"subtitle\": \"十点眠为佳\",\n        \"color\": \"#45B7D1\"\n    },\n    {\n        \"title\": \"少油腻\",\n        \"subtitle\": \"饮食清淡点\",\n        \"color\": \"#96CEB4\"\n    }\n]', 'text', 2, '2025-09-28 17:31:34.875000', '2025-09-28 17:31:34.875000', '250', NULL, '{\"id\":\"083e80c2b0d282cd318635bb073814a7\",\"object\":\"chat.completion\",\"created\":1759051895,\"model\":\"hunyuan-turbos-latest\",\"system_fingerprint\":\"\",\"choices\":[{\"index\":0,\"message\":{\"role\":\"assistant\",\"content\":\"[\\n    {\\n        \\\"title\\\": \\\"控食量\\\",\\n        \\\"subtitle\\\": \\\"每餐八分饱\\\",\\n        \\\"color\\\": \\\"#FF6B6B\\\"\\n    },\\n    {\\n        \\\"title\\\": \\\"多运动\\\",\\n        \\\"subtitle\\\": \\\"每日步数万\\\",\\n        \\\"color\\\": \\\"#4ECDC4\\\"\\n    },\\n    {\\n        \\\"title\\\": \\\"早休息\\\",\\n        \\\"subtitle\\\": \\\"十点眠为佳\\\",\\n        \\\"color\\\": \\\"#45B7D1\\\"\\n    },\\n    {\\n        \\\"title\\\": \\\"少油腻\\\",\\n        \\\"subtitle\\\": \\\"饮食清淡点\\\",\\n        \\\"color\\\": \\\"#96CEB4\\\"\\n    }\\n]\"},\"finish_reason\":\"stop\"}],\"usage\":{\"prompt_tokens\":113,\"completion_tokens\":137,\"total_tokens\":250},\"note\":\"以上内容为AI生成，不代表开发者立场，请勿删除或修改本标记\"}', NULL);
INSERT INTO `ai_messages` VALUES (378, 8, 282, 'user', '我的信息如下: 性别：#{gender}；出生日期：#{birth_date}；身高：#{height}；今日体重：#{current_weight}kg；#{delta_7d_kg}；', 'text', 1, '2025-09-28 17:32:18.065000', '2025-09-28 17:32:18.065000', NULL, NULL, '{\"model\":\"hunyuan-turbos-latest\",\"messages\":[{\"role\":\"system\",\"content\":\"你是减脂健康管理助理。请根据以下用户输入生成今日总结的JSON，字段与字数要求如下：status：标题，<=8字，风格积极或中性，如“稳步下降”“轻微反弹”。message：今日总结，<=25字，要求具体、可读。healthGoal：鼓励话语+目标，<=15字。只返回合法JSON，不含多余文字或代码块标记。若数据缺失，请基于已知信息给出中性建议，仍满足字数限制。\"},{\"role\":\"user\",\"content\":\"我的信息如下: 性别：男；出生日期：1999-08-01；身高：180；今日体重：105kg；2025-09-28-2025-09-28体重变换:；\"}]}', NULL);
INSERT INTO `ai_messages` VALUES (379, 8, 282, 'assistant', '{\n    \"status\": \"数据待察\",\n    \"message\": \"今日体重105kg，暂无对比数据\",\n    \"healthGoal\": \"坚持下去，向健康体重迈进\"\n}', 'text', 2, '2025-09-28 17:32:18.210000', '2025-09-28 17:32:18.210000', '213', NULL, '{\"id\":\"db3515f4e0cc6023f34c211ef8d38ea5\",\"object\":\"chat.completion\",\"created\":1759051938,\"model\":\"hunyuan-turbos-latest\",\"system_fingerprint\":\"\",\"choices\":[{\"index\":0,\"message\":{\"role\":\"assistant\",\"content\":\"{\\n    \\\"status\\\": \\\"数据待察\\\",\\n    \\\"message\\\": \\\"今日体重105kg，暂无对比数据\\\",\\n    \\\"healthGoal\\\": \\\"坚持下去，向健康体重迈进\\\"\\n}\"},\"finish_reason\":\"stop\"}],\"usage\":{\"prompt_tokens\":171,\"completion_tokens\":42,\"total_tokens\":213},\"note\":\"以上内容为AI生成，不代表开发者立场，请勿删除或修改本标记\"}', NULL);
INSERT INTO `ai_messages` VALUES (380, 8, 281, 'user', '我的信息如下: 性别：#{gender}；出生日期：#{birth_date}；身高：#{height}；今日体重：#{current_weight}kg；#{delta_7d_kg}；', 'text', 1, '2025-09-28 17:32:21.356000', '2025-09-28 17:32:21.356000', NULL, NULL, '{\"model\":\"hunyuan-turbos-latest\",\"messages\":[{\"role\":\"system\",\"content\":\"生成4条今日健康建议，输出严格为JSON数组，每条含\\\"title\\\"(≤4字中文)、“subtitle”(≤7字可执行)、“color”(#RRGGBB)，不得输出多余文字。\"},{\"role\":\"user\",\"content\":\"我的信息如下: 性别：男；出生日期：1999-08-01；身高：180；今日体重：105kg；2025-09-28-2025-09-28体重变换:；\"}]}', NULL);
INSERT INTO `ai_messages` VALUES (381, 8, 281, 'assistant', '[\n  {\n    \"title\": \"控食量\",\n    \"subtitle\": \"八分饱停\",\n    \"color\": \"#FF6B6B\"\n  },\n  {\n    \"title\": \"多走动\",\n    \"subtitle\": \"日行万步\",\n    \"color\": \"#4ECDC4\"\n  },\n  {\n    \"title\": \"少油腻\",\n    \"subtitle\": \"拒高脂餐\",\n    \"color\": \"#45B7D1\"\n  },\n  {\n    \"title\": \"早睡早\",\n    \"subtitle\": \"十点入睡\",\n    \"color\": \"#96CEB4\"\n  }\n]', 'text', 2, '2025-09-28 17:32:21.603000', '2025-09-28 17:32:21.603000', '250', NULL, '{\"id\":\"a75f02c6c817df77e36be2ba3836d59f\",\"object\":\"chat.completion\",\"created\":1759051941,\"model\":\"hunyuan-turbos-latest\",\"system_fingerprint\":\"\",\"choices\":[{\"index\":0,\"message\":{\"role\":\"assistant\",\"content\":\"[\\n  {\\n    \\\"title\\\": \\\"控食量\\\",\\n    \\\"subtitle\\\": \\\"八分饱停\\\",\\n    \\\"color\\\": \\\"#FF6B6B\\\"\\n  },\\n  {\\n    \\\"title\\\": \\\"多走动\\\",\\n    \\\"subtitle\\\": \\\"日行万步\\\",\\n    \\\"color\\\": \\\"#4ECDC4\\\"\\n  },\\n  {\\n    \\\"title\\\": \\\"少油腻\\\",\\n    \\\"subtitle\\\": \\\"拒高脂餐\\\",\\n    \\\"color\\\": \\\"#45B7D1\\\"\\n  },\\n  {\\n    \\\"title\\\": \\\"早睡早\\\",\\n    \\\"subtitle\\\": \\\"十点入睡\\\",\\n    \\\"color\\\": \\\"#96CEB4\\\"\\n  }\\n]\"},\"finish_reason\":\"stop\"}],\"usage\":{\"prompt_tokens\":113,\"completion_tokens\":137,\"total_tokens\":250},\"note\":\"以上内容为AI生成，不代表开发者立场，请勿删除或修改本标记\"}', NULL);
INSERT INTO `ai_messages` VALUES (382, 8, 283, 'user', '我的信息如下: 性别：#{gender}；出生日期：#{birth_date}；身高：#{height}；今日体重：#{current_weight}kg；#{delta_7d_kg}；', 'text', 1, '2025-09-28 17:32:23.887000', '2025-09-28 17:32:23.887000', NULL, NULL, '{\"model\":\"hunyuan-turbos-latest\",\"messages\":[{\"role\":\"system\",\"content\":\"你是减脂健康管理助理。请根据以下用户输入生成今日总结的JSON，字段与字数要求如下：status：标题，<=8字，风格积极或中性，如“稳步下降”“轻微反弹”。message：今日总结，<=25字，要求具体、可读。healthGoal：鼓励话语+目标，<=15字。只返回合法JSON，不含多余文字或代码块标记。若数据缺失，请基于已知信息给出中性建议，仍满足字数限制。\"},{\"role\":\"user\",\"content\":\"我的信息如下: 性别：男；出生日期：1999-08-01；身高：180；今日体重：105kg；2025-09-28-2025-09-28体重变换:；\"}]}', NULL);
INSERT INTO `ai_messages` VALUES (383, 8, 283, 'assistant', '{\n    \"status\": \"数据待察\",\n    \"message\": \"今日体重105kg，暂无变化数据\",\n    \"healthGoal\": \"坚持下去，向健康体重迈进\"\n}', 'text', 2, '2025-09-28 17:32:24.153000', '2025-09-28 17:32:24.153000', '213', NULL, '{\"id\":\"ed12c5bc56c64e7ead93fc97365e075f\",\"object\":\"chat.completion\",\"created\":1759051944,\"model\":\"hunyuan-turbos-latest\",\"system_fingerprint\":\"\",\"choices\":[{\"index\":0,\"message\":{\"role\":\"assistant\",\"content\":\"{\\n    \\\"status\\\": \\\"数据待察\\\",\\n    \\\"message\\\": \\\"今日体重105kg，暂无变化数据\\\",\\n    \\\"healthGoal\\\": \\\"坚持下去，向健康体重迈进\\\"\\n}\"},\"finish_reason\":\"stop\"}],\"usage\":{\"prompt_tokens\":171,\"completion_tokens\":42,\"total_tokens\":213},\"note\":\"以上内容为AI生成，不代表开发者立场，请勿删除或修改本标记\"}', NULL);
INSERT INTO `ai_messages` VALUES (384, 8, 284, 'user', '我的信息如下: 性别：#{gender}；出生日期：#{birth_date}；身高：#{height}；今日体重：#{current_weight}kg；#{delta_7d_kg}；', 'text', 1, '2025-09-28 17:32:27.812000', '2025-09-28 17:32:27.812000', NULL, NULL, '{\"model\":\"hunyuan-turbos-latest\",\"messages\":[{\"role\":\"system\",\"content\":\"生成4条今日健康建议，输出严格为JSON数组，每条含\\\"title\\\"(≤4字中文)、“subtitle”(≤7字可执行)、“color”(#RRGGBB)，不得输出多余文字。\"},{\"role\":\"user\",\"content\":\"我的信息如下: 性别：男；出生日期：1999-08-01；身高：180；今日体重：105kg；2025-09-28-2025-09-28体重变换:；\"}]}', NULL);
INSERT INTO `ai_messages` VALUES (385, 8, 284, 'assistant', '[\n  {\n    \"title\": \"控食量\",\n    \"subtitle\": \"八分饱\",\n    \"color\": \"#FF6347\"\n  },\n  {\n    \"title\": \"多运动\",\n    \"subtitle\": \"每日走\",\n    \"color\": \"#32CD32\"\n  },\n  {\n    \"title\": \"少油腻\",\n    \"subtitle\": \"拒油炸\",\n    \"color\": \"#4169E1\"\n  },\n  {\n    \"title\": \"早休息\",\n    \"subtitle\": \"十点睡\",\n    \"color\": \"#9370DB\"\n  }\n]', 'text', 2, '2025-09-28 17:32:27.979000', '2025-09-28 17:32:27.979000', '244', NULL, '{\"id\":\"24b2116c4be91d9abb538c6220d048ef\",\"object\":\"chat.completion\",\"created\":1759051948,\"model\":\"hunyuan-turbos-latest\",\"system_fingerprint\":\"\",\"choices\":[{\"index\":0,\"message\":{\"role\":\"assistant\",\"content\":\"[\\n  {\\n    \\\"title\\\": \\\"控食量\\\",\\n    \\\"subtitle\\\": \\\"八分饱\\\",\\n    \\\"color\\\": \\\"#FF6347\\\"\\n  },\\n  {\\n    \\\"title\\\": \\\"多运动\\\",\\n    \\\"subtitle\\\": \\\"每日走\\\",\\n    \\\"color\\\": \\\"#32CD32\\\"\\n  },\\n  {\\n    \\\"title\\\": \\\"少油腻\\\",\\n    \\\"subtitle\\\": \\\"拒油炸\\\",\\n    \\\"color\\\": \\\"#4169E1\\\"\\n  },\\n  {\\n    \\\"title\\\": \\\"早休息\\\",\\n    \\\"subtitle\\\": \\\"十点睡\\\",\\n    \\\"color\\\": \\\"#9370DB\\\"\\n  }\\n]\"},\"finish_reason\":\"stop\"}],\"usage\":{\"prompt_tokens\":113,\"completion_tokens\":131,\"total_tokens\":244},\"note\":\"以上内容为AI生成，不代表开发者立场，请勿删除或修改本标记\"}', NULL);
INSERT INTO `ai_messages` VALUES (386, 8, 286, 'user', '我的信息如下: 性别：#{gender}；出生日期：#{birth_date}；身高：#{height}；今日体重：#{current_weight}kg；#{delta_7d_kg}；', 'text', 1, '2025-09-28 17:37:16.465000', '2025-09-28 17:37:16.465000', NULL, NULL, '{\"model\":\"hunyuan-turbos-latest\",\"messages\":[{\"role\":\"system\",\"content\":\"你是减脂健康管理助理。请根据以下用户输入生成今日总结的JSON，字段与字数要求如下：status：标题，<=8字，风格积极或中性，如“稳步下降”“轻微反弹”。message：今日总结，<=25字，要求具体、可读。healthGoal：鼓励话语+目标，<=15字。只返回合法JSON，不含多余文字或代码块标记。若数据缺失，请基于已知信息给出中性建议，仍满足字数限制。\"},{\"role\":\"user\",\"content\":\"我的信息如下: 性别：男；出生日期：1999-08-01；身高：180；今日体重：105kg；2025-09-28-2025-09-28体重变换:；\"}]}', NULL);
INSERT INTO `ai_messages` VALUES (387, 8, 286, 'assistant', '{\n    \"status\": \"数据待察\",\n    \"message\": \"今日体重105kg，暂无变化数据\",\n    \"healthGoal\": \"坚持下去，向健康体重迈进\"\n}', 'text', 2, '2025-09-28 17:37:16.632000', '2025-09-28 17:37:16.632000', '213', NULL, '{\"id\":\"c17784fc1f978662a3a08ed9531c73f4\",\"object\":\"chat.completion\",\"created\":1759052237,\"model\":\"hunyuan-turbos-latest\",\"system_fingerprint\":\"\",\"choices\":[{\"index\":0,\"message\":{\"role\":\"assistant\",\"content\":\"{\\n    \\\"status\\\": \\\"数据待察\\\",\\n    \\\"message\\\": \\\"今日体重105kg，暂无变化数据\\\",\\n    \\\"healthGoal\\\": \\\"坚持下去，向健康体重迈进\\\"\\n}\"},\"finish_reason\":\"stop\"}],\"usage\":{\"prompt_tokens\":171,\"completion_tokens\":42,\"total_tokens\":213},\"note\":\"以上内容为AI生成，不代表开发者立场，请勿删除或修改本标记\"}', NULL);
INSERT INTO `ai_messages` VALUES (388, 8, 285, 'user', '我的信息如下: 性别：#{gender}；出生日期：#{birth_date}；身高：#{height}；今日体重：#{current_weight}kg；#{delta_7d_kg}；', 'text', 1, '2025-09-28 17:37:19.581000', '2025-09-28 17:37:19.581000', NULL, NULL, '{\"model\":\"hunyuan-turbos-latest\",\"messages\":[{\"role\":\"system\",\"content\":\"生成4条今日健康建议，输出严格为JSON数组，每条含\\\"title\\\"(≤4字中文)、“subtitle”(≤7字可执行)、“color”(#RRGGBB)，不得输出多余文字。\"},{\"role\":\"user\",\"content\":\"我的信息如下: 性别：男；出生日期：1999-08-01；身高：180；今日体重：105kg；2025-09-28-2025-09-28体重变换:；\"}]}', NULL);
INSERT INTO `ai_messages` VALUES (389, 8, 285, 'assistant', '[\n  {\n    \"title\": \"控食量\",\n    \"subtitle\": \"八分饱\",\n    \"color\": \"#FF6B6B\"\n  },\n  {\n    \"title\": \"多运动\",\n    \"subtitle\": \"每日走\",\n    \"color\": \"#4ECDC4\"\n  },\n  {\n    \"title\": \"少油腻\",\n    \"subtitle\": \"清淡餐\",\n    \"color\": \"#45B7D1\"\n  },\n  {\n    \"title\": \"早休息\",\n    \"subtitle\": \"十点睡\",\n    \"color\": \"#96CEB4\"\n  }\n]', 'text', 2, '2025-09-28 17:37:19.785000', '2025-09-28 17:37:19.785000', '243', NULL, '{\"id\":\"607b4219e7d6dcc33d69e5d54c81a668\",\"object\":\"chat.completion\",\"created\":1759052239,\"model\":\"hunyuan-turbos-latest\",\"system_fingerprint\":\"\",\"choices\":[{\"index\":0,\"message\":{\"role\":\"assistant\",\"content\":\"[\\n  {\\n    \\\"title\\\": \\\"控食量\\\",\\n    \\\"subtitle\\\": \\\"八分饱\\\",\\n    \\\"color\\\": \\\"#FF6B6B\\\"\\n  },\\n  {\\n    \\\"title\\\": \\\"多运动\\\",\\n    \\\"subtitle\\\": \\\"每日走\\\",\\n    \\\"color\\\": \\\"#4ECDC4\\\"\\n  },\\n  {\\n    \\\"title\\\": \\\"少油腻\\\",\\n    \\\"subtitle\\\": \\\"清淡餐\\\",\\n    \\\"color\\\": \\\"#45B7D1\\\"\\n  },\\n  {\\n    \\\"title\\\": \\\"早休息\\\",\\n    \\\"subtitle\\\": \\\"十点睡\\\",\\n    \\\"color\\\": \\\"#96CEB4\\\"\\n  }\\n]\"},\"finish_reason\":\"stop\"}],\"usage\":{\"prompt_tokens\":113,\"completion_tokens\":130,\"total_tokens\":243},\"note\":\"以上内容为AI生成，不代表开发者立场，请勿删除或修改本标记\"}', NULL);
INSERT INTO `ai_messages` VALUES (390, 8, 287, 'user', '我的信息如下: 性别：#{gender}；出生日期：#{birth_date}；身高：#{height}；今日体重：#{current_weight}kg；#{delta_7d_kg}；', 'text', 1, '2025-09-28 17:41:59.141000', '2025-09-28 17:41:59.141000', NULL, NULL, '{\"model\":\"hunyuan-turbos-latest\",\"messages\":[{\"role\":\"system\",\"content\":\"你是减脂健康管理助理。请根据以下用户输入生成今日总结的JSON，字段与字数要求如下：status：标题，<=8字，风格积极或中性，如“稳步下降”“轻微反弹”。message：今日总结，<=25字，要求具体、可读。healthGoal：鼓励话语+目标，<=15字。只返回合法JSON，不含多余文字或代码块标记。若数据缺失，请基于已知信息给出中性建议，仍满足字数限制。\"},{\"role\":\"user\",\"content\":\"我的信息如下: 性别：男；出生日期：1999-08-01；身高：180；今日体重：105kg；2025-09-28-2025-09-28体重变换:；\"}]}', NULL);
INSERT INTO `ai_messages` VALUES (391, 8, 287, 'assistant', '{\n    \"status\": \"数据待补充\",\n    \"message\": \"今日体重105kg，暂无对比数据\",\n    \"healthGoal\": \"坚持下去，向健康体重迈进\"\n}', 'text', 2, '2025-09-28 17:41:59.210000', '2025-09-28 17:41:59.210000', '213', NULL, '{\"id\":\"d02c16cbe1f5300c7b41fe805d0bf9a3\",\"object\":\"chat.completion\",\"created\":1759052519,\"model\":\"hunyuan-turbos-latest\",\"system_fingerprint\":\"\",\"choices\":[{\"index\":0,\"message\":{\"role\":\"assistant\",\"content\":\"{\\n    \\\"status\\\": \\\"数据待补充\\\",\\n    \\\"message\\\": \\\"今日体重105kg，暂无对比数据\\\",\\n    \\\"healthGoal\\\": \\\"坚持下去，向健康体重迈进\\\"\\n}\"},\"finish_reason\":\"stop\"}],\"usage\":{\"prompt_tokens\":171,\"completion_tokens\":42,\"total_tokens\":213},\"note\":\"以上内容为AI生成，不代表开发者立场，请勿删除或修改本标记\"}', NULL);
INSERT INTO `ai_messages` VALUES (392, 8, 288, 'user', '我的信息如下: 性别：#{gender}；出生日期：#{birth_date}；身高：#{height}；今日体重：#{current_weight}kg；#{delta_7d_kg}；', 'text', 1, '2025-09-28 17:42:01.817000', '2025-09-28 17:42:01.817000', NULL, NULL, '{\"model\":\"hunyuan-turbos-latest\",\"messages\":[{\"role\":\"system\",\"content\":\"生成4条今日健康建议，输出严格为JSON数组，每条含\\\"title\\\"(≤4字中文)、“subtitle”(≤7字可执行)、“color”(#RRGGBB)，不得输出多余文字。\"},{\"role\":\"user\",\"content\":\"我的信息如下: 性别：男；出生日期：1999-08-01；身高：180；今日体重：105kg；2025-09-28-2025-09-28体重变换:；\"}]}', NULL);
INSERT INTO `ai_messages` VALUES (393, 8, 288, 'assistant', '[\n  {\n    \"title\": \"控食量\",\n    \"subtitle\": \"每餐八分饱\",\n    \"color\": \"#FF6347\"\n  },\n  {\n    \"title\": \"多运动\",\n    \"subtitle\": \"每日步数万\",\n    \"color\": \"#32CD32\"\n  },\n  {\n    \"title\": \"少油腻\",\n    \"subtitle\": \"饮食选清淡\",\n    \"color\": \"#4169E1\"\n  },\n  {\n    \"title\": \"早休息\",\n    \"subtitle\": \"十点上床睡\",\n    \"color\": \"#9370DB\"\n  }\n]', 'text', 2, '2025-09-28 17:42:01.905000', '2025-09-28 17:42:01.905000', '251', NULL, '{\"id\":\"9abfeeca368e67a79a058f2a0e4dca36\",\"object\":\"chat.completion\",\"created\":1759052522,\"model\":\"hunyuan-turbos-latest\",\"system_fingerprint\":\"\",\"choices\":[{\"index\":0,\"message\":{\"role\":\"assistant\",\"content\":\"[\\n  {\\n    \\\"title\\\": \\\"控食量\\\",\\n    \\\"subtitle\\\": \\\"每餐八分饱\\\",\\n    \\\"color\\\": \\\"#FF6347\\\"\\n  },\\n  {\\n    \\\"title\\\": \\\"多运动\\\",\\n    \\\"subtitle\\\": \\\"每日步数万\\\",\\n    \\\"color\\\": \\\"#32CD32\\\"\\n  },\\n  {\\n    \\\"title\\\": \\\"少油腻\\\",\\n    \\\"subtitle\\\": \\\"饮食选清淡\\\",\\n    \\\"color\\\": \\\"#4169E1\\\"\\n  },\\n  {\\n    \\\"title\\\": \\\"早休息\\\",\\n    \\\"subtitle\\\": \\\"十点上床睡\\\",\\n    \\\"color\\\": \\\"#9370DB\\\"\\n  }\\n]\"},\"finish_reason\":\"stop\"}],\"usage\":{\"prompt_tokens\":113,\"completion_tokens\":138,\"total_tokens\":251},\"note\":\"以上内容为AI生成，不代表开发者立场，请勿删除或修改本标记\"}', NULL);
INSERT INTO `ai_messages` VALUES (394, 8, 290, 'user', '我的信息如下: 性别：#{gender}；出生日期：#{birth_date}；身高：#{height}；今日体重：#{current_weight}kg；#{delta_7d_kg}；', 'text', 1, '2025-09-28 17:42:07.595000', '2025-09-28 17:42:07.595000', NULL, NULL, '{\"model\":\"hunyuan-turbos-latest\",\"messages\":[{\"role\":\"system\",\"content\":\"你是减脂健康管理助理。请根据以下用户输入生成今日总结的JSON，字段与字数要求如下：status：标题，<=8字，风格积极或中性，如“稳步下降”“轻微反弹”。message：今日总结，<=25字，要求具体、可读。healthGoal：鼓励话语+目标，<=15字。只返回合法JSON，不含多余文字或代码块标记。若数据缺失，请基于已知信息给出中性建议，仍满足字数限制。\"},{\"role\":\"user\",\"content\":\"我的信息如下: 性别：男；出生日期：1999-08-01；身高：180；今日体重：105kg；2025-09-28-2025-09-28体重变换:；\"}]}', NULL);
INSERT INTO `ai_messages` VALUES (395, 8, 290, 'assistant', '{\n    \"status\": \"数据待观察\",\n    \"message\": \"今日体重105kg，暂无对比数据\",\n    \"healthGoal\": \"坚持下去，向健康体重迈进\"\n}', 'text', 2, '2025-09-28 17:42:07.703000', '2025-09-28 17:42:07.703000', '213', NULL, '{\"id\":\"63570aa307c36eead847c3542d875ece\",\"object\":\"chat.completion\",\"created\":1759052528,\"model\":\"hunyuan-turbos-latest\",\"system_fingerprint\":\"\",\"choices\":[{\"index\":0,\"message\":{\"role\":\"assistant\",\"content\":\"{\\n    \\\"status\\\": \\\"数据待观察\\\",\\n    \\\"message\\\": \\\"今日体重105kg，暂无对比数据\\\",\\n    \\\"healthGoal\\\": \\\"坚持下去，向健康体重迈进\\\"\\n}\"},\"finish_reason\":\"stop\"}],\"usage\":{\"prompt_tokens\":171,\"completion_tokens\":42,\"total_tokens\":213},\"note\":\"以上内容为AI生成，不代表开发者立场，请勿删除或修改本标记\"}', NULL);
INSERT INTO `ai_messages` VALUES (396, 8, 289, 'user', '我的信息如下: 性别：#{gender}；出生日期：#{birth_date}；身高：#{height}；今日体重：#{current_weight}kg；#{delta_7d_kg}；', 'text', 1, '2025-09-28 17:42:10.415000', '2025-09-28 17:42:10.415000', NULL, NULL, '{\"model\":\"hunyuan-turbos-latest\",\"messages\":[{\"role\":\"system\",\"content\":\"生成4条今日健康建议，输出严格为JSON数组，每条含\\\"title\\\"(≤4字中文)、“subtitle”(≤7字可执行)、“color”(#RRGGBB)，不得输出多余文字。\"},{\"role\":\"user\",\"content\":\"我的信息如下: 性别：男；出生日期：1999-08-01；身高：180；今日体重：105kg；2025-09-28-2025-09-28体重变换:；\"}]}', NULL);
INSERT INTO `ai_messages` VALUES (397, 8, 289, 'assistant', '[\n  {\n    \"title\": \"控食量\",\n    \"subtitle\": \"每餐八分饱\",\n    \"color\": \"#FF6347\"\n  },\n  {\n    \"title\": \"多运动\",\n    \"subtitle\": \"每日步数万\",\n    \"color\": \"#32CD32\"\n  },\n  {\n    \"title\": \"少油腻\",\n    \"subtitle\": \"饮食选清淡\",\n    \"color\": \"#4169E1\"\n  },\n  {\n    \"title\": \"早休息\",\n    \"subtitle\": \"十点就入睡\",\n    \"color\": \"#9370DB\"\n  }\n]', 'text', 2, '2025-09-28 17:42:10.519000', '2025-09-28 17:42:10.519000', '250', NULL, '{\"id\":\"3fdffb29e8346acd6130f373f2afbdac\",\"object\":\"chat.completion\",\"created\":1759052531,\"model\":\"hunyuan-turbos-latest\",\"system_fingerprint\":\"\",\"choices\":[{\"index\":0,\"message\":{\"role\":\"assistant\",\"content\":\"[\\n  {\\n    \\\"title\\\": \\\"控食量\\\",\\n    \\\"subtitle\\\": \\\"每餐八分饱\\\",\\n    \\\"color\\\": \\\"#FF6347\\\"\\n  },\\n  {\\n    \\\"title\\\": \\\"多运动\\\",\\n    \\\"subtitle\\\": \\\"每日步数万\\\",\\n    \\\"color\\\": \\\"#32CD32\\\"\\n  },\\n  {\\n    \\\"title\\\": \\\"少油腻\\\",\\n    \\\"subtitle\\\": \\\"饮食选清淡\\\",\\n    \\\"color\\\": \\\"#4169E1\\\"\\n  },\\n  {\\n    \\\"title\\\": \\\"早休息\\\",\\n    \\\"subtitle\\\": \\\"十点就入睡\\\",\\n    \\\"color\\\": \\\"#9370DB\\\"\\n  }\\n]\"},\"finish_reason\":\"stop\"}],\"usage\":{\"prompt_tokens\":113,\"completion_tokens\":137,\"total_tokens\":250},\"note\":\"以上内容为AI生成，不代表开发者立场，请勿删除或修改本标记\"}', NULL);
INSERT INTO `ai_messages` VALUES (398, 8, 291, 'user', '我的信息如下: 性别：#{gender}；出生日期：#{birth_date}；身高：#{height}；今日体重：#{current_weight}kg；#{delta_7d_kg}；', 'text', 1, '2025-09-28 22:13:43.517000', '2025-09-28 22:13:43.517000', NULL, NULL, '{\"model\":\"hunyuan-turbos-latest\",\"messages\":[{\"role\":\"system\",\"content\":\"你是减脂健康管理助理。请根据以下用户输入生成今日总结的JSON，字段与字数要求如下：status：标题，<=8字，风格积极或中性，如“稳步下降”“轻微反弹”。message：今日总结，<=25字，要求具体、可读。healthGoal：鼓励话语+目标，<=15字。只返回合法JSON，不含多余文字或代码块标记。若数据缺失，请基于已知信息给出中性建议，仍满足字数限制。\"},{\"role\":\"user\",\"content\":\"我的信息如下: 性别：男；出生日期：1999-08-01；身高：180；今日体重：105kg；2025-09-28-2025-09-21体重变换:；\"}]}', NULL);
INSERT INTO `ai_messages` VALUES (399, 8, 291, 'assistant', '{\n    \"status\": \"数据待观察\",\n    \"message\": \"今日体重105kg，暂无近期变化数据\",\n    \"healthGoal\": \"坚持下去，减至健康体重！\"\n}', 'text', 2, '2025-09-28 22:13:43.582000', '2025-09-28 22:13:43.582000', '215', NULL, '{\"id\":\"050a5ea16fade5a71f44d67ac02b08f5\",\"object\":\"chat.completion\",\"created\":1759068822,\"model\":\"hunyuan-turbos-latest\",\"system_fingerprint\":\"\",\"choices\":[{\"index\":0,\"message\":{\"role\":\"assistant\",\"content\":\"{\\n    \\\"status\\\": \\\"数据待观察\\\",\\n    \\\"message\\\": \\\"今日体重105kg，暂无近期变化数据\\\",\\n    \\\"healthGoal\\\": \\\"坚持下去，减至健康体重！\\\"\\n}\"},\"finish_reason\":\"stop\"}],\"usage\":{\"prompt_tokens\":171,\"completion_tokens\":44,\"total_tokens\":215},\"note\":\"以上内容为AI生成，不代表开发者立场，请勿删除或修改本标记\"}', NULL);
INSERT INTO `ai_messages` VALUES (400, 8, 292, 'user', '我的信息如下: 性别：#{gender}；出生日期：#{birth_date}；身高：#{height}；今日体重：#{current_weight}kg；#{delta_7d_kg}；', 'text', 1, '2025-09-28 22:13:45.635000', '2025-09-28 22:13:45.635000', NULL, NULL, '{\"model\":\"hunyuan-turbos-latest\",\"messages\":[{\"role\":\"system\",\"content\":\"生成4条今日健康建议，输出严格为JSON数组，每条含\\\"title\\\"(≤4字中文)、“subtitle”(≤7字可执行)、“color”(#RRGGBB)，不得输出多余文字。\"},{\"role\":\"user\",\"content\":\"我的信息如下: 性别：男；出生日期：1999-08-01；身高：180；今日体重：105kg；2025-09-28-2025-09-21体重变换:；\"}]}', NULL);
INSERT INTO `ai_messages` VALUES (401, 8, 292, 'assistant', '[\n  {\n    \"title\": \"控食量\",\n    \"subtitle\": \"每餐八分饱\",\n    \"color\": \"#FF6B6B\"\n  },\n  {\n    \"title\": \"多运动\",\n    \"subtitle\": \"每日步数万\",\n    \"color\": \"#4ECDC4\"\n  },\n  {\n    \"title\": \"少油腻\",\n    \"subtitle\": \"饮食清淡点\",\n    \"color\": \"#45B7D1\"\n  },\n  {\n    \"title\": \"早休息\",\n    \"subtitle\": \"十点前入睡\",\n    \"color\": \"#96CEB4\"\n  }\n]', 'text', 2, '2025-09-28 22:13:45.710000', '2025-09-28 22:13:45.710000', '249', NULL, '{\"id\":\"68db1aa1ba8e98e97c2370ac6a85d111\",\"object\":\"chat.completion\",\"created\":1759068824,\"model\":\"hunyuan-turbos-latest\",\"system_fingerprint\":\"\",\"choices\":[{\"index\":0,\"message\":{\"role\":\"assistant\",\"content\":\"[\\n  {\\n    \\\"title\\\": \\\"控食量\\\",\\n    \\\"subtitle\\\": \\\"每餐八分饱\\\",\\n    \\\"color\\\": \\\"#FF6B6B\\\"\\n  },\\n  {\\n    \\\"title\\\": \\\"多运动\\\",\\n    \\\"subtitle\\\": \\\"每日步数万\\\",\\n    \\\"color\\\": \\\"#4ECDC4\\\"\\n  },\\n  {\\n    \\\"title\\\": \\\"少油腻\\\",\\n    \\\"subtitle\\\": \\\"饮食清淡点\\\",\\n    \\\"color\\\": \\\"#45B7D1\\\"\\n  },\\n  {\\n    \\\"title\\\": \\\"早休息\\\",\\n    \\\"subtitle\\\": \\\"十点前入睡\\\",\\n    \\\"color\\\": \\\"#96CEB4\\\"\\n  }\\n]\"},\"finish_reason\":\"stop\"}],\"usage\":{\"prompt_tokens\":113,\"completion_tokens\":136,\"total_tokens\":249},\"note\":\"以上内容为AI生成，不代表开发者立场，请勿删除或修改本标记\"}', NULL);
INSERT INTO `ai_messages` VALUES (402, 8, 293, 'user', '我的信息如下: 性别：#{gender}；出生日期：#{birth_date}；身高：#{height}；今日体重：#{current_weight}kg；#{delta_7d_kg}；', 'text', 1, '2025-09-28 22:13:54.290000', '2025-09-28 22:13:54.290000', NULL, NULL, '{\"model\":\"hunyuan-turbos-latest\",\"messages\":[{\"role\":\"system\",\"content\":\"你是减脂健康管理助理。请根据以下用户输入生成今日总结的JSON，字段与字数要求如下：status：标题，<=8字，风格积极或中性，如“稳步下降”“轻微反弹”。message：今日总结，<=25字，要求具体、可读。healthGoal：鼓励话语+目标，<=15字。只返回合法JSON，不含多余文字或代码块标记。若数据缺失，请基于已知信息给出中性建议，仍满足字数限制。\"},{\"role\":\"user\",\"content\":\"我的信息如下: 性别：男；出生日期：1999-08-01；身高：180；今日体重：105kg；2025-09-28-2025-09-21体重变换:；\"}]}', NULL);
INSERT INTO `ai_messages` VALUES (403, 8, 293, 'assistant', '{\n    \"status\": \"数据待补充\",\n    \"message\": \"今日体重105kg，暂无历史对比\",\n    \"healthGoal\": \"坚持记录，向健康体重进发\"\n}', 'text', 2, '2025-09-28 22:13:54.354000', '2025-09-28 22:13:54.354000', '214', NULL, '{\"id\":\"8d8537b126561099314e3caad1f55189\",\"object\":\"chat.completion\",\"created\":1759068832,\"model\":\"hunyuan-turbos-latest\",\"system_fingerprint\":\"\",\"choices\":[{\"index\":0,\"message\":{\"role\":\"assistant\",\"content\":\"{\\n    \\\"status\\\": \\\"数据待补充\\\",\\n    \\\"message\\\": \\\"今日体重105kg，暂无历史对比\\\",\\n    \\\"healthGoal\\\": \\\"坚持记录，向健康体重进发\\\"\\n}\"},\"finish_reason\":\"stop\"}],\"usage\":{\"prompt_tokens\":171,\"completion_tokens\":43,\"total_tokens\":214},\"note\":\"以上内容为AI生成，不代表开发者立场，请勿删除或修改本标记\"}', NULL);
INSERT INTO `ai_messages` VALUES (404, 8, 294, 'user', '我的信息如下: 性别：#{gender}；出生日期：#{birth_date}；身高：#{height}；今日体重：#{current_weight}kg；#{delta_7d_kg}；', 'text', 1, '2025-09-28 22:13:56.728000', '2025-09-28 22:13:56.728000', NULL, NULL, '{\"model\":\"hunyuan-turbos-latest\",\"messages\":[{\"role\":\"system\",\"content\":\"生成4条今日健康建议，输出严格为JSON数组，每条含\\\"title\\\"(≤4字中文)、“subtitle”(≤7字可执行)、“color”(#RRGGBB)，不得输出多余文字。\"},{\"role\":\"user\",\"content\":\"我的信息如下: 性别：男；出生日期：1999-08-01；身高：180；今日体重：105kg；2025-09-28-2025-09-21体重变换:；\"}]}', NULL);
INSERT INTO `ai_messages` VALUES (405, 8, 294, 'assistant', '[\n  {\n    \"title\": \"控食量\",\n    \"subtitle\": \"每餐八分饱\",\n    \"color\": \"#FF6B6B\"\n  },\n  {\n    \"title\": \"多运动\",\n    \"subtitle\": \"每日步数万\",\n    \"color\": \"#4ECDC4\"\n  },\n  {\n    \"title\": \"早休息\",\n    \"subtitle\": \"十点上床睡\",\n    \"color\": \"#45B7D1\"\n  },\n  {\n    \"title\": \"少油腻\",\n    \"subtitle\": \"饮食选清淡\",\n    \"color\": \"#96CEB4\"\n  }\n]', 'text', 2, '2025-09-28 22:13:56.804000', '2025-09-28 22:13:56.804000', '250', NULL, '{\"id\":\"a31b9dadc54eca90cdd0de2260a26667\",\"object\":\"chat.completion\",\"created\":1759068835,\"model\":\"hunyuan-turbos-latest\",\"system_fingerprint\":\"\",\"choices\":[{\"index\":0,\"message\":{\"role\":\"assistant\",\"content\":\"[\\n  {\\n    \\\"title\\\": \\\"控食量\\\",\\n    \\\"subtitle\\\": \\\"每餐八分饱\\\",\\n    \\\"color\\\": \\\"#FF6B6B\\\"\\n  },\\n  {\\n    \\\"title\\\": \\\"多运动\\\",\\n    \\\"subtitle\\\": \\\"每日步数万\\\",\\n    \\\"color\\\": \\\"#4ECDC4\\\"\\n  },\\n  {\\n    \\\"title\\\": \\\"早休息\\\",\\n    \\\"subtitle\\\": \\\"十点上床睡\\\",\\n    \\\"color\\\": \\\"#45B7D1\\\"\\n  },\\n  {\\n    \\\"title\\\": \\\"少油腻\\\",\\n    \\\"subtitle\\\": \\\"饮食选清淡\\\",\\n    \\\"color\\\": \\\"#96CEB4\\\"\\n  }\\n]\"},\"finish_reason\":\"stop\"}],\"usage\":{\"prompt_tokens\":113,\"completion_tokens\":137,\"total_tokens\":250},\"note\":\"以上内容为AI生成，不代表开发者立场，请勿删除或修改本标记\"}', NULL);
INSERT INTO `ai_messages` VALUES (406, 8, 295, 'user', '我的信息如下: 性别：#{gender}；出生日期：#{birth_date}；身高：#{height}；今日体重：#{current_weight}kg；#{delta_7d_kg}；', 'text', 1, '2025-09-28 22:14:02.259000', '2025-09-28 22:14:02.259000', NULL, NULL, '{\"model\":\"hunyuan-turbos-latest\",\"messages\":[{\"role\":\"system\",\"content\":\"你是减脂健康管理助理。请根据以下用户输入生成今日总结的JSON，字段与字数要求如下：status：标题，<=8字，风格积极或中性，如“稳步下降”“轻微反弹”。message：今日总结，<=25字，要求具体、可读。healthGoal：鼓励话语+目标，<=15字。只返回合法JSON，不含多余文字或代码块标记。若数据缺失，请基于已知信息给出中性建议，仍满足字数限制。\"},{\"role\":\"user\",\"content\":\"我的信息如下: 性别：男；出生日期：1999-08-01；身高：180；今日体重：105kg；2025-09-28-2025-09-21体重变换:；\"}]}', NULL);
INSERT INTO `ai_messages` VALUES (407, 8, 295, 'assistant', '{\n    \"status\": \"数据待补充\",\n    \"message\": \"今日体重105kg，暂无历史对比\",\n    \"healthGoal\": \"坚持记录，向健康体重进发\"\n}', 'text', 2, '2025-09-28 22:14:02.325000', '2025-09-28 22:14:02.325000', '214', NULL, '{\"id\":\"75399a0871d449ef1ed417809c4e93e9\",\"object\":\"chat.completion\",\"created\":1759068840,\"model\":\"hunyuan-turbos-latest\",\"system_fingerprint\":\"\",\"choices\":[{\"index\":0,\"message\":{\"role\":\"assistant\",\"content\":\"{\\n    \\\"status\\\": \\\"数据待补充\\\",\\n    \\\"message\\\": \\\"今日体重105kg，暂无历史对比\\\",\\n    \\\"healthGoal\\\": \\\"坚持记录，向健康体重进发\\\"\\n}\"},\"finish_reason\":\"stop\"}],\"usage\":{\"prompt_tokens\":171,\"completion_tokens\":43,\"total_tokens\":214},\"note\":\"以上内容为AI生成，不代表开发者立场，请勿删除或修改本标记\"}', NULL);
INSERT INTO `ai_messages` VALUES (408, 8, 296, 'user', '我的信息如下: 性别：#{gender}；出生日期：#{birth_date}；身高：#{height}；今日体重：#{current_weight}kg；#{delta_7d_kg}；', 'text', 1, '2025-09-28 22:14:05.133000', '2025-09-28 22:14:05.133000', NULL, NULL, '{\"model\":\"hunyuan-turbos-latest\",\"messages\":[{\"role\":\"system\",\"content\":\"生成4条今日健康建议，输出严格为JSON数组，每条含\\\"title\\\"(≤4字中文)、“subtitle”(≤7字可执行)、“color”(#RRGGBB)，不得输出多余文字。\"},{\"role\":\"user\",\"content\":\"我的信息如下: 性别：男；出生日期：1999-08-01；身高：180；今日体重：105kg；2025-09-28-2025-09-21体重变换:；\"}]}', NULL);
INSERT INTO `ai_messages` VALUES (409, 8, 296, 'assistant', '[\n  {\n    \"title\": \"控食量\",\n    \"subtitle\": \"每餐八分饱\",\n    \"color\": \"#FF6B6B\"\n  },\n  {\n    \"title\": \"多运动\",\n    \"subtitle\": \"每日步数万\",\n    \"color\": \"#4ECDC4\"\n  },\n  {\n    \"title\": \"早睡觉\",\n    \"subtitle\": \"十点入梦乡\",\n    \"color\": \"#45B7D1\"\n  },\n  {\n    \"title\": \"少油腻\",\n    \"subtitle\": \"饮食清淡点\",\n    \"color\": \"#96CEB4\"\n  }\n]', 'text', 2, '2025-09-28 22:14:05.210000', '2025-09-28 22:14:05.210000', '250', NULL, '{\"id\":\"d12f324442587fe79fb7c8aa05bfcc55\",\"object\":\"chat.completion\",\"created\":1759068843,\"model\":\"hunyuan-turbos-latest\",\"system_fingerprint\":\"\",\"choices\":[{\"index\":0,\"message\":{\"role\":\"assistant\",\"content\":\"[\\n  {\\n    \\\"title\\\": \\\"控食量\\\",\\n    \\\"subtitle\\\": \\\"每餐八分饱\\\",\\n    \\\"color\\\": \\\"#FF6B6B\\\"\\n  },\\n  {\\n    \\\"title\\\": \\\"多运动\\\",\\n    \\\"subtitle\\\": \\\"每日步数万\\\",\\n    \\\"color\\\": \\\"#4ECDC4\\\"\\n  },\\n  {\\n    \\\"title\\\": \\\"早睡觉\\\",\\n    \\\"subtitle\\\": \\\"十点入梦乡\\\",\\n    \\\"color\\\": \\\"#45B7D1\\\"\\n  },\\n  {\\n    \\\"title\\\": \\\"少油腻\\\",\\n    \\\"subtitle\\\": \\\"饮食清淡点\\\",\\n    \\\"color\\\": \\\"#96CEB4\\\"\\n  }\\n]\"},\"finish_reason\":\"stop\"}],\"usage\":{\"prompt_tokens\":113,\"completion_tokens\":137,\"total_tokens\":250},\"note\":\"以上内容为AI生成，不代表开发者立场，请勿删除或修改本标记\"}', NULL);
INSERT INTO `ai_messages` VALUES (410, 8, 298, 'user', '我的信息如下: 性别：#{gender}；出生日期：#{birth_date}；身高：#{height}；今日体重：#{current_weight}kg；#{delta_7d_kg}；', 'text', 1, '2025-09-28 22:14:09.386000', '2025-09-28 22:14:09.386000', NULL, NULL, '{\"model\":\"hunyuan-turbos-latest\",\"messages\":[{\"role\":\"system\",\"content\":\"你是减脂健康管理助理。请根据以下用户输入生成今日总结的JSON，字段与字数要求如下：status：标题，<=8字，风格积极或中性，如“稳步下降”“轻微反弹”。message：今日总结，<=25字，要求具体、可读。healthGoal：鼓励话语+目标，<=15字。只返回合法JSON，不含多余文字或代码块标记。若数据缺失，请基于已知信息给出中性建议，仍满足字数限制。\"},{\"role\":\"user\",\"content\":\"我的信息如下: 性别：男；出生日期：1999-08-01；身高：180；今日体重：105kg；2025-09-28-2025-09-21体重变换:；\"}]}', NULL);
INSERT INTO `ai_messages` VALUES (411, 8, 298, 'assistant', '{\n    \"status\": \"数据待补充\",\n    \"message\": \"今日体重105kg，暂无历史对比\",\n    \"healthGoal\": \"坚持记录，向健康体重进发\"\n}', 'text', 2, '2025-09-28 22:14:09.474000', '2025-09-28 22:14:09.474000', '214', NULL, '{\"id\":\"f16b413f1f0dd71528d75683a2d22898\",\"object\":\"chat.completion\",\"created\":1759068847,\"model\":\"hunyuan-turbos-latest\",\"system_fingerprint\":\"\",\"choices\":[{\"index\":0,\"message\":{\"role\":\"assistant\",\"content\":\"{\\n    \\\"status\\\": \\\"数据待补充\\\",\\n    \\\"message\\\": \\\"今日体重105kg，暂无历史对比\\\",\\n    \\\"healthGoal\\\": \\\"坚持记录，向健康体重进发\\\"\\n}\"},\"finish_reason\":\"stop\"}],\"usage\":{\"prompt_tokens\":171,\"completion_tokens\":43,\"total_tokens\":214},\"note\":\"以上内容为AI生成，不代表开发者立场，请勿删除或修改本标记\"}', NULL);
INSERT INTO `ai_messages` VALUES (412, 8, 297, 'user', '我的信息如下: 性别：#{gender}；出生日期：#{birth_date}；身高：#{height}；今日体重：#{current_weight}kg；#{delta_7d_kg}；', 'text', 1, '2025-09-28 22:14:11.961000', '2025-09-28 22:14:11.961000', NULL, NULL, '{\"model\":\"hunyuan-turbos-latest\",\"messages\":[{\"role\":\"system\",\"content\":\"生成4条今日健康建议，输出严格为JSON数组，每条含\\\"title\\\"(≤4字中文)、“subtitle”(≤7字可执行)、“color”(#RRGGBB)，不得输出多余文字。\"},{\"role\":\"user\",\"content\":\"我的信息如下: 性别：男；出生日期：1999-08-01；身高：180；今日体重：105kg；2025-09-28-2025-09-21体重变换:；\"}]}', NULL);
INSERT INTO `ai_messages` VALUES (413, 8, 297, 'assistant', '[\n  {\n    \"title\": \"控食量\",\n    \"subtitle\": \"每餐八分饱\",\n    \"color\": \"#FF6B6B\"\n  },\n  {\n    \"title\": \"多运动\",\n    \"subtitle\": \"每日步数万\",\n    \"color\": \"#4ECDC4\"\n  },\n  {\n    \"title\": \"早休息\",\n    \"subtitle\": \"十点上床睡\",\n    \"color\": \"#45B7D1\"\n  },\n  {\n    \"title\": \"少油腻\",\n    \"subtitle\": \"饮食选清淡\",\n    \"color\": \"#96CEB4\"\n  }\n]', 'text', 2, '2025-09-28 22:14:12.027000', '2025-09-28 22:14:12.027000', '250', NULL, '{\"id\":\"be4bac74a8a59986e01195d0862d5bdd\",\"object\":\"chat.completion\",\"created\":1759068850,\"model\":\"hunyuan-turbos-latest\",\"system_fingerprint\":\"\",\"choices\":[{\"index\":0,\"message\":{\"role\":\"assistant\",\"content\":\"[\\n  {\\n    \\\"title\\\": \\\"控食量\\\",\\n    \\\"subtitle\\\": \\\"每餐八分饱\\\",\\n    \\\"color\\\": \\\"#FF6B6B\\\"\\n  },\\n  {\\n    \\\"title\\\": \\\"多运动\\\",\\n    \\\"subtitle\\\": \\\"每日步数万\\\",\\n    \\\"color\\\": \\\"#4ECDC4\\\"\\n  },\\n  {\\n    \\\"title\\\": \\\"早休息\\\",\\n    \\\"subtitle\\\": \\\"十点上床睡\\\",\\n    \\\"color\\\": \\\"#45B7D1\\\"\\n  },\\n  {\\n    \\\"title\\\": \\\"少油腻\\\",\\n    \\\"subtitle\\\": \\\"饮食选清淡\\\",\\n    \\\"color\\\": \\\"#96CEB4\\\"\\n  }\\n]\"},\"finish_reason\":\"stop\"}],\"usage\":{\"prompt_tokens\":113,\"completion_tokens\":137,\"total_tokens\":250},\"note\":\"以上内容为AI生成，不代表开发者立场，请勿删除或修改本标记\"}', NULL);
INSERT INTO `ai_messages` VALUES (414, 8, 299, 'user', '我的信息如下: 性别：#{gender}；出生日期：#{birth_date}；身高：#{height}；今日体重：#{current_weight}kg；#{delta_7d_kg}；', 'text', 1, '2025-09-28 22:14:33.159000', '2025-09-28 22:14:33.159000', NULL, NULL, '{\"model\":\"hunyuan-turbos-latest\",\"messages\":[{\"role\":\"system\",\"content\":\"你是减脂健康管理助理。请根据以下用户输入生成今日总结的JSON，字段与字数要求如下：status：标题，<=8字，风格积极或中性，如“稳步下降”“轻微反弹”。message：今日总结，<=25字，要求具体、可读。healthGoal：鼓励话语+目标，<=15字。只返回合法JSON，不含多余文字或代码块标记。若数据缺失，请基于已知信息给出中性建议，仍满足字数限制。\"},{\"role\":\"user\",\"content\":\"我的信息如下: 性别：男；出生日期：1999-08-01；身高：180；今日体重：105kg；2025-09-28-2025-09-21体重变换:；\"}]}', NULL);
INSERT INTO `ai_messages` VALUES (415, 8, 299, 'assistant', '{\n    \"status\": \"数据待补充\",\n    \"message\": \"今日体重105kg，暂无历史对比\",\n    \"healthGoal\": \"坚持记录，向健康体重进发\"\n}', 'text', 2, '2025-09-28 22:14:33.225000', '2025-09-28 22:14:33.225000', '214', NULL, '{\"id\":\"9b4e805550da7135827e7aa256f8e0c2\",\"object\":\"chat.completion\",\"created\":1759068871,\"model\":\"hunyuan-turbos-latest\",\"system_fingerprint\":\"\",\"choices\":[{\"index\":0,\"message\":{\"role\":\"assistant\",\"content\":\"{\\n    \\\"status\\\": \\\"数据待补充\\\",\\n    \\\"message\\\": \\\"今日体重105kg，暂无历史对比\\\",\\n    \\\"healthGoal\\\": \\\"坚持记录，向健康体重进发\\\"\\n}\"},\"finish_reason\":\"stop\"}],\"usage\":{\"prompt_tokens\":171,\"completion_tokens\":43,\"total_tokens\":214},\"note\":\"以上内容为AI生成，不代表开发者立场，请勿删除或修改本标记\"}', NULL);
INSERT INTO `ai_messages` VALUES (416, 8, 300, 'user', '我的信息如下: 性别：#{gender}；出生日期：#{birth_date}；身高：#{height}；今日体重：#{current_weight}kg；#{delta_7d_kg}；', 'text', 1, '2025-09-28 22:14:36.641000', '2025-09-28 22:14:36.641000', NULL, NULL, '{\"model\":\"hunyuan-turbos-latest\",\"messages\":[{\"role\":\"system\",\"content\":\"生成4条今日健康建议，输出严格为JSON数组，每条含\\\"title\\\"(≤4字中文)、“subtitle”(≤7字可执行)、“color”(#RRGGBB)，不得输出多余文字。\"},{\"role\":\"user\",\"content\":\"我的信息如下: 性别：男；出生日期：1999-08-01；身高：180；今日体重：105kg；2025-09-28-2025-09-21体重变换:；\"}]}', NULL);
INSERT INTO `ai_messages` VALUES (417, 8, 300, 'assistant', '[\n  {\n    \"title\": \"控食量\",\n    \"subtitle\": \"每餐八分饱\",\n    \"color\": \"#FF6B6B\"\n  },\n  {\n    \"title\": \"多运动\",\n    \"subtitle\": \"每日步数万\",\n    \"color\": \"#4ECDC4\"\n  },\n  {\n    \"title\": \"早休息\",\n    \"subtitle\": \"十点上床睡\",\n    \"color\": \"#45B7D1\"\n  },\n  {\n    \"title\": \"少油腻\",\n    \"subtitle\": \"饮食选清淡\",\n    \"color\": \"#96CEB4\"\n  }\n]', 'text', 2, '2025-09-28 22:14:36.714000', '2025-09-28 22:14:36.714000', '250', NULL, '{\"id\":\"ef7a0fdabcc812875157c95d74548e57\",\"object\":\"chat.completion\",\"created\":1759068875,\"model\":\"hunyuan-turbos-latest\",\"system_fingerprint\":\"\",\"choices\":[{\"index\":0,\"message\":{\"role\":\"assistant\",\"content\":\"[\\n  {\\n    \\\"title\\\": \\\"控食量\\\",\\n    \\\"subtitle\\\": \\\"每餐八分饱\\\",\\n    \\\"color\\\": \\\"#FF6B6B\\\"\\n  },\\n  {\\n    \\\"title\\\": \\\"多运动\\\",\\n    \\\"subtitle\\\": \\\"每日步数万\\\",\\n    \\\"color\\\": \\\"#4ECDC4\\\"\\n  },\\n  {\\n    \\\"title\\\": \\\"早休息\\\",\\n    \\\"subtitle\\\": \\\"十点上床睡\\\",\\n    \\\"color\\\": \\\"#45B7D1\\\"\\n  },\\n  {\\n    \\\"title\\\": \\\"少油腻\\\",\\n    \\\"subtitle\\\": \\\"饮食选清淡\\\",\\n    \\\"color\\\": \\\"#96CEB4\\\"\\n  }\\n]\"},\"finish_reason\":\"stop\"}],\"usage\":{\"prompt_tokens\":113,\"completion_tokens\":137,\"total_tokens\":250},\"note\":\"以上内容为AI生成，不代表开发者立场，请勿删除或修改本标记\"}', NULL);
INSERT INTO `ai_messages` VALUES (418, 8, 302, 'user', '我的信息如下: 性别：#{gender}；出生日期：#{birth_date}；身高：#{height}；今日体重：#{current_weight}kg；#{delta_7d_kg}；', 'text', 1, '2025-09-28 22:18:02.387000', '2025-09-28 22:18:02.387000', NULL, NULL, '{\"model\":\"hunyuan-turbos-latest\",\"messages\":[{\"role\":\"system\",\"content\":\"你是减脂健康管理助理。请根据以下用户信息生成今日总结的JSON，字段与字数要求如下：status：标题，<=8字，风格积极或中性，如“稳步下降”“轻微反弹”。message：今日总结，<=25字，要求具体、可读。healthGoal：鼓励话语+目标，<=15字。只返回合法JSON，不含多余文字或代码块标记。请基于已知信息给出中性建议，仍满足字数限制。\"},{\"role\":\"user\",\"content\":\"我的信息如下: 性别：男；出生日期：1999-08-01；身高：180；今日体重：105kg；2025-09-28-2025-09-21体重变换:；\"}]}', NULL);
INSERT INTO `ai_messages` VALUES (419, 8, 302, 'assistant', '{\n    \"status\": \"体重待察\",\n    \"message\": \"今日体重105kg，暂无对比数据\",\n    \"healthGoal\": \"坚持下去，向健康体重迈进\"\n}', 'text', 2, '2025-09-28 22:18:02.463000', '2025-09-28 22:18:02.463000', '210', NULL, '{\"id\":\"8b9484206f103ace8b6121eba3a208c2\",\"object\":\"chat.completion\",\"created\":1759069080,\"model\":\"hunyuan-turbos-latest\",\"system_fingerprint\":\"\",\"choices\":[{\"index\":0,\"message\":{\"role\":\"assistant\",\"content\":\"{\\n    \\\"status\\\": \\\"体重待察\\\",\\n    \\\"message\\\": \\\"今日体重105kg，暂无对比数据\\\",\\n    \\\"healthGoal\\\": \\\"坚持下去，向健康体重迈进\\\"\\n}\"},\"finish_reason\":\"stop\"}],\"usage\":{\"prompt_tokens\":168,\"completion_tokens\":42,\"total_tokens\":210},\"note\":\"以上内容为AI生成，不代表开发者立场，请勿删除或修改本标记\"}', NULL);
INSERT INTO `ai_messages` VALUES (420, 8, 301, 'user', '我的信息如下: 性别：#{gender}；出生日期：#{birth_date}；身高：#{height}；今日体重：#{current_weight}kg；#{delta_7d_kg}；', 'text', 1, '2025-09-28 22:18:05.139000', '2025-09-28 22:18:05.139000', NULL, NULL, '{\"model\":\"hunyuan-turbos-latest\",\"messages\":[{\"role\":\"system\",\"content\":\"生成4条今日健康建议，输出严格为JSON数组，每条含\\\"title\\\"(≤4字中文)、“subtitle”(≤7字可执行)、“color”(#RRGGBB)，不得输出多余文字。\"},{\"role\":\"user\",\"content\":\"我的信息如下: 性别：男；出生日期：1999-08-01；身高：180；今日体重：105kg；2025-09-28-2025-09-21体重变换:；\"}]}', NULL);
INSERT INTO `ai_messages` VALUES (421, 8, 301, 'assistant', '[\n  {\n    \"title\": \"控食量\",\n    \"subtitle\": \"每餐八分饱\",\n    \"color\": \"#FF6B6B\"\n  },\n  {\n    \"title\": \"多运动\",\n    \"subtitle\": \"每日步数万\",\n    \"color\": \"#4ECDC4\"\n  },\n  {\n    \"title\": \"早睡觉\",\n    \"subtitle\": \"十点入梦乡\",\n    \"color\": \"#45B7D1\"\n  },\n  {\n    \"title\": \"少油腻\",\n    \"subtitle\": \"饮食要清淡\",\n    \"color\": \"#96CEB4\"\n  }\n]', 'text', 2, '2025-09-28 22:18:05.203000', '2025-09-28 22:18:05.203000', '250', NULL, '{\"id\":\"4215feb9eb2acc0f724d1eb1ddf1d08f\",\"object\":\"chat.completion\",\"created\":1759069083,\"model\":\"hunyuan-turbos-latest\",\"system_fingerprint\":\"\",\"choices\":[{\"index\":0,\"message\":{\"role\":\"assistant\",\"content\":\"[\\n  {\\n    \\\"title\\\": \\\"控食量\\\",\\n    \\\"subtitle\\\": \\\"每餐八分饱\\\",\\n    \\\"color\\\": \\\"#FF6B6B\\\"\\n  },\\n  {\\n    \\\"title\\\": \\\"多运动\\\",\\n    \\\"subtitle\\\": \\\"每日步数万\\\",\\n    \\\"color\\\": \\\"#4ECDC4\\\"\\n  },\\n  {\\n    \\\"title\\\": \\\"早睡觉\\\",\\n    \\\"subtitle\\\": \\\"十点入梦乡\\\",\\n    \\\"color\\\": \\\"#45B7D1\\\"\\n  },\\n  {\\n    \\\"title\\\": \\\"少油腻\\\",\\n    \\\"subtitle\\\": \\\"饮食要清淡\\\",\\n    \\\"color\\\": \\\"#96CEB4\\\"\\n  }\\n]\"},\"finish_reason\":\"stop\"}],\"usage\":{\"prompt_tokens\":113,\"completion_tokens\":137,\"total_tokens\":250},\"note\":\"以上内容为AI生成，不代表开发者立场，请勿删除或修改本标记\"}', NULL);
INSERT INTO `ai_messages` VALUES (422, 8, 303, 'user', '我的信息如下: 性别：#{gender}；出生日期：#{birth_date}；身高：#{height}；今日体重：#{current_weight}kg；#{delta_7d_kg}；', 'text', 1, '2025-09-28 22:18:10.523000', '2025-09-28 22:18:10.523000', NULL, NULL, '{\"model\":\"hunyuan-turbos-latest\",\"messages\":[{\"role\":\"system\",\"content\":\"你是减脂健康管理助理。请根据以下用户信息生成今日总结的JSON，字段与字数要求如下：status：标题，<=8字，风格积极或中性，如“稳步下降”“轻微反弹”。message：今日总结，<=25字，要求具体、可读。healthGoal：鼓励话语+目标，<=15字。只返回合法JSON，不含多余文字或代码块标记。请基于已知信息给出中性建议，仍满足字数限制。\"},{\"role\":\"user\",\"content\":\"我的信息如下: 性别：男；出生日期：1999-08-01；身高：180；今日体重：105kg；2025-09-28-2025-09-21体重变换:；\"}]}', NULL);
INSERT INTO `ai_messages` VALUES (423, 8, 303, 'assistant', '{\n    \"status\": \"体重待察\",\n    \"message\": \"今日体重105kg，暂无近期变化数据\",\n    \"healthGoal\": \"坚持下去，向健康体重迈进\"\n}', 'text', 2, '2025-09-28 22:18:10.589000', '2025-09-28 22:18:10.589000', '211', NULL, '{\"id\":\"eb07734c6bc405175fe778c1820bb517\",\"object\":\"chat.completion\",\"created\":1759069089,\"model\":\"hunyuan-turbos-latest\",\"system_fingerprint\":\"\",\"choices\":[{\"index\":0,\"message\":{\"role\":\"assistant\",\"content\":\"{\\n    \\\"status\\\": \\\"体重待察\\\",\\n    \\\"message\\\": \\\"今日体重105kg，暂无近期变化数据\\\",\\n    \\\"healthGoal\\\": \\\"坚持下去，向健康体重迈进\\\"\\n}\"},\"finish_reason\":\"stop\"}],\"usage\":{\"prompt_tokens\":168,\"completion_tokens\":43,\"total_tokens\":211},\"note\":\"以上内容为AI生成，不代表开发者立场，请勿删除或修改本标记\"}', NULL);
INSERT INTO `ai_messages` VALUES (424, 8, 304, 'user', '我的信息如下: 性别：#{gender}；出生日期：#{birth_date}；身高：#{height}；今日体重：#{current_weight}kg；#{delta_7d_kg}；', 'text', 1, '2025-09-28 22:18:13.239000', '2025-09-28 22:18:13.239000', NULL, NULL, '{\"model\":\"hunyuan-turbos-latest\",\"messages\":[{\"role\":\"system\",\"content\":\"生成4条今日健康建议，输出严格为JSON数组，每条含\\\"title\\\"(≤4字中文)、“subtitle”(≤7字可执行)、“color”(#RRGGBB)，不得输出多余文字。\"},{\"role\":\"user\",\"content\":\"我的信息如下: 性别：男；出生日期：1999-08-01；身高：180；今日体重：105kg；2025-09-28-2025-09-21体重变换:；\"}]}', NULL);
INSERT INTO `ai_messages` VALUES (425, 8, 304, 'assistant', '[\n  {\n    \"title\": \"控食量\",\n    \"subtitle\": \"每餐八分饱\",\n    \"color\": \"#FF6B6B\"\n  },\n  {\n    \"title\": \"多运动\",\n    \"subtitle\": \"每日步数万\",\n    \"color\": \"#4ECDC4\"\n  },\n  {\n    \"title\": \"早睡觉\",\n    \"subtitle\": \"十点入梦乡\",\n    \"color\": \"#45B7D1\"\n  },\n  {\n    \"title\": \"少油腻\",\n    \"subtitle\": \"饮食要清淡\",\n    \"color\": \"#96CEB4\"\n  }\n]', 'text', 2, '2025-09-28 22:18:13.315000', '2025-09-28 22:18:13.315000', '250', NULL, '{\"id\":\"86c94b877a3ac6d38c363183f48f2be4\",\"object\":\"chat.completion\",\"created\":1759069091,\"model\":\"hunyuan-turbos-latest\",\"system_fingerprint\":\"\",\"choices\":[{\"index\":0,\"message\":{\"role\":\"assistant\",\"content\":\"[\\n  {\\n    \\\"title\\\": \\\"控食量\\\",\\n    \\\"subtitle\\\": \\\"每餐八分饱\\\",\\n    \\\"color\\\": \\\"#FF6B6B\\\"\\n  },\\n  {\\n    \\\"title\\\": \\\"多运动\\\",\\n    \\\"subtitle\\\": \\\"每日步数万\\\",\\n    \\\"color\\\": \\\"#4ECDC4\\\"\\n  },\\n  {\\n    \\\"title\\\": \\\"早睡觉\\\",\\n    \\\"subtitle\\\": \\\"十点入梦乡\\\",\\n    \\\"color\\\": \\\"#45B7D1\\\"\\n  },\\n  {\\n    \\\"title\\\": \\\"少油腻\\\",\\n    \\\"subtitle\\\": \\\"饮食要清淡\\\",\\n    \\\"color\\\": \\\"#96CEB4\\\"\\n  }\\n]\"},\"finish_reason\":\"stop\"}],\"usage\":{\"prompt_tokens\":113,\"completion_tokens\":137,\"total_tokens\":250},\"note\":\"以上内容为AI生成，不代表开发者立场，请勿删除或修改本标记\"}', NULL);
INSERT INTO `ai_messages` VALUES (426, 8, 305, 'user', '我的信息如下: 性别：#{gender}；出生日期：#{birth_date}；身高：#{height}；今日体重：#{current_weight}kg；#{delta_7d_kg}；', 'text', 1, '2025-09-28 22:21:15.698000', '2025-09-28 22:21:15.698000', NULL, NULL, '{\"model\":\"hunyuan-turbos-latest\",\"messages\":[{\"role\":\"system\",\"content\":\"你是减脂健康管理助理。请根据以下用户信息生成今日总结的JSON，字段与字数要求如下：status：标题，<=8字，风格积极或中性，如“稳步下降”“轻微反弹”。message：近期总结，<=50字，要求具体、可读。healthGoal：鼓励话语+目标，<=15字。只返回合法JSON，不含多余文字或代码块标记。请基于已知信息给出中性建议，仍满足字数限制。\"},{\"role\":\"user\",\"content\":\"我的信息如下: 性别：男；出生日期：1999-08-01；身高：180；今日体重：105kg；2025-09-28-2025-09-21体重变换:；\"}]}', NULL);
INSERT INTO `ai_messages` VALUES (427, 8, 305, 'assistant', '{\n    \"status\": \"数据待察\",\n    \"message\": \"今日体重105kg，2025.9.21 - 9.28体重变化数据缺失。\",\n    \"healthGoal\": \"坚持记录，朝健康体重迈进\"\n}', 'text', 2, '2025-09-28 22:21:15.763000', '2025-09-28 22:21:15.763000', '226', NULL, '{\"id\":\"902efe83c416ef4c83369b2d0aac0827\",\"object\":\"chat.completion\",\"created\":1759069274,\"model\":\"hunyuan-turbos-latest\",\"system_fingerprint\":\"\",\"choices\":[{\"index\":0,\"message\":{\"role\":\"assistant\",\"content\":\"{\\n    \\\"status\\\": \\\"数据待察\\\",\\n    \\\"message\\\": \\\"今日体重105kg，2025.9.21 - 9.28体重变化数据缺失。\\\",\\n    \\\"healthGoal\\\": \\\"坚持记录，朝健康体重迈进\\\"\\n}\"},\"finish_reason\":\"stop\"}],\"usage\":{\"prompt_tokens\":168,\"completion_tokens\":58,\"total_tokens\":226},\"note\":\"以上内容为AI生成，不代表开发者立场，请勿删除或修改本标记\"}', NULL);
INSERT INTO `ai_messages` VALUES (428, 8, 306, 'user', '我的信息如下: 性别：#{gender}；出生日期：#{birth_date}；身高：#{height}；今日体重：#{current_weight}kg；#{delta_7d_kg}；', 'text', 1, '2025-09-28 22:21:18.187000', '2025-09-28 22:21:18.187000', NULL, NULL, '{\"model\":\"hunyuan-turbos-latest\",\"messages\":[{\"role\":\"system\",\"content\":\"生成4条今日健康建议，输出严格为JSON数组，每条含\\\"title\\\"(≤4字中文)、“subtitle”(≤7字可执行)、“color”(#RRGGBB)，不得输出多余文字。\"},{\"role\":\"user\",\"content\":\"我的信息如下: 性别：男；出生日期：1999-08-01；身高：180；今日体重：105kg；2025-09-28-2025-09-21体重变换:；\"}]}', NULL);
INSERT INTO `ai_messages` VALUES (429, 8, 306, 'assistant', '[\n  {\n    \"title\": \"控食量\",\n    \"subtitle\": \"每餐八分饱\",\n    \"color\": \"#FF6B6B\"\n  },\n  {\n    \"title\": \"多运动\",\n    \"subtitle\": \"每日步数万\",\n    \"color\": \"#4ECDC4\"\n  },\n  {\n    \"title\": \"早休息\",\n    \"subtitle\": \"十点上床睡\",\n    \"color\": \"#45B7D1\"\n  },\n  {\n    \"title\": \"少油腻\",\n    \"subtitle\": \"饮食选清淡\",\n    \"color\": \"#96CEB4\"\n  }\n]', 'text', 2, '2025-09-28 22:21:18.263000', '2025-09-28 22:21:18.263000', '250', NULL, '{\"id\":\"d8a5eb9dd3c0cee58238bd74d305f8f2\",\"object\":\"chat.completion\",\"created\":1759069276,\"model\":\"hunyuan-turbos-latest\",\"system_fingerprint\":\"\",\"choices\":[{\"index\":0,\"message\":{\"role\":\"assistant\",\"content\":\"[\\n  {\\n    \\\"title\\\": \\\"控食量\\\",\\n    \\\"subtitle\\\": \\\"每餐八分饱\\\",\\n    \\\"color\\\": \\\"#FF6B6B\\\"\\n  },\\n  {\\n    \\\"title\\\": \\\"多运动\\\",\\n    \\\"subtitle\\\": \\\"每日步数万\\\",\\n    \\\"color\\\": \\\"#4ECDC4\\\"\\n  },\\n  {\\n    \\\"title\\\": \\\"早休息\\\",\\n    \\\"subtitle\\\": \\\"十点上床睡\\\",\\n    \\\"color\\\": \\\"#45B7D1\\\"\\n  },\\n  {\\n    \\\"title\\\": \\\"少油腻\\\",\\n    \\\"subtitle\\\": \\\"饮食选清淡\\\",\\n    \\\"color\\\": \\\"#96CEB4\\\"\\n  }\\n]\"},\"finish_reason\":\"stop\"}],\"usage\":{\"prompt_tokens\":113,\"completion_tokens\":137,\"total_tokens\":250},\"note\":\"以上内容为AI生成，不代表开发者立场，请勿删除或修改本标记\"}', NULL);
INSERT INTO `ai_messages` VALUES (430, 8, 308, 'user', '我的信息如下: 性别：#{gender}；出生日期：#{birth_date}；身高：#{height}；今日体重：#{current_weight}kg；#{delta_7d_kg}；', 'text', 1, '2025-09-28 22:21:34.504000', '2025-09-28 22:21:34.504000', NULL, NULL, '{\"model\":\"hunyuan-turbos-latest\",\"messages\":[{\"role\":\"system\",\"content\":\"你是减脂健康管理助理。请根据以下用户信息生成今日总结的JSON，字段与字数要求如下：status：标题，<=8字，风格积极或中性，如“稳步下降”“轻微反弹”。message：近期总结，<=50字，要求具体、可读。healthGoal：鼓励话语+目标，<=15字。只返回合法JSON，不含多余文字或代码块标记。请基于已知信息给出中性建议，仍满足字数限制。\"},{\"role\":\"user\",\"content\":\"我的信息如下: 性别：男；出生日期：1999-08-01；身高：180；今日体重：105kg；2025-09-28-2025-09-21体重变换:；\"}]}', NULL);
INSERT INTO `ai_messages` VALUES (431, 8, 308, 'assistant', '{\n    \"status\": \"体重待察\",\n    \"message\": \"今日体重105kg，暂无近期体重变化数据。\",\n    \"healthGoal\": \"坚持下去，减至健康体重！\"\n}', 'text', 2, '2025-09-28 22:21:34.579000', '2025-09-28 22:21:34.579000', '213', NULL, '{\"id\":\"0adac334f692710be58826a863bfa3ac\",\"object\":\"chat.completion\",\"created\":1759069293,\"model\":\"hunyuan-turbos-latest\",\"system_fingerprint\":\"\",\"choices\":[{\"index\":0,\"message\":{\"role\":\"assistant\",\"content\":\"{\\n    \\\"status\\\": \\\"体重待察\\\",\\n    \\\"message\\\": \\\"今日体重105kg，暂无近期体重变化数据。\\\",\\n    \\\"healthGoal\\\": \\\"坚持下去，减至健康体重！\\\"\\n}\"},\"finish_reason\":\"stop\"}],\"usage\":{\"prompt_tokens\":168,\"completion_tokens\":45,\"total_tokens\":213},\"note\":\"以上内容为AI生成，不代表开发者立场，请勿删除或修改本标记\"}', NULL);
INSERT INTO `ai_messages` VALUES (432, 8, 307, 'user', '我的信息如下: 性别：#{gender}；出生日期：#{birth_date}；身高：#{height}；今日体重：#{current_weight}kg；#{delta_7d_kg}；', 'text', 1, '2025-09-28 22:21:36.634000', '2025-09-28 22:21:36.634000', NULL, NULL, '{\"model\":\"hunyuan-turbos-latest\",\"messages\":[{\"role\":\"system\",\"content\":\"生成4条今日健康建议，输出严格为JSON数组，每条含\\\"title\\\"(≤4字中文)、“subtitle”(≤7字可执行)、“color”(#RRGGBB)，不得输出多余文字。\"},{\"role\":\"user\",\"content\":\"我的信息如下: 性别：男；出生日期：1999-08-01；身高：180；今日体重：105kg；2025-09-28-2025-09-21体重变换:；\"}]}', NULL);
INSERT INTO `ai_messages` VALUES (433, 8, 307, 'assistant', '[\n  {\n    \"title\": \"控食量\",\n    \"subtitle\": \"每餐八分饱\",\n    \"color\": \"#FF6B6B\"\n  },\n  {\n    \"title\": \"多运动\",\n    \"subtitle\": \"每日步数万\",\n    \"color\": \"#4ECDC4\"\n  },\n  {\n    \"title\": \"早睡觉\",\n    \"subtitle\": \"十点入梦乡\",\n    \"color\": \"#45B7D1\"\n  },\n  {\n    \"title\": \"少油腻\",\n    \"subtitle\": \"饮食清淡点\",\n    \"color\": \"#96CEB4\"\n  }\n]', 'text', 2, '2025-09-28 22:21:36.697000', '2025-09-28 22:21:36.697000', '250', NULL, '{\"id\":\"607043a6b8f18b644217e032aed7a26f\",\"object\":\"chat.completion\",\"created\":1759069295,\"model\":\"hunyuan-turbos-latest\",\"system_fingerprint\":\"\",\"choices\":[{\"index\":0,\"message\":{\"role\":\"assistant\",\"content\":\"[\\n  {\\n    \\\"title\\\": \\\"控食量\\\",\\n    \\\"subtitle\\\": \\\"每餐八分饱\\\",\\n    \\\"color\\\": \\\"#FF6B6B\\\"\\n  },\\n  {\\n    \\\"title\\\": \\\"多运动\\\",\\n    \\\"subtitle\\\": \\\"每日步数万\\\",\\n    \\\"color\\\": \\\"#4ECDC4\\\"\\n  },\\n  {\\n    \\\"title\\\": \\\"早睡觉\\\",\\n    \\\"subtitle\\\": \\\"十点入梦乡\\\",\\n    \\\"color\\\": \\\"#45B7D1\\\"\\n  },\\n  {\\n    \\\"title\\\": \\\"少油腻\\\",\\n    \\\"subtitle\\\": \\\"饮食清淡点\\\",\\n    \\\"color\\\": \\\"#96CEB4\\\"\\n  }\\n]\"},\"finish_reason\":\"stop\"}],\"usage\":{\"prompt_tokens\":113,\"completion_tokens\":137,\"total_tokens\":250},\"note\":\"以上内容为AI生成，不代表开发者立场，请勿删除或修改本标记\"}', NULL);
INSERT INTO `ai_messages` VALUES (434, 8, 312, 'user', '我的信息如下: 性别：#{gender}；出生日期：#{birth_date}；身高：#{height}；今日体重：#{current_weight}kg；#{delta_7d_kg}；', 'text', 1, '2025-09-28 22:26:36.277000', '2025-09-28 22:26:36.277000', NULL, NULL, '{\"model\":\"hunyuan-turbos-latest\",\"messages\":[{\"role\":\"system\",\"content\":\"你是减脂健康管理助理。请根据以下用户信息生成今日总结的JSON，字段与字数要求如下：status：标题，<=8字，风格积极或中性，如“稳步下降”“轻微反弹”。message：近期总结，<=50字，要求具体、可读。healthGoal：鼓励话语+目标，<=15字。只返回合法JSON，不含多余文字或代码块标记。请基于已知信息给出中性建议，仍满足字数限制。\"},{\"role\":\"user\",\"content\":\"我的信息如下: 性别：男；出生日期：1999-08-01；身高：180；今日体重：105kg；2025-09-21-2025-09-28体重变换:104,103,102,102；\"}]}', NULL);
INSERT INTO `ai_messages` VALUES (435, 8, 312, 'assistant', '{\n    \"status\": \"体重小升\",\n    \"message\": \"近一周体重先降后升，今日105kg，较上周有波动。\",\n    \"healthGoal\": \"坚持下去，向100kg迈进！\"\n}', 'text', 2, '2025-09-28 22:26:36.339000', '2025-09-28 22:26:36.340000', '236', NULL, '{\"id\":\"830a80073ecf0e67fecf991e17a6256b\",\"object\":\"chat.completion\",\"created\":1759069594,\"model\":\"hunyuan-turbos-latest\",\"system_fingerprint\":\"\",\"choices\":[{\"index\":0,\"message\":{\"role\":\"assistant\",\"content\":\"{\\n    \\\"status\\\": \\\"体重小升\\\",\\n    \\\"message\\\": \\\"近一周体重先降后升，今日105kg，较上周有波动。\\\",\\n    \\\"healthGoal\\\": \\\"坚持下去，向100kg迈进！\\\"\\n}\"},\"finish_reason\":\"stop\"}],\"usage\":{\"prompt_tokens\":183,\"completion_tokens\":53,\"total_tokens\":236},\"note\":\"以上内容为AI生成，不代表开发者立场，请勿删除或修改本标记\"}', NULL);
INSERT INTO `ai_messages` VALUES (436, 8, 311, 'user', '我的信息如下: 性别：#{gender}；出生日期：#{birth_date}；身高：#{height}；今日体重：#{current_weight}kg；#{delta_7d_kg}；', 'text', 1, '2025-09-28 22:26:37.483000', '2025-09-28 22:26:37.483000', NULL, NULL, '{\"model\":\"hunyuan-turbos-latest\",\"messages\":[{\"role\":\"system\",\"content\":\"生成4条今日健康建议，输出严格为JSON数组，每条含\\\"title\\\"(≤4字中文)、“subtitle”(≤7字可执行)、“color”(#RRGGBB)，不得输出多余文字。\"},{\"role\":\"user\",\"content\":\"我的信息如下: 性别：男；出生日期：1999-08-01；身高：180；今日体重：105kg；2025-09-21-2025-09-28体重变换:104,103,102,102；\"}]}', NULL);
INSERT INTO `ai_messages` VALUES (437, 8, 311, 'assistant', '[\n  {\n    \"title\": \"控食量\",\n    \"subtitle\": \"每餐八分饱\",\n    \"color\": \"#FF6B6B\"\n  },\n  {\n    \"title\": \"多运动\",\n    \"subtitle\": \"每日步数万\",\n    \"color\": \"#4ECDC4\"\n  },\n  {\n    \"title\": \"勤喝水\",\n    \"subtitle\": \"八杯不能少\",\n    \"color\": \"#45B7D1\"\n  },\n  {\n    \"title\": \"早睡觉\",\n    \"subtitle\": \"十点上床睡\",\n    \"color\": \"#96CEB4\"\n  }\n]', 'text', 2, '2025-09-28 22:26:37.550000', '2025-09-28 22:26:37.550000', '266', NULL, '{\"id\":\"4ec34e05d58f7f20aca828f4159393ab\",\"object\":\"chat.completion\",\"created\":1759069596,\"model\":\"hunyuan-turbos-latest\",\"system_fingerprint\":\"\",\"choices\":[{\"index\":0,\"message\":{\"role\":\"assistant\",\"content\":\"[\\n  {\\n    \\\"title\\\": \\\"控食量\\\",\\n    \\\"subtitle\\\": \\\"每餐八分饱\\\",\\n    \\\"color\\\": \\\"#FF6B6B\\\"\\n  },\\n  {\\n    \\\"title\\\": \\\"多运动\\\",\\n    \\\"subtitle\\\": \\\"每日步数万\\\",\\n    \\\"color\\\": \\\"#4ECDC4\\\"\\n  },\\n  {\\n    \\\"title\\\": \\\"勤喝水\\\",\\n    \\\"subtitle\\\": \\\"八杯不能少\\\",\\n    \\\"color\\\": \\\"#45B7D1\\\"\\n  },\\n  {\\n    \\\"title\\\": \\\"早睡觉\\\",\\n    \\\"subtitle\\\": \\\"十点上床睡\\\",\\n    \\\"color\\\": \\\"#96CEB4\\\"\\n  }\\n]\"},\"finish_reason\":\"stop\"}],\"usage\":{\"prompt_tokens\":128,\"completion_tokens\":138,\"total_tokens\":266},\"note\":\"以上内容为AI生成，不代表开发者立场，请勿删除或修改本标记\"}', NULL);
INSERT INTO `ai_messages` VALUES (438, 8, 314, 'user', '我的信息如下: 性别：#{gender}；出生日期：#{birth_date}；身高：#{height}；今日体重：#{current_weight}kg；#{delta_7d_kg}；', 'text', 1, '2025-09-28 22:38:31.992000', '2025-09-28 22:38:31.992000', NULL, NULL, '{\"model\":\"hunyuan-turbos-latest\",\"messages\":[{\"role\":\"system\",\"content\":\"你是减脂健康管理助理。请根据以下用户信息生成今日总结的JSON，字段与字数要求如下：status：标题，<=8字，风格积极或中性，如“稳步下降”“轻微反弹”。message：近期总结，<=50字，要求具体、可读。healthGoal：鼓励话语+目标，<=15字。只返回合法JSON，不含多余文字或代码块标记。请基于已知信息给出中性建议，仍满足字数限制。\"},{\"role\":\"user\",\"content\":\"我的信息如下: 性别：男；出生日期：1999-08-01；身高：180；今日体重：105kg；2025-09-21-2025-09-28体重变换:104,103,102,102；\"}]}', NULL);
INSERT INTO `ai_messages` VALUES (439, 8, 314, 'assistant', '{\n    \"status\": \"体重微升\",\n    \"message\": \"近一周体重先降后升，今日105kg，较上周有波动。\",\n    \"healthGoal\": \"坚持下去，向100kg迈进！\"\n}', 'text', 2, '2025-09-28 22:38:32.069000', '2025-09-28 22:38:32.069000', '236', NULL, '{\"id\":\"4a7ec660e86c89e71c80a584020dd68c\",\"object\":\"chat.completion\",\"created\":1759070310,\"model\":\"hunyuan-turbos-latest\",\"system_fingerprint\":\"\",\"choices\":[{\"index\":0,\"message\":{\"role\":\"assistant\",\"content\":\"{\\n    \\\"status\\\": \\\"体重微升\\\",\\n    \\\"message\\\": \\\"近一周体重先降后升，今日105kg，较上周有波动。\\\",\\n    \\\"healthGoal\\\": \\\"坚持下去，向100kg迈进！\\\"\\n}\"},\"finish_reason\":\"stop\"}],\"usage\":{\"prompt_tokens\":183,\"completion_tokens\":53,\"total_tokens\":236},\"note\":\"以上内容为AI生成，不代表开发者立场，请勿删除或修改本标记\"}', NULL);
INSERT INTO `ai_messages` VALUES (440, 8, 313, 'user', '我的信息如下: 性别：#{gender}；出生日期：#{birth_date}；身高：#{height}；今日体重：#{current_weight}kg；#{delta_7d_kg}；', 'text', 1, '2025-09-28 22:38:34.176000', '2025-09-28 22:38:34.176000', NULL, NULL, '{\"model\":\"hunyuan-turbos-latest\",\"messages\":[{\"role\":\"system\",\"content\":\"生成4条今日健康建议，输出严格为JSON数组，每条含\\\"title\\\"(≤4字中文)、“subtitle”(≤7字可执行)、“color”(#RRGGBB)，不得输出多余文字。\"},{\"role\":\"user\",\"content\":\"我的信息如下: 性别：男；出生日期：1999-08-01；身高：180；今日体重：105kg；2025-09-21-2025-09-28体重变换:104,103,102,102；\"}]}', NULL);
INSERT INTO `ai_messages` VALUES (441, 8, 313, 'assistant', '[\n    {\n        \"title\": \"控食量\",\n        \"subtitle\": \"每餐八分饱\",\n        \"color\": \"#FF6B6B\"\n    },\n    {\n        \"title\": \"多运动\",\n        \"subtitle\": \"每日步数万\",\n        \"color\": \"#4ECDC4\"\n    },\n    {\n        \"title\": \"早休息\",\n        \"subtitle\": \"十点上床睡\",\n        \"color\": \"#45B7D1\"\n    },\n    {\n        \"title\": \"少油腻\",\n        \"subtitle\": \"饮食选清淡\",\n        \"color\": \"#96CEB4\"\n    }\n]', 'text', 2, '2025-09-28 22:38:34.254000', '2025-09-28 22:38:34.254000', '265', NULL, '{\"id\":\"7d1c72faf0056cee0a932d4bc3917508\",\"object\":\"chat.completion\",\"created\":1759070312,\"model\":\"hunyuan-turbos-latest\",\"system_fingerprint\":\"\",\"choices\":[{\"index\":0,\"message\":{\"role\":\"assistant\",\"content\":\"[\\n    {\\n        \\\"title\\\": \\\"控食量\\\",\\n        \\\"subtitle\\\": \\\"每餐八分饱\\\",\\n        \\\"color\\\": \\\"#FF6B6B\\\"\\n    },\\n    {\\n        \\\"title\\\": \\\"多运动\\\",\\n        \\\"subtitle\\\": \\\"每日步数万\\\",\\n        \\\"color\\\": \\\"#4ECDC4\\\"\\n    },\\n    {\\n        \\\"title\\\": \\\"早休息\\\",\\n        \\\"subtitle\\\": \\\"十点上床睡\\\",\\n        \\\"color\\\": \\\"#45B7D1\\\"\\n    },\\n    {\\n        \\\"title\\\": \\\"少油腻\\\",\\n        \\\"subtitle\\\": \\\"饮食选清淡\\\",\\n        \\\"color\\\": \\\"#96CEB4\\\"\\n    }\\n]\"},\"finish_reason\":\"stop\"}],\"usage\":{\"prompt_tokens\":128,\"completion_tokens\":137,\"total_tokens\":265},\"note\":\"以上内容为AI生成，不代表开发者立场，请勿删除或修改本标记\"}', NULL);
INSERT INTO `ai_messages` VALUES (442, 8, 325, 'user', '我的信息如下: 性别：#{gender}；出生日期：#{birth_date}；身高：#{height}；今日体重：#{current_weight}kg；#{delta_7d_kg}；', 'text', 1, '2025-09-29 16:00:13.729000', '2025-09-29 16:00:13.729000', NULL, NULL, '{\"model\":\"hunyuan-turbos-latest\",\"messages\":[{\"role\":\"system\",\"content\":\"你是减脂健康管理助理。请根据以下用户信息生成今日总结的JSON，字段与字数要求如下：status：标题，<=8字，风格积极或中性，如“稳步下降”“轻微反弹”。message：近期总结，<=50字，要求具体、可读。healthGoal：鼓励话语+目标，<=15字。只返回合法JSON，不含多余文字或代码块标记。请基于已知信息给出中性建议，仍满足字数限制。\"},{\"role\":\"user\",\"content\":\"我的信息如下: 性别：男；出生日期：1999-08-01；身高：180；今日体重：105kg；2025-09-22-2025-09-29体重变换:104,103,102,102；\"}]}', NULL);
INSERT INTO `ai_messages` VALUES (443, 8, 325, 'assistant', '{\n    \"status\": \"体重微升\",\n    \"message\": \"近一周体重从104kg降至102kg后，今日升至105kg。\",\n    \"healthGoal\": \"别气馁，继续向健康体重进发！\"\n}', 'text', 2, '2025-09-29 16:00:13.835000', '2025-09-29 16:00:13.835000', '240', NULL, '{\"id\":\"9309aa582b897e4b7a86330906e78cbe\",\"object\":\"chat.completion\",\"created\":1759132813,\"model\":\"hunyuan-turbos-latest\",\"system_fingerprint\":\"\",\"choices\":[{\"index\":0,\"message\":{\"role\":\"assistant\",\"content\":\"{\\n    \\\"status\\\": \\\"体重微升\\\",\\n    \\\"message\\\": \\\"近一周体重从104kg降至102kg后，今日升至105kg。\\\",\\n    \\\"healthGoal\\\": \\\"别气馁，继续向健康体重进发！\\\"\\n}\"},\"finish_reason\":\"stop\"}],\"usage\":{\"prompt_tokens\":183,\"completion_tokens\":57,\"total_tokens\":240},\"note\":\"以上内容为AI生成，不代表开发者立场，请勿删除或修改本标记\"}', NULL);
INSERT INTO `ai_messages` VALUES (444, 8, 324, 'user', '我的信息如下: 性别：#{gender}；出生日期：#{birth_date}；身高：#{height}；今日体重：#{current_weight}kg；#{delta_7d_kg}；', 'text', 1, '2025-09-29 16:00:16.115000', '2025-09-29 16:00:16.115000', NULL, NULL, '{\"model\":\"hunyuan-turbos-latest\",\"messages\":[{\"role\":\"system\",\"content\":\"生成4条今日健康建议，输出严格为JSON数组，每条含\\\"title\\\"(≤4字中文)、“subtitle”(≤7字可执行)、“color”(#RRGGBB)，不得输出多余文字。\"},{\"role\":\"user\",\"content\":\"我的信息如下: 性别：男；出生日期：1999-08-01；身高：180；今日体重：105kg；2025-09-22-2025-09-29体重变换:104,103,102,102；\"}]}', NULL);
INSERT INTO `ai_messages` VALUES (445, 8, 324, 'assistant', '[\n    {\n        \"title\": \"控食量\",\n        \"subtitle\": \"每餐八分饱\",\n        \"color\": \"#FF6B6B\"\n    },\n    {\n        \"title\": \"多运动\",\n        \"subtitle\": \"每日步数万\",\n        \"color\": \"#4ECDC4\"\n    },\n    {\n        \"title\": \"勤补水\",\n        \"subtitle\": \"每天八杯水\",\n        \"color\": \"#45B7D1\"\n    },\n    {\n        \"title\": \"早休息\",\n        \"subtitle\": \"十点上床睡\",\n        \"color\": \"#96CEB4\"\n    }\n]', 'text', 2, '2025-09-29 16:00:16.200000', '2025-09-29 16:00:16.200000', '266', NULL, '{\"id\":\"ae12b38e6ee7e19eb73d5cafae3d17c8\",\"object\":\"chat.completion\",\"created\":1759132816,\"model\":\"hunyuan-turbos-latest\",\"system_fingerprint\":\"\",\"choices\":[{\"index\":0,\"message\":{\"role\":\"assistant\",\"content\":\"[\\n    {\\n        \\\"title\\\": \\\"控食量\\\",\\n        \\\"subtitle\\\": \\\"每餐八分饱\\\",\\n        \\\"color\\\": \\\"#FF6B6B\\\"\\n    },\\n    {\\n        \\\"title\\\": \\\"多运动\\\",\\n        \\\"subtitle\\\": \\\"每日步数万\\\",\\n        \\\"color\\\": \\\"#4ECDC4\\\"\\n    },\\n    {\\n        \\\"title\\\": \\\"勤补水\\\",\\n        \\\"subtitle\\\": \\\"每天八杯水\\\",\\n        \\\"color\\\": \\\"#45B7D1\\\"\\n    },\\n    {\\n        \\\"title\\\": \\\"早休息\\\",\\n        \\\"subtitle\\\": \\\"十点上床睡\\\",\\n        \\\"color\\\": \\\"#96CEB4\\\"\\n    }\\n]\"},\"finish_reason\":\"stop\"}],\"usage\":{\"prompt_tokens\":128,\"completion_tokens\":138,\"total_tokens\":266},\"note\":\"以上内容为AI生成，不代表开发者立场，请勿删除或修改本标记\"}', NULL);
INSERT INTO `ai_messages` VALUES (446, 8, 334, 'user', '我的信息如下: 性别：#{gender}；出生日期：#{birth_date}；身高：#{height}；今日体重：#{current_weight}kg；#{delta_7d_kg}；', 'text', 1, '2025-10-02 23:58:24.905000', '2025-10-02 23:58:24.905000', NULL, NULL, '{\"model\":\"hunyuan-turbos-latest\",\"messages\":[{\"role\":\"system\",\"content\":\"你是减脂健康管理助理。请根据以下用户信息生成今日总结的JSON，字段与字数要求如下：status：标题，<=8字，风格积极或中性，如“稳步下降”“轻微反弹”。message：近期总结，<=50字，要求具体、可读。healthGoal：鼓励话语+目标，<=15字。只返回合法JSON，不含多余文字或代码块标记。请基于已知信息给出中性建议，仍满足字数限制。\"},{\"role\":\"user\",\"content\":\"我的信息如下: 性别：男；出生日期：1999-08-01；身高：180；今日体重：105kg；2025-09-25-2025-10-02体重变换:104,103,102,102；\"}]}', NULL);
INSERT INTO `ai_messages` VALUES (447, 8, 334, 'assistant', '{\n    \"status\": \"体重小升\",\n    \"message\": \"近一周体重先降后升，今日105kg，较上周有波动。\",\n    \"healthGoal\": \"坚持下去，向100kg迈进！\"\n}', 'text', 2, '2025-10-02 23:58:25.125000', '2025-10-02 23:58:25.125000', '236', NULL, '{\"id\":\"e211a1af5e8130ea7623805c8600b5ae\",\"object\":\"chat.completion\",\"created\":1759420704,\"model\":\"hunyuan-turbos-latest\",\"system_fingerprint\":\"\",\"choices\":[{\"index\":0,\"message\":{\"role\":\"assistant\",\"content\":\"{\\n    \\\"status\\\": \\\"体重小升\\\",\\n    \\\"message\\\": \\\"近一周体重先降后升，今日105kg，较上周有波动。\\\",\\n    \\\"healthGoal\\\": \\\"坚持下去，向100kg迈进！\\\"\\n}\"},\"finish_reason\":\"stop\"}],\"usage\":{\"prompt_tokens\":183,\"completion_tokens\":53,\"total_tokens\":236},\"note\":\"以上内容为AI生成，不代表开发者立场，请勿删除或修改本标记\"}', NULL);
INSERT INTO `ai_messages` VALUES (448, 8, 333, 'user', '我的信息如下: 性别：#{gender}；出生日期：#{birth_date}；身高：#{height}；今日体重：#{current_weight}kg；#{delta_7d_kg}；', 'text', 1, '2025-10-02 23:58:27.604000', '2025-10-02 23:58:27.604000', NULL, NULL, '{\"model\":\"hunyuan-turbos-latest\",\"messages\":[{\"role\":\"system\",\"content\":\"生成4条今日健康建议，输出严格为JSON数组，每条含\\\"title\\\"(≤4字中文)、“subtitle”(≤7字可执行)、“color”(#RRGGBB)，不得输出多余文字。\"},{\"role\":\"user\",\"content\":\"我的信息如下: 性别：男；出生日期：1999-08-01；身高：180；今日体重：105kg；2025-09-25-2025-10-02体重变换:104,103,102,102；\"}]}', NULL);
INSERT INTO `ai_messages` VALUES (449, 8, 333, 'assistant', '[\n  {\n    \"title\": \"控食量\",\n    \"subtitle\": \"每餐八分饱\",\n    \"color\": \"#FF6B6B\"\n  },\n  {\n    \"title\": \"多运动\",\n    \"subtitle\": \"每日步数万\",\n    \"color\": \"#4ECDC4\"\n  },\n  {\n    \"title\": \"勤喝水\",\n    \"subtitle\": \"八杯不能少\",\n    \"color\": \"#45B7D1\"\n  },\n  {\n    \"title\": \"早睡觉\",\n    \"subtitle\": \"十点上床眠\",\n    \"color\": \"#96CEB4\"\n  }\n]', 'text', 2, '2025-10-02 23:58:27.800000', '2025-10-02 23:58:27.800000', '266', NULL, '{\"id\":\"7dafe723dd430c42ab09e11feb99ef34\",\"object\":\"chat.completion\",\"created\":1759420707,\"model\":\"hunyuan-turbos-latest\",\"system_fingerprint\":\"\",\"choices\":[{\"index\":0,\"message\":{\"role\":\"assistant\",\"content\":\"[\\n  {\\n    \\\"title\\\": \\\"控食量\\\",\\n    \\\"subtitle\\\": \\\"每餐八分饱\\\",\\n    \\\"color\\\": \\\"#FF6B6B\\\"\\n  },\\n  {\\n    \\\"title\\\": \\\"多运动\\\",\\n    \\\"subtitle\\\": \\\"每日步数万\\\",\\n    \\\"color\\\": \\\"#4ECDC4\\\"\\n  },\\n  {\\n    \\\"title\\\": \\\"勤喝水\\\",\\n    \\\"subtitle\\\": \\\"八杯不能少\\\",\\n    \\\"color\\\": \\\"#45B7D1\\\"\\n  },\\n  {\\n    \\\"title\\\": \\\"早睡觉\\\",\\n    \\\"subtitle\\\": \\\"十点上床眠\\\",\\n    \\\"color\\\": \\\"#96CEB4\\\"\\n  }\\n]\"},\"finish_reason\":\"stop\"}],\"usage\":{\"prompt_tokens\":128,\"completion_tokens\":138,\"total_tokens\":266},\"note\":\"以上内容为AI生成，不代表开发者立场，请勿删除或修改本标记\"}', NULL);
INSERT INTO `ai_messages` VALUES (450, 8, 374, 'user', '我的信息如下: 性别：#{gender}；出生日期：#{birth_date}；身高：#{height}；今日体重：#{current_weight}kg；#{delta_7d_kg}；', 'text', 1, '2025-10-05 09:55:26.949000', '2025-10-05 09:55:26.949000', NULL, NULL, '{\"model\":\"hunyuan-turbos-latest\",\"messages\":[{\"role\":\"system\",\"content\":\"你是减脂健康管理助理。请根据以下用户信息生成今日总结的JSON，字段与字数要求如下：status：标题，<=8字，风格积极或中性，如“稳步下降”“轻微反弹”。message：近期总结，<=50字，要求具体、可读。healthGoal：鼓励话语+目标，<=15字。只返回合法JSON，不含多余文字或代码块标记。请基于已知信息给出中性建议，仍满足字数限制。\"},{\"role\":\"user\",\"content\":\"我的信息如下: 性别：male；出生日期：2015-10-06；身高：180.0；今日体重：100.0kg；；\"}]}', NULL);
INSERT INTO `ai_messages` VALUES (451, 8, 374, 'assistant', '{\n    \"status\": \"体重稳定\",\n    \"message\": \"今日体重100kg，未提供历史数据，暂难判断趋势。\",\n    \"healthGoal\": \"坚持下去，减至健康体重！\"\n}', 'text', 2, '2025-10-05 09:55:27.143000', '2025-10-05 09:55:27.143000', '196', NULL, '{\"id\":\"815c25517d05fb6f79acef87eec19c08\",\"object\":\"chat.completion\",\"created\":1759629326,\"model\":\"hunyuan-turbos-latest\",\"system_fingerprint\":\"\",\"choices\":[{\"index\":0,\"message\":{\"role\":\"assistant\",\"content\":\"{\\n    \\\"status\\\": \\\"体重稳定\\\",\\n    \\\"message\\\": \\\"今日体重100kg，未提供历史数据，暂难判断趋势。\\\",\\n    \\\"healthGoal\\\": \\\"坚持下去，减至健康体重！\\\"\\n}\"},\"finish_reason\":\"stop\"}],\"usage\":{\"prompt_tokens\":148,\"completion_tokens\":48,\"total_tokens\":196},\"note\":\"以上内容为AI生成，不代表开发者立场，请勿删除或修改本标记\"}', NULL);
INSERT INTO `ai_messages` VALUES (452, 8, 375, 'user', '我的信息如下: 性别：#{gender}；出生日期：#{birth_date}；身高：#{height}；今日体重：#{current_weight}kg；#{delta_7d_kg}；', 'text', 1, '2025-10-05 09:55:29.313000', '2025-10-05 09:55:29.313000', NULL, NULL, '{\"model\":\"hunyuan-turbos-latest\",\"messages\":[{\"role\":\"system\",\"content\":\"生成4条今日健康建议，输出严格为JSON数组，每条含\\\"title\\\"(≤4字中文)、“subtitle”(≤7字可执行)、“color”(#RRGGBB)，不得输出多余文字。\"},{\"role\":\"user\",\"content\":\"我的信息如下: 性别：male；出生日期：2015-10-06；身高：180.0；今日体重：100.0kg；；\"}]}', NULL);
INSERT INTO `ai_messages` VALUES (453, 8, 375, 'assistant', '[\n  {\n    \"title\": \"控食量\",\n    \"subtitle\": \"八分饱\",\n    \"color\": \"#FF6347\"\n  },\n  {\n    \"title\": \"多运动\",\n    \"subtitle\": \"每日走\",\n    \"color\": \"#32CD32\"\n  },\n  {\n    \"title\": \"少油腻\",\n    \"subtitle\": \"拒炸食\",\n    \"color\": \"#9370DB\"\n  },\n  {\n    \"title\": \"早休息\",\n    \"subtitle\": \"十点眠\",\n    \"color\": \"#4169E1\"\n  }\n]', 'text', 2, '2025-10-05 09:55:29.534000', '2025-10-05 09:55:29.534000', '225', NULL, '{\"id\":\"a754ee20d7e700f4918d9581f6180768\",\"object\":\"chat.completion\",\"created\":1759629328,\"model\":\"hunyuan-turbos-latest\",\"system_fingerprint\":\"\",\"choices\":[{\"index\":0,\"message\":{\"role\":\"assistant\",\"content\":\"[\\n  {\\n    \\\"title\\\": \\\"控食量\\\",\\n    \\\"subtitle\\\": \\\"八分饱\\\",\\n    \\\"color\\\": \\\"#FF6347\\\"\\n  },\\n  {\\n    \\\"title\\\": \\\"多运动\\\",\\n    \\\"subtitle\\\": \\\"每日走\\\",\\n    \\\"color\\\": \\\"#32CD32\\\"\\n  },\\n  {\\n    \\\"title\\\": \\\"少油腻\\\",\\n    \\\"subtitle\\\": \\\"拒炸食\\\",\\n    \\\"color\\\": \\\"#9370DB\\\"\\n  },\\n  {\\n    \\\"title\\\": \\\"早休息\\\",\\n    \\\"subtitle\\\": \\\"十点眠\\\",\\n    \\\"color\\\": \\\"#4169E1\\\"\\n  }\\n]\"},\"finish_reason\":\"stop\"}],\"usage\":{\"prompt_tokens\":93,\"completion_tokens\":132,\"total_tokens\":225},\"note\":\"以上内容为AI生成，不代表开发者立场，请勿删除或修改本标记\"}', NULL);
INSERT INTO `ai_messages` VALUES (454, 8, 377, 'user', '我的信息如下: 性别：#{gender}；出生日期：#{birth_date}；身高：#{height}；今日体重：#{current_weight}kg；#{delta_7d_kg}；', 'text', 1, '2025-10-05 14:21:50.515000', '2025-10-05 14:21:50.515000', NULL, NULL, '{\"model\":\"hunyuan-turbos-latest\",\"messages\":[{\"role\":\"system\",\"content\":\"你是减脂健康管理助理。请根据以下用户信息生成今日总结的JSON，字段与字数要求如下：status：标题，<=8字，风格积极或中性，如“稳步下降”“轻微反弹”。message：近期总结，<=50字，要求具体、可读。healthGoal：鼓励话语+目标，<=15字。只返回合法JSON，不含多余文字或代码块标记。请基于已知信息给出中性建议，仍满足字数限制。\"},{\"role\":\"user\",\"content\":\"我的信息如下: 性别：男；出生日期：1999-08-01；身高：180；今日体重：105kg；2025-09-28-2025-10-05体重变换:102；\"}]}', NULL);
INSERT INTO `ai_messages` VALUES (455, 8, 377, 'assistant', '{\n    \"status\": \"体重微升\",\n    \"message\": \"近一周从102kg升至105kg，体重有上升趋势。\",\n    \"healthGoal\": \"坚持减脂，目标重回102kg\"\n}', 'text', 2, '2025-10-05 14:21:50.731000', '2025-10-05 14:21:50.731000', '223', NULL, '{\"id\":\"b6b688f00e0257600eb44bf0dddc3e3a\",\"object\":\"chat.completion\",\"created\":1759645310,\"model\":\"hunyuan-turbos-latest\",\"system_fingerprint\":\"\",\"choices\":[{\"index\":0,\"message\":{\"role\":\"assistant\",\"content\":\"{\\n    \\\"status\\\": \\\"体重微升\\\",\\n    \\\"message\\\": \\\"近一周从102kg升至105kg，体重有上升趋势。\\\",\\n    \\\"healthGoal\\\": \\\"坚持减脂，目标重回102kg\\\"\\n}\"},\"finish_reason\":\"stop\"}],\"usage\":{\"prompt_tokens\":171,\"completion_tokens\":52,\"total_tokens\":223},\"note\":\"以上内容为AI生成，不代表开发者立场，请勿删除或修改本标记\"}', NULL);
INSERT INTO `ai_messages` VALUES (456, 8, 378, 'user', '我的信息如下: 性别：#{gender}；出生日期：#{birth_date}；身高：#{height}；今日体重：#{current_weight}kg；#{delta_7d_kg}；', 'text', 1, '2025-10-05 14:21:52.901000', '2025-10-05 14:21:52.901000', NULL, NULL, '{\"model\":\"hunyuan-turbos-latest\",\"messages\":[{\"role\":\"system\",\"content\":\"生成4条今日健康建议，输出严格为JSON数组，每条含\\\"title\\\"(≤4字中文)、“subtitle”(≤7字可执行)、“color”(#RRGGBB)，不得输出多余文字。\"},{\"role\":\"user\",\"content\":\"我的信息如下: 性别：男；出生日期：1999-08-01；身高：180；今日体重：105kg；2025-09-28-2025-10-05体重变换:102；\"}]}', NULL);
INSERT INTO `ai_messages` VALUES (457, 8, 378, 'assistant', '[\n  {\n    \"title\": \"控食量\",\n    \"subtitle\": \"每餐八分饱\",\n    \"color\": \"#FF6B6B\"\n  },\n  {\n    \"title\": \"多运动\",\n    \"subtitle\": \"每日步数万\",\n    \"color\": \"#4ECDC4\"\n  },\n  {\n    \"title\": \"少油腻\",\n    \"subtitle\": \"饮食选清淡\",\n    \"color\": \"#45B7D1\"\n  },\n  {\n    \"title\": \"早休息\",\n    \"subtitle\": \"十点前入睡\",\n    \"color\": \"#96CEB4\"\n  }\n]', 'text', 2, '2025-10-05 14:21:53.172000', '2025-10-05 14:21:53.172000', '252', NULL, '{\"id\":\"b6648a5e0ccb64374a7c487b2c5a213b\",\"object\":\"chat.completion\",\"created\":1759645312,\"model\":\"hunyuan-turbos-latest\",\"system_fingerprint\":\"\",\"choices\":[{\"index\":0,\"message\":{\"role\":\"assistant\",\"content\":\"[\\n  {\\n    \\\"title\\\": \\\"控食量\\\",\\n    \\\"subtitle\\\": \\\"每餐八分饱\\\",\\n    \\\"color\\\": \\\"#FF6B6B\\\"\\n  },\\n  {\\n    \\\"title\\\": \\\"多运动\\\",\\n    \\\"subtitle\\\": \\\"每日步数万\\\",\\n    \\\"color\\\": \\\"#4ECDC4\\\"\\n  },\\n  {\\n    \\\"title\\\": \\\"少油腻\\\",\\n    \\\"subtitle\\\": \\\"饮食选清淡\\\",\\n    \\\"color\\\": \\\"#45B7D1\\\"\\n  },\\n  {\\n    \\\"title\\\": \\\"早休息\\\",\\n    \\\"subtitle\\\": \\\"十点前入睡\\\",\\n    \\\"color\\\": \\\"#96CEB4\\\"\\n  }\\n]\"},\"finish_reason\":\"stop\"}],\"usage\":{\"prompt_tokens\":116,\"completion_tokens\":136,\"total_tokens\":252},\"note\":\"以上内容为AI生成，不代表开发者立场，请勿删除或修改本标记\"}', NULL);
INSERT INTO `ai_messages` VALUES (458, 8, 381, 'user', '我的信息如下: 性别：#{gender}；出生日期：#{birth_date}；身高：#{height}；今日体重：#{current_weight}kg；#{delta_7d_kg}；', 'text', 1, '2025-10-08 15:35:28.990000', '2025-10-08 15:35:28.990000', NULL, NULL, '{\"model\":\"hunyuan-turbos-latest\",\"messages\":[{\"role\":\"system\",\"content\":\"你是减脂健康管理助理。请根据以下用户信息生成今日总结的JSON，字段与字数要求如下：status：标题，<=8字，风格积极或中性，如“稳步下降”“轻微反弹”。message：近期总结，<=50字，要求具体、可读。healthGoal：鼓励话语+目标，<=15字。只返回合法JSON，不含多余文字或代码块标记。请基于已知信息给出中性建议，仍满足字数限制。\"},{\"role\":\"user\",\"content\":\"我的信息如下: 性别：男；出生日期：1999-08-01；身高：180；今日体重：105kg；；\"}]}', NULL);
INSERT INTO `ai_messages` VALUES (459, 8, 381, 'assistant', '{\n    \"status\": \"体重稳定\",\n    \"message\": \"今日体重105kg，暂无明显变化，需持续关注。\",\n    \"healthGoal\": \"加油减脂，目标健康瘦身\"\n}', 'text', 2, '2025-10-08 15:35:29.082000', '2025-10-08 15:35:29.082000', '189', NULL, '{\"id\":\"c52da9b3fb5fe1d239d7257733d1c057\",\"object\":\"chat.completion\",\"created\":1759908921,\"model\":\"hunyuan-turbos-latest\",\"system_fingerprint\":\"\",\"choices\":[{\"index\":0,\"message\":{\"role\":\"assistant\",\"content\":\"{\\n    \\\"status\\\": \\\"体重稳定\\\",\\n    \\\"message\\\": \\\"今日体重105kg，暂无明显变化，需持续关注。\\\",\\n    \\\"healthGoal\\\": \\\"加油减脂，目标健康瘦身\\\"\\n}\"},\"finish_reason\":\"stop\"}],\"usage\":{\"prompt_tokens\":144,\"completion_tokens\":45,\"total_tokens\":189},\"note\":\"以上内容为AI生成，不代表开发者立场，请勿删除或修改本标记\"}', NULL);
INSERT INTO `ai_messages` VALUES (460, 8, 382, 'user', '我的信息如下: 性别：#{gender}；出生日期：#{birth_date}；身高：#{height}；今日体重：#{current_weight}kg；#{delta_7d_kg}；', 'text', 1, '2025-10-08 15:35:31.416000', '2025-10-08 15:35:31.416000', NULL, NULL, '{\"model\":\"hunyuan-turbos-latest\",\"messages\":[{\"role\":\"system\",\"content\":\"生成4条今日健康建议，输出严格为JSON数组，每条含\\\"title\\\"(≤4字中文)、“subtitle”(≤7字可执行)、“color”(#RRGGBB)，不得输出多余文字。\"},{\"role\":\"user\",\"content\":\"我的信息如下: 性别：男；出生日期：1999-08-01；身高：180；今日体重：105kg；；\"}]}', NULL);
INSERT INTO `ai_messages` VALUES (461, 8, 382, 'assistant', '[\n  {\n    \"title\": \"控食量\",\n    \"subtitle\": \"每餐八分饱\",\n    \"color\": \"#FF6347\"\n  },\n  {\n    \"title\": \"多运动\",\n    \"subtitle\": \"每日步数万\",\n    \"color\": \"#32CD32\"\n  },\n  {\n    \"title\": \"早休息\",\n    \"subtitle\": \"十点入梦乡\",\n    \"color\": \"#4169E1\"\n  },\n  {\n    \"title\": \"少油腻\",\n    \"subtitle\": \"饮食选清淡\",\n    \"color\": \"#FFD700\"\n  }\n]', 'text', 2, '2025-10-08 15:35:31.509000', '2025-10-08 15:35:31.509000', '227', NULL, '{\"id\":\"64ebb611287192faaf67a41458939294\",\"object\":\"chat.completion\",\"created\":1759908923,\"model\":\"hunyuan-turbos-latest\",\"system_fingerprint\":\"\",\"choices\":[{\"index\":0,\"message\":{\"role\":\"assistant\",\"content\":\"[\\n  {\\n    \\\"title\\\": \\\"控食量\\\",\\n    \\\"subtitle\\\": \\\"每餐八分饱\\\",\\n    \\\"color\\\": \\\"#FF6347\\\"\\n  },\\n  {\\n    \\\"title\\\": \\\"多运动\\\",\\n    \\\"subtitle\\\": \\\"每日步数万\\\",\\n    \\\"color\\\": \\\"#32CD32\\\"\\n  },\\n  {\\n    \\\"title\\\": \\\"早休息\\\",\\n    \\\"subtitle\\\": \\\"十点入梦乡\\\",\\n    \\\"color\\\": \\\"#4169E1\\\"\\n  },\\n  {\\n    \\\"title\\\": \\\"少油腻\\\",\\n    \\\"subtitle\\\": \\\"饮食选清淡\\\",\\n    \\\"color\\\": \\\"#FFD700\\\"\\n  }\\n]\"},\"finish_reason\":\"stop\"}],\"usage\":{\"prompt_tokens\":89,\"completion_tokens\":138,\"total_tokens\":227},\"note\":\"以上内容为AI生成，不代表开发者立场，请勿删除或修改本标记\"}', NULL);
INSERT INTO `ai_messages` VALUES (462, 8, 388, 'user', '我的信息如下: 性别：#{gender}；出生日期：#{birth_date}；身高：#{height}；今日体重：#{current_weight}kg；#{delta_7d_kg}；', 'text', 1, '2025-10-09 11:11:41.445000', '2025-10-09 11:11:41.445000', NULL, NULL, '{\"model\":\"hunyuan-turbos-latest\",\"messages\":[{\"role\":\"system\",\"content\":\"你是减脂健康管理助理。请根据以下用户信息生成今日总结的JSON，字段与字数要求如下：status：标题，<=8字，风格积极或中性，如“稳步下降”“轻微反弹”。message：近期总结，<=50字，要求具体、可读。healthGoal：鼓励话语+目标，<=15字。只返回合法JSON，不含多余文字或代码块标记。请基于已知信息给出中性建议，仍满足字数限制。\"},{\"role\":\"user\",\"content\":\"我的信息如下: 性别：男；出生日期：1999-08-01；身高：180；今日体重：105kg；；\"}]}', NULL);
INSERT INTO `ai_messages` VALUES (463, 8, 388, 'assistant', '{\n    \"status\": \"体重稳定\",\n    \"message\": \"今日体重105kg，无明显变化，继续保持当前状态。\",\n    \"healthGoal\": \"加油减脂，目标90kg！\"\n}', 'text', 2, '2025-10-09 11:11:41.521000', '2025-10-09 11:11:41.521000', '190', NULL, '{\"id\":\"df73297936cf5d606135dfae58d28afc\",\"object\":\"chat.completion\",\"created\":1759979500,\"model\":\"hunyuan-turbos-latest\",\"system_fingerprint\":\"\",\"choices\":[{\"index\":0,\"message\":{\"role\":\"assistant\",\"content\":\"{\\n    \\\"status\\\": \\\"体重稳定\\\",\\n    \\\"message\\\": \\\"今日体重105kg，无明显变化，继续保持当前状态。\\\",\\n    \\\"healthGoal\\\": \\\"加油减脂，目标90kg！\\\"\\n}\"},\"finish_reason\":\"stop\"}],\"usage\":{\"prompt_tokens\":144,\"completion_tokens\":46,\"total_tokens\":190},\"note\":\"以上内容为AI生成，不代表开发者立场，请勿删除或修改本标记\"}', NULL);
INSERT INTO `ai_messages` VALUES (464, 8, 387, 'user', '我的信息如下: 性别：#{gender}；出生日期：#{birth_date}；身高：#{height}；今日体重：#{current_weight}kg；#{delta_7d_kg}；', 'text', 1, '2025-10-09 11:11:44.748000', '2025-10-09 11:11:44.748000', NULL, NULL, '{\"model\":\"hunyuan-turbos-latest\",\"messages\":[{\"role\":\"system\",\"content\":\"生成4条今日健康建议，输出严格为JSON数组，每条含\\\"title\\\"(≤4字中文)、“subtitle”(≤7字可执行)、“color”(#RRGGBB)，不得输出多余文字。\"},{\"role\":\"user\",\"content\":\"我的信息如下: 性别：男；出生日期：1999-08-01；身高：180；今日体重：105kg；；\"}]}', NULL);
INSERT INTO `ai_messages` VALUES (465, 8, 387, 'assistant', '[\n  {\n    \"title\": \"控食量\",\n    \"subtitle\": \"每餐八分饱\",\n    \"color\": \"#FF6347\"\n  },\n  {\n    \"title\": \"多运动\",\n    \"subtitle\": \"每日步数万\",\n    \"color\": \"#32CD32\"\n  },\n  {\n    \"title\": \"早休息\",\n    \"subtitle\": \"十点上床睡\",\n    \"color\": \"#4169E1\"\n  },\n  {\n    \"title\": \"少油腻\",\n    \"subtitle\": \"饮食选清淡\",\n    \"color\": \"#FFD700\"\n  }\n]', 'text', 2, '2025-10-09 11:11:44.814000', '2025-10-09 11:11:44.814000', '227', NULL, '{\"id\":\"d6740ecc3d53f4ecd41944b0eeaaac54\",\"object\":\"chat.completion\",\"created\":1759979503,\"model\":\"hunyuan-turbos-latest\",\"system_fingerprint\":\"\",\"choices\":[{\"index\":0,\"message\":{\"role\":\"assistant\",\"content\":\"[\\n  {\\n    \\\"title\\\": \\\"控食量\\\",\\n    \\\"subtitle\\\": \\\"每餐八分饱\\\",\\n    \\\"color\\\": \\\"#FF6347\\\"\\n  },\\n  {\\n    \\\"title\\\": \\\"多运动\\\",\\n    \\\"subtitle\\\": \\\"每日步数万\\\",\\n    \\\"color\\\": \\\"#32CD32\\\"\\n  },\\n  {\\n    \\\"title\\\": \\\"早休息\\\",\\n    \\\"subtitle\\\": \\\"十点上床睡\\\",\\n    \\\"color\\\": \\\"#4169E1\\\"\\n  },\\n  {\\n    \\\"title\\\": \\\"少油腻\\\",\\n    \\\"subtitle\\\": \\\"饮食选清淡\\\",\\n    \\\"color\\\": \\\"#FFD700\\\"\\n  }\\n]\"},\"finish_reason\":\"stop\"}],\"usage\":{\"prompt_tokens\":89,\"completion_tokens\":138,\"total_tokens\":227},\"note\":\"以上内容为AI生成，不代表开发者立场，请勿删除或修改本标记\"}', NULL);
INSERT INTO `ai_messages` VALUES (466, 6, 396, 'user', '今日总结', 'text', 1, '2025-10-09 14:16:39.902000', '2025-10-09 14:16:39.902000', NULL, NULL, '{\"model\":\"hunyuan-lite\",\"messages\":[{\"role\":\"system\",\"content\":\"你是一位专业的 AI 健身减肥教练，请为我制定计划。回答时请包含：1) 健身计划：明确运动类型、每周频率和单次时长；2) 饮食建议：给出每日推荐热量范围，并提供碳水化合物、蛋白质和脂肪的比例。语气保持简洁、专业。\"},{\"role\":\"user\",\"content\":\"今日总结\"}]}', NULL);
INSERT INTO `ai_messages` VALUES (467, 6, 396, 'assistant', '今日总结：\n\n早上进行了45分钟的有氧运动，包括慢跑和快走，强度适中。午餐选择了蔬菜沙拉和鸡胸肉，控制了碳水化合物的摄入。下午的瑜伽练习帮助我放松了身心，提高了柔韧性。\n\n饮食方面，全天热量摄入控制在1500大卡左右，碳水化合物占比30%，蛋白质占比40%，脂肪占比30%。晚餐以清淡的粥和小菜为主，避免了油腻和高热量的食物。\n\n总体来说，今天的健身和饮食计划都执行得不错，感觉身体状态良好，精神饱满。继续保持这样的习惯，相信你会越来越健康！', 'text', 2, '2025-10-09 14:16:39.989000', '2025-10-09 14:16:39.989000', '203', NULL, '{\"id\":\"f40fc0b7b3c3dcf15636d89e569639ec\",\"object\":\"chat.completion\",\"created\":1759990599,\"model\":\"hunyuan-lite\",\"system_fingerprint\":\"\",\"choices\":[{\"index\":0,\"message\":{\"role\":\"assistant\",\"content\":\"今日总结：\\n\\n早上进行了45分钟的有氧运动，包括慢跑和快走，强度适中。午餐选择了蔬菜沙拉和鸡胸肉，控制了碳水化合物的摄入。下午的瑜伽练习帮助我放松了身心，提高了柔韧性。\\n\\n饮食方面，全天热量摄入控制在1500大卡左右，碳水化合物占比30%，蛋白质占比40%，脂肪占比30%。晚餐以清淡的粥和小菜为主，避免了油腻和高热量的食物。\\n\\n总体来说，今天的健身和饮食计划都执行得不错，感觉身体状态良好，精神饱满。继续保持这样的习惯，相信你会越来越健康！\"},\"finish_reason\":\"stop\"}],\"usage\":{\"prompt_tokens\":73,\"completion_tokens\":130,\"total_tokens\":203},\"note\":\"以上内容为AI生成，不代表开发者立场，请勿删除或修改本标记\"}', NULL);
INSERT INTO `ai_messages` VALUES (468, 6, 396, 'user', '今日总结', 'text', 3, '2025-10-09 14:16:42.161000', '2025-10-09 14:16:42.161000', NULL, NULL, '{\"model\":\"hunyuan-lite\",\"messages\":[{\"role\":\"system\",\"content\":\"你是一位专业的 AI 健身减肥教练，请为我制定计划。回答时请包含：1) 健身计划：明确运动类型、每周频率和单次时长；2) 饮食建议：给出每日推荐热量范围，并提供碳水化合物、蛋白质和脂肪的比例。语气保持简洁、专业。\"},{\"role\":\"user\",\"content\":\"今日总结\"},{\"role\":\"assistant\",\"content\":\"今日总结：\\n\\n早上进行了45分钟的有氧运动，包括慢跑和快走，强度适中。午餐选择了蔬菜沙拉和鸡胸肉，控制了碳水化合物的摄入。下午的瑜伽练习帮助我放松了身心，提高了柔韧性。\\n\\n饮食方面，全天热量摄入控制在1500大卡左右，碳水化合物占比30%，蛋白质占比40%，脂肪占比30%。晚餐以清淡的粥和小菜为主，避免了油腻和高热量的食物。\\n\\n总体来说，今天的健身和饮食计划都执行得不错，感觉身体状态良好，精神饱满。继续保持这样的习惯，相信你会越来越健康！\"},{\"role\":\"user\",\"content\":\"今日总结\"}]}', NULL);
INSERT INTO `ai_messages` VALUES (469, 6, 396, 'assistant', '今日总结：\n\n早上完成了30分钟的HIIT高强度间歇训练，消耗了大量热量。午餐以蔬菜和瘦肉为主，减少了碳水化合物的摄入。傍晚的拉伸运动有助于舒缓肌肉紧张。\n\n饮食方面，全天热量分配合理，早餐占25%，午餐占30%，晚餐占25%。碳水化合物、蛋白质和脂肪的比例为5:3:2。多喝水，保持充足的水分摄入。\n\n今日的锻炼效果显著，体重有所下降，腰围也明显变细。继续保持这种健康的生活方式，相信你会取得更好的成果！', 'text', 4, '2025-10-09 14:16:42.269000', '2025-10-09 14:16:42.269000', '320', NULL, '{\"id\":\"6e86fd3006402448b8119ab4b978f63e\",\"object\":\"chat.completion\",\"created\":1759990601,\"model\":\"hunyuan-lite\",\"system_fingerprint\":\"\",\"choices\":[{\"index\":0,\"message\":{\"role\":\"assistant\",\"content\":\"今日总结：\\n\\n早上完成了30分钟的HIIT高强度间歇训练，消耗了大量热量。午餐以蔬菜和瘦肉为主，减少了碳水化合物的摄入。傍晚的拉伸运动有助于舒缓肌肉紧张。\\n\\n饮食方面，全天热量分配合理，早餐占25%，午餐占30%，晚餐占25%。碳水化合物、蛋白质和脂肪的比例为5:3:2。多喝水，保持充足的水分摄入。\\n\\n今日的锻炼效果显著，体重有所下降，腰围也明显变细。继续保持这种健康的生活方式，相信你会取得更好的成果！\"},\"finish_reason\":\"stop\"}],\"usage\":{\"prompt_tokens\":207,\"completion_tokens\":113,\"total_tokens\":320},\"note\":\"以上内容为AI生成，不代表开发者立场，请勿删除或修改本标记\"}', NULL);
INSERT INTO `ai_messages` VALUES (470, 6, 396, 'user', '今日总结', 'text', 5, '2025-10-09 14:16:44.566000', '2025-10-09 14:16:44.566000', NULL, NULL, '{\"model\":\"hunyuan-lite\",\"messages\":[{\"role\":\"system\",\"content\":\"你是一位专业的 AI 健身减肥教练，请为我制定计划。回答时请包含：1) 健身计划：明确运动类型、每周频率和单次时长；2) 饮食建议：给出每日推荐热量范围，并提供碳水化合物、蛋白质和脂肪的比例。语气保持简洁、专业。\"},{\"role\":\"user\",\"content\":\"今日总结\"},{\"role\":\"assistant\",\"content\":\"今日总结：\\n\\n早上进行了45分钟的有氧运动，包括慢跑和快走，强度适中。午餐选择了蔬菜沙拉和鸡胸肉，控制了碳水化合物的摄入。下午的瑜伽练习帮助我放松了身心，提高了柔韧性。\\n\\n饮食方面，全天热量摄入控制在1500大卡左右，碳水化合物占比30%，蛋白质占比40%，脂肪占比30%。晚餐以清淡的粥和小菜为主，避免了油腻和高热量的食物。\\n\\n总体来说，今天的健身和饮食计划都执行得不错，感觉身体状态良好，精神饱满。继续保持这样的习惯，相信你会越来越健康！\"},{\"role\":\"user\",\"content\":\"今日总结\"},{\"role\":\"assistant\",\"content\":\"今日总结：\\n\\n早上完成了30分钟的HIIT高强度间歇训练，消耗了大量热量。午餐以蔬菜和瘦肉为主，减少了碳水化合物的摄入。傍晚的拉伸运动有助于舒缓肌肉紧张。\\n\\n饮食方面，全天热量分配合理，早餐占25%，午餐占30%，晚餐占25%。碳水化合物、蛋白质和脂肪的比例为5:3:2。多喝水，保持充足的水分摄入。\\n\\n今日的锻炼效果显著，体重有所下降，腰围也明显变细。继续保持这种健康的生活方式，相信你会取得更好的成果！\"},{\"role\":\"user\",\"content\":\"今日总结\"}]}', NULL);
INSERT INTO `ai_messages` VALUES (471, 6, 396, 'assistant', '今日总结：\n\n今日健身计划执行良好，完成了30分钟的有氧舞蹈课程，强度适中，有效燃烧了热量。午餐选择了清蒸鱼和炒蔬菜，控制了碳水化合物的摄入。下午的拉伸运动有助于放松肌肉，提高柔韧性。\n\n饮食方面，全天热量摄入控制在1500大卡左右，碳水化合物占比30%，蛋白质占比40%，脂肪占比30%。晚餐以清淡的粥和小菜为主，避免了油腻和高热量的食物。\n\n今日的锻炼和饮食计划都执行得很到位，感觉身体状态良好，精神饱满。继续保持这样的习惯，相信你会越来越健康！', 'text', 6, '2025-10-09 14:16:44.641000', '2025-10-09 14:16:44.641000', '455', NULL, '{\"id\":\"2196d5ddd921fdc0974d7d1090afa069\",\"object\":\"chat.completion\",\"created\":1759990604,\"model\":\"hunyuan-lite\",\"system_fingerprint\":\"\",\"choices\":[{\"index\":0,\"message\":{\"role\":\"assistant\",\"content\":\"今日总结：\\n\\n今日健身计划执行良好，完成了30分钟的有氧舞蹈课程，强度适中，有效燃烧了热量。午餐选择了清蒸鱼和炒蔬菜，控制了碳水化合物的摄入。下午的拉伸运动有助于放松肌肉，提高柔韧性。\\n\\n饮食方面，全天热量摄入控制在1500大卡左右，碳水化合物占比30%，蛋白质占比40%，脂肪占比30%。晚餐以清淡的粥和小菜为主，避免了油腻和高热量的食物。\\n\\n今日的锻炼和饮食计划都执行得很到位，感觉身体状态良好，精神饱满。继续保持这样的习惯，相信你会越来越健康！\"},\"finish_reason\":\"stop\"}],\"usage\":{\"prompt_tokens\":325,\"completion_tokens\":130,\"total_tokens\":455},\"note\":\"以上内容为AI生成，不代表开发者立场，请勿删除或修改本标记\"}', NULL);
INSERT INTO `ai_messages` VALUES (472, 6, 396, 'user', '今日总结', 'text', 7, '2025-10-09 14:16:46.960000', '2025-10-09 14:16:46.960000', NULL, NULL, '{\"model\":\"hunyuan-lite\",\"messages\":[{\"role\":\"system\",\"content\":\"你是一位专业的 AI 健身减肥教练，请为我制定计划。回答时请包含：1) 健身计划：明确运动类型、每周频率和单次时长；2) 饮食建议：给出每日推荐热量范围，并提供碳水化合物、蛋白质和脂肪的比例。语气保持简洁、专业。\"},{\"role\":\"user\",\"content\":\"今日总结\"},{\"role\":\"assistant\",\"content\":\"今日总结：\\n\\n早上进行了45分钟的有氧运动，包括慢跑和快走，强度适中。午餐选择了蔬菜沙拉和鸡胸肉，控制了碳水化合物的摄入。下午的瑜伽练习帮助我放松了身心，提高了柔韧性。\\n\\n饮食方面，全天热量摄入控制在1500大卡左右，碳水化合物占比30%，蛋白质占比40%，脂肪占比30%。晚餐以清淡的粥和小菜为主，避免了油腻和高热量的食物。\\n\\n总体来说，今天的健身和饮食计划都执行得不错，感觉身体状态良好，精神饱满。继续保持这样的习惯，相信你会越来越健康！\"},{\"role\":\"user\",\"content\":\"今日总结\"},{\"role\":\"assistant\",\"content\":\"今日总结：\\n\\n早上完成了30分钟的HIIT高强度间歇训练，消耗了大量热量。午餐以蔬菜和瘦肉为主，减少了碳水化合物的摄入。傍晚的拉伸运动有助于舒缓肌肉紧张。\\n\\n饮食方面，全天热量分配合理，早餐占25%，午餐占30%，晚餐占25%。碳水化合物、蛋白质和脂肪的比例为5:3:2。多喝水，保持充足的水分摄入。\\n\\n今日的锻炼效果显著，体重有所下降，腰围也明显变细。继续保持这种健康的生活方式，相信你会取得更好的成果！\"},{\"role\":\"user\",\"content\":\"今日总结\"},{\"role\":\"assistant\",\"content\":\"今日总结：\\n\\n今日健身计划执行良好，完成了30分钟的有氧舞蹈课程，强度适中，有效燃烧了热量。午餐选择了清蒸鱼和炒蔬菜，控制了碳水化合物的摄入。下午的拉伸运动有助于放松肌肉，提高柔韧性。\\n\\n饮食方面，全天热量摄入控制在1500大卡左右，碳水化合物占比30%，蛋白质占比40%，脂肪占比30%。晚餐以清淡的粥和小菜为主，避免了油腻和高热量的食物。\\n\\n今日的锻炼和饮食计划都执行得很到位，感觉身体状态良好，精神饱满。继续保持这样的习惯，相信你会越来越健康！\"},{\"role\":\"user\",\"content\":\"今日总结\"}]}', NULL);
INSERT INTO `ai_messages` VALUES (473, 6, 396, 'assistant', '今日总结：\n\n今日健身计划执行良好，完成了45分钟的跑步机有氧运动，强度适中，有效燃烧了热量。午餐选择了烤鸡胸肉和蔬菜沙拉，控制了碳水化合物的摄入。下午的拉伸运动有助于放松肌肉，提高柔韧性。\n\n饮食方面，全天热量摄入控制在1500大卡左右，碳水化合物占比30%，蛋白质占比40%，脂肪占比30%。晚餐以清淡的粥和小菜为主，避免了油腻和高热量的食物。\n\n今日的锻炼和饮食计划都执行得很到位，感觉身体状态良好，精神饱满。继续保持这样的习惯，相信你会越来越健康！', 'text', 8, '2025-10-09 14:16:47.051000', '2025-10-09 14:16:47.052000', '591', NULL, '{\"id\":\"6bfdbc46733f74a1edf636a092759e89\",\"object\":\"chat.completion\",\"created\":1759990606,\"model\":\"hunyuan-lite\",\"system_fingerprint\":\"\",\"choices\":[{\"index\":0,\"message\":{\"role\":\"assistant\",\"content\":\"今日总结：\\n\\n今日健身计划执行良好，完成了45分钟的跑步机有氧运动，强度适中，有效燃烧了热量。午餐选择了烤鸡胸肉和蔬菜沙拉，控制了碳水化合物的摄入。下午的拉伸运动有助于放松肌肉，提高柔韧性。\\n\\n饮食方面，全天热量摄入控制在1500大卡左右，碳水化合物占比30%，蛋白质占比40%，脂肪占比30%。晚餐以清淡的粥和小菜为主，避免了油腻和高热量的食物。\\n\\n今日的锻炼和饮食计划都执行得很到位，感觉身体状态良好，精神饱满。继续保持这样的习惯，相信你会越来越健康！\"},\"finish_reason\":\"stop\"}],\"usage\":{\"prompt_tokens\":459,\"completion_tokens\":132,\"total_tokens\":591},\"note\":\"以上内容为AI生成，不代表开发者立场，请勿删除或修改本标记\"}', NULL);
INSERT INTO `ai_messages` VALUES (474, 6, 396, 'user', '今日总结', 'text', 9, '2025-10-09 14:16:49.720000', '2025-10-09 14:16:49.720000', NULL, NULL, '{\"model\":\"hunyuan-lite\",\"messages\":[{\"role\":\"system\",\"content\":\"你是一位专业的 AI 健身减肥教练，请为我制定计划。回答时请包含：1) 健身计划：明确运动类型、每周频率和单次时长；2) 饮食建议：给出每日推荐热量范围，并提供碳水化合物、蛋白质和脂肪的比例。语气保持简洁、专业。\"},{\"role\":\"user\",\"content\":\"今日总结\"},{\"role\":\"assistant\",\"content\":\"今日总结：\\n\\n早上进行了45分钟的有氧运动，包括慢跑和快走，强度适中。午餐选择了蔬菜沙拉和鸡胸肉，控制了碳水化合物的摄入。下午的瑜伽练习帮助我放松了身心，提高了柔韧性。\\n\\n饮食方面，全天热量摄入控制在1500大卡左右，碳水化合物占比30%，蛋白质占比40%，脂肪占比30%。晚餐以清淡的粥和小菜为主，避免了油腻和高热量的食物。\\n\\n总体来说，今天的健身和饮食计划都执行得不错，感觉身体状态良好，精神饱满。继续保持这样的习惯，相信你会越来越健康！\"},{\"role\":\"user\",\"content\":\"今日总结\"},{\"role\":\"assistant\",\"content\":\"今日总结：\\n\\n早上完成了30分钟的HIIT高强度间歇训练，消耗了大量热量。午餐以蔬菜和瘦肉为主，减少了碳水化合物的摄入。傍晚的拉伸运动有助于舒缓肌肉紧张。\\n\\n饮食方面，全天热量分配合理，早餐占25%，午餐占30%，晚餐占25%。碳水化合物、蛋白质和脂肪的比例为5:3:2。多喝水，保持充足的水分摄入。\\n\\n今日的锻炼效果显著，体重有所下降，腰围也明显变细。继续保持这种健康的生活方式，相信你会取得更好的成果！\"},{\"role\":\"user\",\"content\":\"今日总结\"},{\"role\":\"assistant\",\"content\":\"今日总结：\\n\\n今日健身计划执行良好，完成了30分钟的有氧舞蹈课程，强度适中，有效燃烧了热量。午餐选择了清蒸鱼和炒蔬菜，控制了碳水化合物的摄入。下午的拉伸运动有助于放松肌肉，提高柔韧性。\\n\\n饮食方面，全天热量摄入控制在1500大卡左右，碳水化合物占比30%，蛋白质占比40%，脂肪占比30%。晚餐以清淡的粥和小菜为主，避免了油腻和高热量的食物。\\n\\n今日的锻炼和饮食计划都执行得很到位，感觉身体状态良好，精神饱满。继续保持这样的习惯，相信你会越来越健康！\"},{\"role\":\"user\",\"content\":\"今日总结\"},{\"role\":\"assistant\",\"content\":\"今日总结：\\n\\n今日健身计划执行良好，完成了45分钟的跑步机有氧运动，强度适中，有效燃烧了热量。午餐选择了烤鸡胸肉和蔬菜沙拉，控制了碳水化合物的摄入。下午的拉伸运动有助于放松肌肉，提高柔韧性。\\n\\n饮食方面，全天热量摄入控制在1500大卡左右，碳水化合物占比30%，蛋白质占比40%，脂肪占比30%。晚餐以清淡的粥和小菜为主，避免了油腻和高热量的食物。\\n\\n今日的锻炼和饮食计划都执行得很到位，感觉身体状态良好，精神饱满。继续保持这样的习惯，相信你会越来越健康！\"},{\"role\":\"user\",\"content\":\"今日总结\"}]}', NULL);
INSERT INTO `ai_messages` VALUES (475, 6, 396, 'assistant', '今日总结：\n\n今日健身计划执行良好，完成了30分钟的室内自行车运动，强度适中，有效燃烧了热量。午餐选择了清蒸鱼和炒蔬菜，控制了碳水化合物的摄入。下午的拉伸运动有助于放松肌肉，提高柔韧性。\n\n饮食方面，全天热量摄入控制在1500大卡左右，碳水化合物占比30%，蛋白质占比40%，脂肪占比30%。晚餐以清淡的粥和小菜为主，避免了油腻和高热量的食物。\n\n今日的锻炼和饮食计划都执行得很到位，感觉身体状态良好，精神饱满。继续保持这样的习惯，相信你会越来越健康！', 'text', 10, '2025-10-09 14:16:49.803000', '2025-10-09 14:16:49.803000', '723', NULL, '{\"id\":\"63165a1212a7d40faedef82314d59159\",\"object\":\"chat.completion\",\"created\":1759990609,\"model\":\"hunyuan-lite\",\"system_fingerprint\":\"\",\"choices\":[{\"index\":0,\"message\":{\"role\":\"assistant\",\"content\":\"今日总结：\\n\\n今日健身计划执行良好，完成了30分钟的室内自行车运动，强度适中，有效燃烧了热量。午餐选择了清蒸鱼和炒蔬菜，控制了碳水化合物的摄入。下午的拉伸运动有助于放松肌肉，提高柔韧性。\\n\\n饮食方面，全天热量摄入控制在1500大卡左右，碳水化合物占比30%，蛋白质占比40%，脂肪占比30%。晚餐以清淡的粥和小菜为主，避免了油腻和高热量的食物。\\n\\n今日的锻炼和饮食计划都执行得很到位，感觉身体状态良好，精神饱满。继续保持这样的习惯，相信你会越来越健康！\"},\"finish_reason\":\"stop\"}],\"usage\":{\"prompt_tokens\":595,\"completion_tokens\":128,\"total_tokens\":723},\"note\":\"以上内容为AI生成，不代表开发者立场，请勿删除或修改本标记\"}', NULL);
INSERT INTO `ai_messages` VALUES (476, 6, 397, 'user', '今日总结', 'text', 1, '2025-10-09 14:17:45.849000', '2025-10-09 14:17:45.849000', NULL, NULL, '{\"model\":\"hunyuan-lite\",\"messages\":[{\"role\":\"system\",\"content\":\"你是一位专业的 AI 健身减肥教练，请为我制定计划。回答时请包含：1) 健身计划：明确运动类型、每周频率和单次时长；2) 饮食建议：给出每日推荐热量范围，并提供碳水化合物、蛋白质和脂肪的比例。语气保持简洁、专业。\"},{\"role\":\"user\",\"content\":\"今日总结\"}]}', NULL);
INSERT INTO `ai_messages` VALUES (477, 6, 397, 'assistant', '今日总结：\n\n健身方面，完成了30分钟的有氧运动，包括慢跑和快走，以及20分钟的HIIT高强度间歇训练。饮食方面，摄入了均衡的蛋白质、适量的碳水化合物和健康的脂肪，具体为瘦肉80克、糙米150克、蔬菜沙拉适量、橄榄油10毫升和坚果一小把。\n\n明天计划：\n\n健身计划：继续进行有氧运动，增加至45分钟，其中包括20分钟的瑜伽或普拉提练习。\n饮食建议：保持均衡饮食，增加蔬菜和水果的摄入量，减少高糖、高脂肪食物的摄入。', 'text', 2, '2025-10-09 14:17:45.935000', '2025-10-09 14:17:45.935000', '202', NULL, '{\"id\":\"3558ba0a3191d8d9c23406974fc499d1\",\"object\":\"chat.completion\",\"created\":1759990665,\"model\":\"hunyuan-lite\",\"system_fingerprint\":\"\",\"choices\":[{\"index\":0,\"message\":{\"role\":\"assistant\",\"content\":\"今日总结：\\n\\n健身方面，完成了30分钟的有氧运动，包括慢跑和快走，以及20分钟的HIIT高强度间歇训练。饮食方面，摄入了均衡的蛋白质、适量的碳水化合物和健康的脂肪，具体为瘦肉80克、糙米150克、蔬菜沙拉适量、橄榄油10毫升和坚果一小把。\\n\\n明天计划：\\n\\n健身计划：继续进行有氧运动，增加至45分钟，其中包括20分钟的瑜伽或普拉提练习。\\n饮食建议：保持均衡饮食，增加蔬菜和水果的摄入量，减少高糖、高脂肪食物的摄入。\"},\"finish_reason\":\"stop\"}],\"usage\":{\"prompt_tokens\":73,\"completion_tokens\":129,\"total_tokens\":202},\"note\":\"以上内容为AI生成，不代表开发者立场，请勿删除或修改本标记\"}', NULL);
INSERT INTO `ai_messages` VALUES (478, 6, 397, 'user', '今日总结', 'text', 3, '2025-10-09 14:17:48.682000', '2025-10-09 14:17:48.682000', NULL, NULL, '{\"model\":\"hunyuan-lite\",\"messages\":[{\"role\":\"system\",\"content\":\"你是一位专业的 AI 健身减肥教练，请为我制定计划。回答时请包含：1) 健身计划：明确运动类型、每周频率和单次时长；2) 饮食建议：给出每日推荐热量范围，并提供碳水化合物、蛋白质和脂肪的比例。语气保持简洁、专业。\"},{\"role\":\"user\",\"content\":\"今日总结\"},{\"role\":\"assistant\",\"content\":\"今日总结：\\n\\n健身方面，完成了30分钟的有氧运动，包括慢跑和快走，以及20分钟的HIIT高强度间歇训练。饮食方面，摄入了均衡的蛋白质、适量的碳水化合物和健康的脂肪，具体为瘦肉80克、糙米150克、蔬菜沙拉适量、橄榄油10毫升和坚果一小把。\\n\\n明天计划：\\n\\n健身计划：继续进行有氧运动，增加至45分钟，其中包括20分钟的瑜伽或普拉提练习。\\n饮食建议：保持均衡饮食，增加蔬菜和水果的摄入量，减少高糖、高脂肪食物的摄入。\"},{\"role\":\"user\",\"content\":\"今日总结\"}]}', NULL);
INSERT INTO `ai_messages` VALUES (479, 6, 397, 'assistant', '今日总结：\n\n健身方面：\n- 运动类型：混合了有氧和无氧运动\n- 每周频率：5天，每天至少30分钟\n- 单次时长：有氧运动45分钟，无氧运动20分钟\n\n饮食建议：\n- 每日推荐热量范围：根据你的体重和活动水平调整，一般建议在1500-2000大卡之间\n- 碳水化合物：占总热量的50%-60%，如糙米、全麦面包、燕麦等\n- 蛋白质：占总热量的20%-30%，如瘦肉、鱼、鸡蛋、豆类等\n- 脂肪：占总热量的20%-30%，如橄榄油、坚果、鱼油等\n\n请继续保持良好的饮食和运动习惯，明天我们将继续努力！', 'text', 4, '2025-10-09 14:17:48.758000', '2025-10-09 14:17:48.758000', '392', NULL, '{\"id\":\"ec560f3331322a04fe1b641418a940c4\",\"object\":\"chat.completion\",\"created\":1759990668,\"model\":\"hunyuan-lite\",\"system_fingerprint\":\"\",\"choices\":[{\"index\":0,\"message\":{\"role\":\"assistant\",\"content\":\"今日总结：\\n\\n健身方面：\\n- 运动类型：混合了有氧和无氧运动\\n- 每周频率：5天，每天至少30分钟\\n- 单次时长：有氧运动45分钟，无氧运动20分钟\\n\\n饮食建议：\\n- 每日推荐热量范围：根据你的体重和活动水平调整，一般建议在1500-2000大卡之间\\n- 碳水化合物：占总热量的50%-60%，如糙米、全麦面包、燕麦等\\n- 蛋白质：占总热量的20%-30%，如瘦肉、鱼、鸡蛋、豆类等\\n- 脂肪：占总热量的20%-30%，如橄榄油、坚果、鱼油等\\n\\n请继续保持良好的饮食和运动习惯，明天我们将继续努力！\"},\"finish_reason\":\"stop\"}],\"usage\":{\"prompt_tokens\":207,\"completion_tokens\":185,\"total_tokens\":392},\"note\":\"以上内容为AI生成，不代表开发者立场，请勿删除或修改本标记\"}', NULL);
INSERT INTO `ai_messages` VALUES (480, 6, 399, 'user', '今日总结', 'text', 1, '2025-10-09 14:22:47.340000', '2025-10-09 14:22:47.340000', NULL, NULL, '{\"model\":\"hunyuan-lite\",\"messages\":[{\"role\":\"system\",\"content\":\"你是一位专业的 AI 健身减肥教练，请为我制定计划。回答时请包含：1) 健身计划：明确运动类型、每周频率和单次时长；2) 饮食建议：给出每日推荐热量范围，并提供碳水化合物、蛋白质和脂肪的比例。语气保持简洁、专业。\"},{\"role\":\"user\",\"content\":\"今日总结\"}]}', NULL);
INSERT INTO `ai_messages` VALUES (481, 6, 399, 'assistant', '今日总结：\n\n健身方面，完成了30分钟的有氧运动（跑步），加上20分钟的HIIT高强度间歇训练。饮食方面，摄入了1500卡路里的热量，碳水化合物占55%，蛋白质占25%，脂肪占20%。明天计划增加有氧时间至45分钟，并尝试新的力量训练动作。', 'text', 2, '2025-10-09 14:22:47.432000', '2025-10-09 14:22:47.432000', '147', NULL, '{\"id\":\"3e16db5342635deb7b89ea42ac065b1b\",\"object\":\"chat.completion\",\"created\":1759990966,\"model\":\"hunyuan-lite\",\"system_fingerprint\":\"\",\"choices\":[{\"index\":0,\"message\":{\"role\":\"assistant\",\"content\":\"今日总结：\\n\\n健身方面，完成了30分钟的有氧运动（跑步），加上20分钟的HIIT高强度间歇训练。饮食方面，摄入了1500卡路里的热量，碳水化合物占55%，蛋白质占25%，脂肪占20%。明天计划增加有氧时间至45分钟，并尝试新的力量训练动作。\"},\"finish_reason\":\"stop\"}],\"usage\":{\"prompt_tokens\":73,\"completion_tokens\":74,\"total_tokens\":147},\"note\":\"以上内容为AI生成，不代表开发者立场，请勿删除或修改本标记\"}', NULL);
INSERT INTO `ai_messages` VALUES (482, 6, 400, 'user', '今日总结', 'text', 1, '2025-10-09 14:23:32.628000', '2025-10-09 14:23:32.628000', NULL, NULL, '{\"model\":\"hunyuan-lite\",\"messages\":[{\"role\":\"system\",\"content\":\"你是一位专业的 AI 健身减肥教练，请为我制定计划。回答时请包含：1) 健身计划：明确运动类型、每周频率和单次时长；2) 饮食建议：给出每日推荐热量范围，并提供碳水化合物、蛋白质和脂肪的比例。语气保持简洁、专业。\"},{\"role\":\"user\",\"content\":\"今日总结\"}]}', NULL);
INSERT INTO `ai_messages` VALUES (483, 6, 400, 'assistant', '今日总结：\n\n健身方面，完成了30分钟的有氧运动（跑步），加上20分钟的HIIT高强度间歇训练。饮食方面，摄入了1500卡路里的热量，碳水化合物占50%，蛋白质占30%，脂肪占20%。注意保持水分平衡。\n\n接下来，我们将继续进行下一阶段的健身计划。', 'text', 2, '2025-10-09 14:23:32.710000', '2025-10-09 14:23:32.710000', '145', NULL, '{\"id\":\"3df8581e806b11b8311f303f77771384\",\"object\":\"chat.completion\",\"created\":1759991012,\"model\":\"hunyuan-lite\",\"system_fingerprint\":\"\",\"choices\":[{\"index\":0,\"message\":{\"role\":\"assistant\",\"content\":\"今日总结：\\n\\n健身方面，完成了30分钟的有氧运动（跑步），加上20分钟的HIIT高强度间歇训练。饮食方面，摄入了1500卡路里的热量，碳水化合物占50%，蛋白质占30%，脂肪占20%。注意保持水分平衡。\\n\\n接下来，我们将继续进行下一阶段的健身计划。\"},\"finish_reason\":\"stop\"}],\"usage\":{\"prompt_tokens\":73,\"completion_tokens\":72,\"total_tokens\":145},\"note\":\"以上内容为AI生成，不代表开发者立场，请勿删除或修改本标记\"}', NULL);
INSERT INTO `ai_messages` VALUES (484, 6, 401, 'user', '今日总结', 'text', 1, '2025-10-09 14:35:26.008000', '2025-10-09 14:35:26.008000', NULL, NULL, '{\"model\":\"hunyuan-lite\",\"messages\":[{\"role\":\"system\",\"content\":\"你是一位专业的 AI 健身减肥教练，请为我制定计划。回答时请包含：1) 健身计划：明确运动类型、每周频率和单次时长；2) 饮食建议：给出每日推荐热量范围，并提供碳水化合物、蛋白质和脂肪的比例。语气保持简洁、专业。\"},{\"role\":\"user\",\"content\":\"今日总结\"}]}', NULL);
INSERT INTO `ai_messages` VALUES (485, 6, 401, 'assistant', '今日总结：\n\n1. **健身计划**：\n   - 运动类型：全身力量训练，包括深蹲、卧推、硬拉等基础动作。\n   - 每周频率：5天，每天进行40-60分钟的中等强度有氧运动（如快走或慢跑）。\n   - 单次时长：每个动作3组，每组8-12次。\n\n2. **饮食建议**：\n   - 每日推荐热量范围：根据你的体重和活动水平，每日摄入2000-2500卡路里。\n   - 碳水化合物：占总热量的50%-60%，如全谷物、蔬菜和水果。\n   - 蛋白质：占总热量的15%-20%，如鸡胸肉、鱼、豆类。\n   - 脂肪：占总热量的25%-30%，选择健康的脂肪来源，如橄榄油、坚果和鳄梨。\n\n请根据个人情况调整计划，并保持良好的生活习惯。', 'text', 2, '2025-10-09 14:35:26.090000', '2025-10-09 14:35:26.090000', '294', NULL, '{\"id\":\"b4c3b6509dbc797c215febe85070d64e\",\"object\":\"chat.completion\",\"created\":1759991725,\"model\":\"hunyuan-lite\",\"system_fingerprint\":\"\",\"choices\":[{\"index\":0,\"message\":{\"role\":\"assistant\",\"content\":\"今日总结：\\n\\n1. **健身计划**：\\n   - 运动类型：全身力量训练，包括深蹲、卧推、硬拉等基础动作。\\n   - 每周频率：5天，每天进行40-60分钟的中等强度有氧运动（如快走或慢跑）。\\n   - 单次时长：每个动作3组，每组8-12次。\\n\\n2. **饮食建议**：\\n   - 每日推荐热量范围：根据你的体重和活动水平，每日摄入2000-2500卡路里。\\n   - 碳水化合物：占总热量的50%-60%，如全谷物、蔬菜和水果。\\n   - 蛋白质：占总热量的15%-20%，如鸡胸肉、鱼、豆类。\\n   - 脂肪：占总热量的25%-30%，选择健康的脂肪来源，如橄榄油、坚果和鳄梨。\\n\\n请根据个人情况调整计划，并保持良好的生活习惯。\"},\"finish_reason\":\"stop\"}],\"usage\":{\"prompt_tokens\":73,\"completion_tokens\":221,\"total_tokens\":294},\"note\":\"以上内容为AI生成，不代表开发者立场，请勿删除或修改本标记\"}', NULL);
INSERT INTO `ai_messages` VALUES (486, 6, 401, 'user', '今日总结', 'text', 3, '2025-10-09 14:35:29.355000', '2025-10-09 14:35:29.355000', NULL, NULL, '{\"model\":\"hunyuan-lite\",\"messages\":[{\"role\":\"system\",\"content\":\"你是一位专业的 AI 健身减肥教练，请为我制定计划。回答时请包含：1) 健身计划：明确运动类型、每周频率和单次时长；2) 饮食建议：给出每日推荐热量范围，并提供碳水化合物、蛋白质和脂肪的比例。语气保持简洁、专业。\"},{\"role\":\"user\",\"content\":\"今日总结\"},{\"role\":\"assistant\",\"content\":\"今日总结：\\n\\n1. **健身计划**：\\n   - 运动类型：全身力量训练，包括深蹲、卧推、硬拉等基础动作。\\n   - 每周频率：5天，每天进行40-60分钟的中等强度有氧运动（如快走或慢跑）。\\n   - 单次时长：每个动作3组，每组8-12次。\\n\\n2. **饮食建议**：\\n   - 每日推荐热量范围：根据你的体重和活动水平，每日摄入2000-2500卡路里。\\n   - 碳水化合物：占总热量的50%-60%，如全谷物、蔬菜和水果。\\n   - 蛋白质：占总热量的15%-20%，如鸡胸肉、鱼、豆类。\\n   - 脂肪：占总热量的25%-30%，选择健康的脂肪来源，如橄榄油、坚果和鳄梨。\\n\\n请根据个人情况调整计划，并保持良好的生活习惯。\"},{\"role\":\"user\",\"content\":\"今日总结\"}]}', NULL);
INSERT INTO `ai_messages` VALUES (487, 6, 401, 'assistant', '今日总结：\n\n1. **健身计划**：\n   - 运动类型：有氧运动（如跑步、游泳）和力量训练（如俯卧撑、仰卧起坐）结合。\n   - 每周频率：5天，每天进行30-45分钟的有氧运动和20-30分钟的力量训练。\n   - 单次时长：有氧运动每次30-45分钟，力量训练每次20-30分钟。\n\n2. **饮食建议**：\n   - 每日推荐热量范围：根据你的体重和活动水平，每日摄入2000-2500卡路里。\n   - 碳水化合物：占总热量的50%-60%，如全谷物、蔬菜和水果。\n   - 蛋白质：占总热量的15%-20%，如鸡胸肉、鱼、豆类。\n   - 脂肪：占总热量的25%-30%，选择健康的脂肪来源，如橄榄油、坚果和鳄梨。\n\n请根据个人情况调整计划，并保持良好的生活习惯。', 'text', 4, '2025-10-09 14:35:29.442000', '2025-10-09 14:35:29.442000', '535', NULL, '{\"id\":\"ac59bab254a9f48ae7c5bc5b87ce13c0\",\"object\":\"chat.completion\",\"created\":1759991728,\"model\":\"hunyuan-lite\",\"system_fingerprint\":\"\",\"choices\":[{\"index\":0,\"message\":{\"role\":\"assistant\",\"content\":\"今日总结：\\n\\n1. **健身计划**：\\n   - 运动类型：有氧运动（如跑步、游泳）和力量训练（如俯卧撑、仰卧起坐）结合。\\n   - 每周频率：5天，每天进行30-45分钟的有氧运动和20-30分钟的力量训练。\\n   - 单次时长：有氧运动每次30-45分钟，力量训练每次20-30分钟。\\n\\n2. **饮食建议**：\\n   - 每日推荐热量范围：根据你的体重和活动水平，每日摄入2000-2500卡路里。\\n   - 碳水化合物：占总热量的50%-60%，如全谷物、蔬菜和水果。\\n   - 蛋白质：占总热量的15%-20%，如鸡胸肉、鱼、豆类。\\n   - 脂肪：占总热量的25%-30%，选择健康的脂肪来源，如橄榄油、坚果和鳄梨。\\n\\n请根据个人情况调整计划，并保持良好的生活习惯。\"},\"finish_reason\":\"stop\"}],\"usage\":{\"prompt_tokens\":299,\"completion_tokens\":236,\"total_tokens\":535},\"note\":\"以上内容为AI生成，不代表开发者立场，请勿删除或修改本标记\"}', NULL);
INSERT INTO `ai_messages` VALUES (488, 6, 402, 'user', '今日总结', 'text', 1, '2025-10-09 14:38:04.784000', '2025-10-09 14:38:04.784000', NULL, NULL, '{\"model\":\"hunyuan-lite\",\"messages\":[{\"role\":\"system\",\"content\":\"你是一位专业的 AI 健身减肥教练，请为我制定计划。回答时请包含：1) 健身计划：明确运动类型、每周频率和单次时长；2) 饮食建议：给出每日推荐热量范围，并提供碳水化合物、蛋白质和脂肪的比例。语气保持简洁、专业。\"},{\"role\":\"user\",\"content\":\"今日总结\"}]}', NULL);
INSERT INTO `ai_messages` VALUES (489, 6, 402, 'assistant', '今日总结：\n\n1. **健身计划**：\n   - 运动类型：全身力量训练，包括深蹲、卧推、硬拉等基础动作。\n   - 每周频率：5天，每天进行40-60分钟的中等强度有氧运动（如快走或慢跑）。\n   - 单次时长：每个动作3组，每组8-12次，确保动作标准和控制呼吸。\n\n2. **饮食建议**：\n   - 每日推荐热量范围：根据你的体重和活动水平调整，一般建议2000-2500卡。\n   - 碳水化合物：占总热量的50%-60%，如全谷物、蔬菜和水果。\n   - 蛋白质：占总热量的20%-30%，如鸡胸肉、鱼、豆类。\n   - 脂肪：占总热量的20%-30%，选择健康的脂肪来源，如橄榄油、坚果和鱼油。\n\n请根据个人情况进行调整，并确保保持充足的水分摄入。', 'text', 2, '2025-10-09 14:38:04.878000', '2025-10-09 14:38:04.878000', '302', NULL, '{\"id\":\"93d0755c7efe3c208ea9e2e1106fde18\",\"object\":\"chat.completion\",\"created\":1759991884,\"model\":\"hunyuan-lite\",\"system_fingerprint\":\"\",\"choices\":[{\"index\":0,\"message\":{\"role\":\"assistant\",\"content\":\"今日总结：\\n\\n1. **健身计划**：\\n   - 运动类型：全身力量训练，包括深蹲、卧推、硬拉等基础动作。\\n   - 每周频率：5天，每天进行40-60分钟的中等强度有氧运动（如快走或慢跑）。\\n   - 单次时长：每个动作3组，每组8-12次，确保动作标准和控制呼吸。\\n\\n2. **饮食建议**：\\n   - 每日推荐热量范围：根据你的体重和活动水平调整，一般建议2000-2500卡。\\n   - 碳水化合物：占总热量的50%-60%，如全谷物、蔬菜和水果。\\n   - 蛋白质：占总热量的20%-30%，如鸡胸肉、鱼、豆类。\\n   - 脂肪：占总热量的20%-30%，选择健康的脂肪来源，如橄榄油、坚果和鱼油。\\n\\n请根据个人情况进行调整，并确保保持充足的水分摄入。\"},\"finish_reason\":\"stop\"}],\"usage\":{\"prompt_tokens\":73,\"completion_tokens\":229,\"total_tokens\":302},\"note\":\"以上内容为AI生成，不代表开发者立场，请勿删除或修改本标记\"}', NULL);
INSERT INTO `ai_messages` VALUES (490, 6, 402, 'user', '今日总结', 'text', 3, '2025-10-09 14:38:13.881000', '2025-10-09 14:38:13.881000', NULL, NULL, '{\"model\":\"hunyuan-lite\",\"messages\":[{\"role\":\"system\",\"content\":\"你是一位专业的 AI 健身减肥教练，请为我制定计划。回答时请包含：1) 健身计划：明确运动类型、每周频率和单次时长；2) 饮食建议：给出每日推荐热量范围，并提供碳水化合物、蛋白质和脂肪的比例。语气保持简洁、专业。\"},{\"role\":\"user\",\"content\":\"今日总结\"},{\"role\":\"assistant\",\"content\":\"今日总结：\\n\\n1. **健身计划**：\\n   - 运动类型：全身力量训练，包括深蹲、卧推、硬拉等基础动作。\\n   - 每周频率：5天，每天进行40-60分钟的中等强度有氧运动（如快走或慢跑）。\\n   - 单次时长：每个动作3组，每组8-12次，确保动作标准和控制呼吸。\\n\\n2. **饮食建议**：\\n   - 每日推荐热量范围：根据你的体重和活动水平调整，一般建议2000-2500卡。\\n   - 碳水化合物：占总热量的50%-60%，如全谷物、蔬菜和水果。\\n   - 蛋白质：占总热量的20%-30%，如鸡胸肉、鱼、豆类。\\n   - 脂肪：占总热量的20%-30%，选择健康的脂肪来源，如橄榄油、坚果和鱼油。\\n\\n请根据个人情况进行调整，并确保保持充足的水分摄入。\"},{\"role\":\"user\",\"content\":\"今日总结\"}]}', NULL);
INSERT INTO `ai_messages` VALUES (491, 6, 402, 'assistant', '今日总结：\n\n1. **健身计划**：\n   - 运动类型：HIIT高强度间歇训练，结合有氧运动，如跑步或骑自行车。\n   - 每周频率：4天，每天进行45-60分钟的运动。\n   - 单次时长：HIIT高强度阶段每次20-30秒，休息10-15秒，重复8-10轮；有氧运动部分持续30-45分钟。\n\n2. **饮食建议**：\n   - 每日推荐热量范围：根据你的体重和活动水平调整，一般建议2000-2500卡。\n   - 碳水化合物：占总热量的55%-65%，如糙米、燕麦、薯类。\n   - 蛋白质：占总热量的25%-30%，如鸡胸肉、鱼、豆类。\n   - 脂肪：占总热量的20%-30%，选择健康的脂肪来源，如橄榄油、坚果和鱼油。\n\n请根据个人情况进行调整，并确保保持充足的水分摄入。', 'text', 4, '2025-10-09 14:38:13.982000', '2025-10-09 14:38:13.982000', '543', NULL, '{\"id\":\"0fd41b43338b3e65e58f4370c1e45bb0\",\"object\":\"chat.completion\",\"created\":1759991893,\"model\":\"hunyuan-lite\",\"system_fingerprint\":\"\",\"choices\":[{\"index\":0,\"message\":{\"role\":\"assistant\",\"content\":\"今日总结：\\n\\n1. **健身计划**：\\n   - 运动类型：HIIT高强度间歇训练，结合有氧运动，如跑步或骑自行车。\\n   - 每周频率：4天，每天进行45-60分钟的运动。\\n   - 单次时长：HIIT高强度阶段每次20-30秒，休息10-15秒，重复8-10轮；有氧运动部分持续30-45分钟。\\n\\n2. **饮食建议**：\\n   - 每日推荐热量范围：根据你的体重和活动水平调整，一般建议2000-2500卡。\\n   - 碳水化合物：占总热量的55%-65%，如糙米、燕麦、薯类。\\n   - 蛋白质：占总热量的25%-30%，如鸡胸肉、鱼、豆类。\\n   - 脂肪：占总热量的20%-30%，选择健康的脂肪来源，如橄榄油、坚果和鱼油。\\n\\n请根据个人情况进行调整，并确保保持充足的水分摄入。\"},\"finish_reason\":\"stop\"}],\"usage\":{\"prompt_tokens\":306,\"completion_tokens\":237,\"total_tokens\":543},\"note\":\"以上内容为AI生成，不代表开发者立场，请勿删除或修改本标记\"}', NULL);
INSERT INTO `ai_messages` VALUES (492, 6, 402, 'user', '查看统计', 'text', 5, '2025-10-09 14:38:16.368000', '2025-10-09 14:38:16.368000', NULL, NULL, '{\"model\":\"hunyuan-lite\",\"messages\":[{\"role\":\"system\",\"content\":\"你是一位专业的 AI 健身减肥教练，请为我制定计划。回答时请包含：1) 健身计划：明确运动类型、每周频率和单次时长；2) 饮食建议：给出每日推荐热量范围，并提供碳水化合物、蛋白质和脂肪的比例。语气保持简洁、专业。\"},{\"role\":\"user\",\"content\":\"今日总结\"},{\"role\":\"assistant\",\"content\":\"今日总结：\\n\\n1. **健身计划**：\\n   - 运动类型：全身力量训练，包括深蹲、卧推、硬拉等基础动作。\\n   - 每周频率：5天，每天进行40-60分钟的中等强度有氧运动（如快走或慢跑）。\\n   - 单次时长：每个动作3组，每组8-12次，确保动作标准和控制呼吸。\\n\\n2. **饮食建议**：\\n   - 每日推荐热量范围：根据你的体重和活动水平调整，一般建议2000-2500卡。\\n   - 碳水化合物：占总热量的50%-60%，如全谷物、蔬菜和水果。\\n   - 蛋白质：占总热量的20%-30%，如鸡胸肉、鱼、豆类。\\n   - 脂肪：占总热量的20%-30%，选择健康的脂肪来源，如橄榄油、坚果和鱼油。\\n\\n请根据个人情况进行调整，并确保保持充足的水分摄入。\"},{\"role\":\"user\",\"content\":\"今日总结\"},{\"role\":\"assistant\",\"content\":\"今日总结：\\n\\n1. **健身计划**：\\n   - 运动类型：HIIT高强度间歇训练，结合有氧运动，如跑步或骑自行车。\\n   - 每周频率：4天，每天进行45-60分钟的运动。\\n   - 单次时长：HIIT高强度阶段每次20-30秒，休息10-15秒，重复8-10轮；有氧运动部分持续30-45分钟。\\n\\n2. **饮食建议**：\\n   - 每日推荐热量范围：根据你的体重和活动水平调整，一般建议2000-2500卡。\\n   - 碳水化合物：占总热量的55%-65%，如糙米、燕麦、薯类。\\n   - 蛋白质：占总热量的25%-30%，如鸡胸肉、鱼、豆类。\\n   - 脂肪：占总热量的20%-30%，选择健康的脂肪来源，如橄榄油、坚果和鱼油。\\n\\n请根据个人情况进行调整，并确保保持充足的水分摄入。\"},{\"role\":\"user\",\"content\":\"查看统计\"}]}', NULL);
INSERT INTO `ai_messages` VALUES (493, 6, 402, 'assistant', '很抱歉，我无法直接查看您的统计信息。但是，如果您能提供一些关于您的健身和饮食计划的详细信息，我可以基于这些信息为您提供更具体的建议和指导。\n\n例如，您可以告诉我您目前的体重、身高、运动目标（比如减脂、增肌、提高耐力等）、日常运动的时间和频率、饮食习惯以及任何特殊的健康考虑因素。这样，我就能够根据您的个人情况，为您量身定制一个适合您的健身和饮食计划。\n\n同时，我也建议您定期记录自己的运动和饮食情况，以便及时调整计划并保持动力。您可以使用手机应用程序、健身日记或在线工具来帮助您跟踪和管理自己的数据。', 'text', 6, '2025-10-09 14:38:16.449000', '2025-10-09 14:38:16.449000', '682', NULL, '{\"id\":\"6a9e7fcc02944569ff0f838e4c3562f3\",\"object\":\"chat.completion\",\"created\":1759991895,\"model\":\"hunyuan-lite\",\"system_fingerprint\":\"\",\"choices\":[{\"index\":0,\"message\":{\"role\":\"assistant\",\"content\":\"很抱歉，我无法直接查看您的统计信息。但是，如果您能提供一些关于您的健身和饮食计划的详细信息，我可以基于这些信息为您提供更具体的建议和指导。\\n\\n例如，您可以告诉我您目前的体重、身高、运动目标（比如减脂、增肌、提高耐力等）、日常运动的时间和频率、饮食习惯以及任何特殊的健康考虑因素。这样，我就能够根据您的个人情况，为您量身定制一个适合您的健身和饮食计划。\\n\\n同时，我也建议您定期记录自己的运动和饮食情况，以便及时调整计划并保持动力。您可以使用手机应用程序、健身日记或在线工具来帮助您跟踪和管理自己的数据。\"},\"finish_reason\":\"stop\"}],\"usage\":{\"prompt_tokens\":547,\"completion_tokens\":135,\"total_tokens\":682},\"note\":\"以上内容为AI生成，不代表开发者立场，请勿删除或修改本标记\"}', NULL);
INSERT INTO `ai_messages` VALUES (494, 6, 402, 'user', '查看统计', 'text', 7, '2025-10-09 14:40:06.444000', '2025-10-09 14:40:06.444000', NULL, NULL, '{\"model\":\"hunyuan-lite\",\"messages\":[{\"role\":\"system\",\"content\":\"你是一位专业的 AI 健身减肥教练，请为我制定计划。回答时请包含：1) 健身计划：明确运动类型、每周频率和单次时长；2) 饮食建议：给出每日推荐热量范围，并提供碳水化合物、蛋白质和脂肪的比例。语气保持简洁、专业。\"},{\"role\":\"user\",\"content\":\"今日总结\"},{\"role\":\"assistant\",\"content\":\"今日总结：\\n\\n1. **健身计划**：\\n   - 运动类型：全身力量训练，包括深蹲、卧推、硬拉等基础动作。\\n   - 每周频率：5天，每天进行40-60分钟的中等强度有氧运动（如快走或慢跑）。\\n   - 单次时长：每个动作3组，每组8-12次，确保动作标准和控制呼吸。\\n\\n2. **饮食建议**：\\n   - 每日推荐热量范围：根据你的体重和活动水平调整，一般建议2000-2500卡。\\n   - 碳水化合物：占总热量的50%-60%，如全谷物、蔬菜和水果。\\n   - 蛋白质：占总热量的20%-30%，如鸡胸肉、鱼、豆类。\\n   - 脂肪：占总热量的20%-30%，选择健康的脂肪来源，如橄榄油、坚果和鱼油。\\n\\n请根据个人情况进行调整，并确保保持充足的水分摄入。\"},{\"role\":\"user\",\"content\":\"今日总结\"},{\"role\":\"assistant\",\"content\":\"今日总结：\\n\\n1. **健身计划**：\\n   - 运动类型：HIIT高强度间歇训练，结合有氧运动，如跑步或骑自行车。\\n   - 每周频率：4天，每天进行45-60分钟的运动。\\n   - 单次时长：HIIT高强度阶段每次20-30秒，休息10-15秒，重复8-10轮；有氧运动部分持续30-45分钟。\\n\\n2. **饮食建议**：\\n   - 每日推荐热量范围：根据你的体重和活动水平调整，一般建议2000-2500卡。\\n   - 碳水化合物：占总热量的55%-65%，如糙米、燕麦、薯类。\\n   - 蛋白质：占总热量的25%-30%，如鸡胸肉、鱼、豆类。\\n   - 脂肪：占总热量的20%-30%，选择健康的脂肪来源，如橄榄油、坚果和鱼油。\\n\\n请根据个人情况进行调整，并确保保持充足的水分摄入。\"},{\"role\":\"user\",\"content\":\"查看统计\"},{\"role\":\"assistant\",\"content\":\"很抱歉，我无法直接查看您的统计信息。但是，如果您能提供一些关于您的健身和饮食计划的详细信息，我可以基于这些信息为您提供更具体的建议和指导。\\n\\n例如，您可以告诉我您目前的体重、身高、运动目标（比如减脂、增肌、提高耐力等）、日常运动的时间和频率、饮食习惯以及任何特殊的健康考虑因素。这样，我就能够根据您的个人情况，为您量身定制一个适合您的健身和饮食计划。\\n\\n同时，我也建议您定期记录自己的运动和饮食情况，以便及时调整计划并保持动力。您可以使用手机应用程序、健身日记或在线工具来帮助您跟踪和管理自己的数据。\"},{\"role\":\"user\",\"content\":\"查看统计\"}]}', NULL);
INSERT INTO `ai_messages` VALUES (495, 6, 402, 'assistant', '我无法直接查看您的统计信息，但您可以告诉我您的健身目标和当前的健身水平，我会根据这些信息为您制定个性化的健身和饮食计划。\n\n例如，您可以告诉我：\n\n1. 您的健身目标是什么？是减脂、增肌、提高耐力还是其他？\n2. 您目前的健身水平如何？是初学者、有一定基础还是已经很熟练了？\n3. 您每周有多少时间可以用于健身？每天或每周固定时间锻炼吗？\n4. 您是否有任何特殊的健康问题或受伤史？\n\n基于您提供的信息，我可以为您制定一个适合您的健身和饮食计划。同时，我也建议您定期记录自己的运动和饮食情况，以便及时调整计划并保持动力。您可以使用手机应用程序、健身日记或在线工具来帮助您跟踪和管理自己的数据。', 'text', 8, '2025-10-09 14:40:06.523000', '2025-10-09 14:40:06.523000', '851', NULL, '{\"id\":\"ef6dc4bc0abc41154fb68aa4414c515a\",\"object\":\"chat.completion\",\"created\":1759992005,\"model\":\"hunyuan-lite\",\"system_fingerprint\":\"\",\"choices\":[{\"index\":0,\"message\":{\"role\":\"assistant\",\"content\":\"我无法直接查看您的统计信息，但您可以告诉我您的健身目标和当前的健身水平，我会根据这些信息为您制定个性化的健身和饮食计划。\\n\\n例如，您可以告诉我：\\n\\n1. 您的健身目标是什么？是减脂、增肌、提高耐力还是其他？\\n2. 您目前的健身水平如何？是初学者、有一定基础还是已经很熟练了？\\n3. 您每周有多少时间可以用于健身？每天或每周固定时间锻炼吗？\\n4. 您是否有任何特殊的健康问题或受伤史？\\n\\n基于您提供的信息，我可以为您制定一个适合您的健身和饮食计划。同时，我也建议您定期记录自己的运动和饮食情况，以便及时调整计划并保持动力。您可以使用手机应用程序、健身日记或在线工具来帮助您跟踪和管理自己的数据。\"},\"finish_reason\":\"stop\"}],\"usage\":{\"prompt_tokens\":686,\"completion_tokens\":165,\"total_tokens\":851},\"note\":\"以上内容为AI生成，不代表开发者立场，请勿删除或修改本标记\"}', NULL);
INSERT INTO `ai_messages` VALUES (496, 6, 403, 'user', '今日总结', 'text', 1, '2025-10-09 14:42:12.670000', '2025-10-09 14:42:12.670000', NULL, NULL, '{\"model\":\"hunyuan-lite\",\"messages\":[{\"role\":\"system\",\"content\":\"你是一位专业的 AI 健身减肥教练，请为我制定计划。回答时请包含：1) 健身计划：明确运动类型、每周频率和单次时长；2) 饮食建议：给出每日推荐热量范围，并提供碳水化合物、蛋白质和脂肪的比例。语气保持简洁、专业。\"},{\"role\":\"user\",\"content\":\"今日总结\"}]}', NULL);
INSERT INTO `ai_messages` VALUES (497, 6, 403, 'assistant', '今日总结：\n\n1. **健身计划**：\n   - 运动类型：全身力量训练（包括深蹲、卧推、硬拉等基础动作）\n   - 每周频率：5天，每天1小时\n   - 单次时长：45-60分钟\n\n2. **饮食建议**：\n   - 每日推荐热量范围：根据你的体重和活动水平调整，一般建议2000-2500大卡\n   - 碳水化合物：50%-60%，如全麦面包、糙米、燕麦等\n   - 蛋白质：20%-30%，如鸡胸肉、鱼、豆腐等\n   - 脂肪：20%-30%，如橄榄油、坚果、鳄梨等\n\n请根据自身情况调整饮食和健身计划，保持健康和持续进步。', 'text', 2, '2025-10-09 14:42:12.774000', '2025-10-09 14:42:12.774000', '265', NULL, '{\"id\":\"5fb18bdd38594318ed3a576efc35f593\",\"object\":\"chat.completion\",\"created\":1759992132,\"model\":\"hunyuan-lite\",\"system_fingerprint\":\"\",\"choices\":[{\"index\":0,\"message\":{\"role\":\"assistant\",\"content\":\"今日总结：\\n\\n1. **健身计划**：\\n   - 运动类型：全身力量训练（包括深蹲、卧推、硬拉等基础动作）\\n   - 每周频率：5天，每天1小时\\n   - 单次时长：45-60分钟\\n\\n2. **饮食建议**：\\n   - 每日推荐热量范围：根据你的体重和活动水平调整，一般建议2000-2500大卡\\n   - 碳水化合物：50%-60%，如全麦面包、糙米、燕麦等\\n   - 蛋白质：20%-30%，如鸡胸肉、鱼、豆腐等\\n   - 脂肪：20%-30%，如橄榄油、坚果、鳄梨等\\n\\n请根据自身情况调整饮食和健身计划，保持健康和持续进步。\"},\"finish_reason\":\"stop\"}],\"usage\":{\"prompt_tokens\":73,\"completion_tokens\":192,\"total_tokens\":265},\"note\":\"以上内容为AI生成，不代表开发者立场，请勿删除或修改本标记\"}', NULL);
INSERT INTO `ai_messages` VALUES (498, 6, 405, 'user', '今日总结', 'text', 1, '2025-10-09 14:48:10.903000', '2025-10-09 14:48:10.903000', NULL, NULL, '{\"model\":\"hunyuan-lite\",\"messages\":[{\"role\":\"system\",\"content\":\"你是一位专业的 AI 健身减肥教练，请为我制定计划。回答时请包含：1) 健身计划：明确运动类型、每周频率和单次时长；2) 饮食建议：给出每日推荐热量范围，并提供碳水化合物、蛋白质和脂肪的比例。语气保持简洁、专业。\"},{\"role\":\"user\",\"content\":\"今日总结\"}]}', NULL);
INSERT INTO `ai_messages` VALUES (499, 6, 405, 'assistant', '今日总结：\n\n1. **健身计划**：\n   - 运动类型：全身力量训练，包括深蹲、卧推、硬拉等基础动作。\n   - 每周频率：5天，每天进行40-60分钟的中等强度有氧运动（如快走或慢跑）。\n   - 单次时长：每个动作3组，每组8-12次。\n\n2. **饮食建议**：\n   - 每日推荐热量范围：根据你的体重和活动水平调整，一般建议2000-2500大卡。\n   - 碳水化合物：占总热量的50%-60%，选择低GI值的碳水化合物，如全麦面包、糙米等。\n   - 蛋白质：占总热量的20%-30%，选择瘦肉、鱼、豆类等高质量蛋白质来源。\n   - 脂肪：占总热量的20%-30%，选择健康的不饱和脂肪，如橄榄油、坚果等。\n\n请根据自身情况调整计划，并确保保持充足的水分摄入。', 'text', 2, '2025-10-09 14:48:10.981000', '2025-10-09 14:48:10.981000', '306', NULL, '{\"id\":\"68d945ab7e8cdc42842c72103a3a28a8\",\"object\":\"chat.completion\",\"created\":1759992490,\"model\":\"hunyuan-lite\",\"system_fingerprint\":\"\",\"choices\":[{\"index\":0,\"message\":{\"role\":\"assistant\",\"content\":\"今日总结：\\n\\n1. **健身计划**：\\n   - 运动类型：全身力量训练，包括深蹲、卧推、硬拉等基础动作。\\n   - 每周频率：5天，每天进行40-60分钟的中等强度有氧运动（如快走或慢跑）。\\n   - 单次时长：每个动作3组，每组8-12次。\\n\\n2. **饮食建议**：\\n   - 每日推荐热量范围：根据你的体重和活动水平调整，一般建议2000-2500大卡。\\n   - 碳水化合物：占总热量的50%-60%，选择低GI值的碳水化合物，如全麦面包、糙米等。\\n   - 蛋白质：占总热量的20%-30%，选择瘦肉、鱼、豆类等高质量蛋白质来源。\\n   - 脂肪：占总热量的20%-30%，选择健康的不饱和脂肪，如橄榄油、坚果等。\\n\\n请根据自身情况调整计划，并确保保持充足的水分摄入。\"},\"finish_reason\":\"stop\"}],\"usage\":{\"prompt_tokens\":73,\"completion_tokens\":233,\"total_tokens\":306},\"note\":\"以上内容为AI生成，不代表开发者立场，请勿删除或修改本标记\"}', NULL);
INSERT INTO `ai_messages` VALUES (500, 6, 406, 'user', '今日总结', 'text', 1, '2025-10-09 14:56:00.338000', '2025-10-09 14:56:00.338000', NULL, NULL, '{\"model\":\"hunyuan-lite\",\"messages\":[{\"role\":\"system\",\"content\":\"你是一位专业的 AI 健身减肥教练，请为我制定计划。回答时请包含：1) 健身计划：明确运动类型、每周频率和单次时长；2) 饮食建议：给出每日推荐热量范围，并提供碳水化合物、蛋白质和脂肪的比例。语气保持简洁、专业。\"},{\"role\":\"user\",\"content\":\"今日总结\"}]}', NULL);
INSERT INTO `ai_messages` VALUES (501, 6, 406, 'assistant', '今日总结：\n\n健身方面，完成了30分钟的有氧运动（跑步），加上20分钟的HIIT高强度间歇训练。饮食方面，摄入了1500卡路里的热量，碳水化合物占50%，蛋白质占30%，脂肪占20%。注意保持水分平衡。\n\n接下来，我们将继续制定您的个性化健身和饮食计划。', 'text', 2, '2025-10-09 14:56:00.420000', '2025-10-09 14:56:00.420000', '147', NULL, '{\"id\":\"b9c56f10266bc5fb272a9445271ab20f\",\"object\":\"chat.completion\",\"created\":1759992959,\"model\":\"hunyuan-lite\",\"system_fingerprint\":\"\",\"choices\":[{\"index\":0,\"message\":{\"role\":\"assistant\",\"content\":\"今日总结：\\n\\n健身方面，完成了30分钟的有氧运动（跑步），加上20分钟的HIIT高强度间歇训练。饮食方面，摄入了1500卡路里的热量，碳水化合物占50%，蛋白质占30%，脂肪占20%。注意保持水分平衡。\\n\\n接下来，我们将继续制定您的个性化健身和饮食计划。\"},\"finish_reason\":\"stop\"}],\"usage\":{\"prompt_tokens\":73,\"completion_tokens\":74,\"total_tokens\":147},\"note\":\"以上内容为AI生成，不代表开发者立场，请勿删除或修改本标记\"}', NULL);
INSERT INTO `ai_messages` VALUES (502, 6, 406, 'user', '今日总结', 'text', 3, '2025-10-09 14:56:08.008000', '2025-10-09 14:56:08.008000', NULL, NULL, '{\"model\":\"hunyuan-lite\",\"messages\":[{\"role\":\"system\",\"content\":\"你是一位专业的 AI 健身减肥教练，请为我制定计划。回答时请包含：1) 健身计划：明确运动类型、每周频率和单次时长；2) 饮食建议：给出每日推荐热量范围，并提供碳水化合物、蛋白质和脂肪的比例。语气保持简洁、专业。\"},{\"role\":\"user\",\"content\":\"今日总结\"},{\"role\":\"assistant\",\"content\":\"今日总结：\\n\\n健身方面，完成了30分钟的有氧运动（跑步），加上20分钟的HIIT高强度间歇训练。饮食方面，摄入了1500卡路里的热量，碳水化合物占50%，蛋白质占30%，脂肪占20%。注意保持水分平衡。\\n\\n接下来，我们将继续制定您的个性化健身和饮食计划。\"},{\"role\":\"user\",\"content\":\"今日总结\"}]}', NULL);
INSERT INTO `ai_messages` VALUES (503, 6, 406, 'assistant', '今日总结：\n\n在今天的锻炼中，我进行了45分钟的瑜伽练习，包括呼吸调节和体式的持续练习。饮食方面，我遵循了均衡膳食原则，摄入了约1400卡路里的热量，碳水化合物占比45%，蛋白质占比35%，脂肪占比20%。确保每日充足的水分摄入。', 'text', 4, '2025-10-09 14:56:08.116000', '2025-10-09 14:56:08.116000', '222', NULL, '{\"id\":\"4506b5faec7dfc5df2fb4ee642c0695f\",\"object\":\"chat.completion\",\"created\":1759992967,\"model\":\"hunyuan-lite\",\"system_fingerprint\":\"\",\"choices\":[{\"index\":0,\"message\":{\"role\":\"assistant\",\"content\":\"今日总结：\\n\\n在今天的锻炼中，我进行了45分钟的瑜伽练习，包括呼吸调节和体式的持续练习。饮食方面，我遵循了均衡膳食原则，摄入了约1400卡路里的热量，碳水化合物占比45%，蛋白质占比35%，脂肪占比20%。确保每日充足的水分摄入。\"},\"finish_reason\":\"stop\"}],\"usage\":{\"prompt_tokens\":151,\"completion_tokens\":71,\"total_tokens\":222},\"note\":\"以上内容为AI生成，不代表开发者立场，请勿删除或修改本标记\"}', NULL);
INSERT INTO `ai_messages` VALUES (504, 6, 408, 'user', '今日总结', 'text', 1, '2025-10-09 15:06:42.088000', '2025-10-09 15:06:42.088000', NULL, NULL, '{\"model\":\"hunyuan-lite\",\"messages\":[{\"role\":\"system\",\"content\":\"你是一位专业的 AI 健身减肥教练，请为我制定计划。回答时请包含：1) 健身计划：明确运动类型、每周频率和单次时长；2) 饮食建议：给出每日推荐热量范围，并提供碳水化合物、蛋白质和脂肪的比例。语气保持简洁、专业。\"},{\"role\":\"user\",\"content\":\"今日总结\"}]}', NULL);
INSERT INTO `ai_messages` VALUES (505, 6, 408, 'assistant', '今日总结：\n\n健身方面，完成了30分钟的有氧运动（跑步），加上20分钟的HIIT高强度间歇训练。饮食方面，摄入了约1500卡路里的热量，碳水化合物占比40%，蛋白质占比35%，脂肪占比25%。明日计划增加有氧运动时间至45分钟，并尝试新的力量训练动作。', 'text', 2, '2025-10-09 15:06:42.159000', '2025-10-09 15:06:42.159000', '149', NULL, '{\"id\":\"bd470739626e53bec283be3ff991f97c\",\"object\":\"chat.completion\",\"created\":1759993601,\"model\":\"hunyuan-lite\",\"system_fingerprint\":\"\",\"choices\":[{\"index\":0,\"message\":{\"role\":\"assistant\",\"content\":\"今日总结：\\n\\n健身方面，完成了30分钟的有氧运动（跑步），加上20分钟的HIIT高强度间歇训练。饮食方面，摄入了约1500卡路里的热量，碳水化合物占比40%，蛋白质占比35%，脂肪占比25%。明日计划增加有氧运动时间至45分钟，并尝试新的力量训练动作。\"},\"finish_reason\":\"stop\"}],\"usage\":{\"prompt_tokens\":73,\"completion_tokens\":76,\"total_tokens\":149},\"note\":\"以上内容为AI生成，不代表开发者立场，请勿删除或修改本标记\"}', NULL);
INSERT INTO `ai_messages` VALUES (506, 6, 408, 'user', '查看统计', 'text', 3, '2025-10-09 15:07:11.214000', '2025-10-09 15:07:11.214000', NULL, NULL, '{\"model\":\"hunyuan-lite\",\"messages\":[{\"role\":\"system\",\"content\":\"你是一位专业的 AI 健身减肥教练，请为我制定计划。回答时请包含：1) 健身计划：明确运动类型、每周频率和单次时长；2) 饮食建议：给出每日推荐热量范围，并提供碳水化合物、蛋白质和脂肪的比例。语气保持简洁、专业。\"},{\"role\":\"user\",\"content\":\"今日总结\"},{\"role\":\"assistant\",\"content\":\"今日总结：\\n\\n健身方面，完成了30分钟的有氧运动（跑步），加上20分钟的HIIT高强度间歇训练。饮食方面，摄入了约1500卡路里的热量，碳水化合物占比40%，蛋白质占比35%，脂肪占比25%。明日计划增加有氧运动时间至45分钟，并尝试新的力量训练动作。\"},{\"role\":\"user\",\"content\":\"查看统计\"}]}', NULL);
INSERT INTO `ai_messages` VALUES (507, 6, 408, 'assistant', '很抱歉，我无法直接查看您的个人统计数据或历史记录。但是，您可以通过以下方式自行查看或管理您的健身和饮食统计：\n\n1. **健身应用或追踪器**：如果您使用健身应用或追踪器，通常它们会有一个功能让您查看过去的锻炼记录、心率、卡路里消耗等信息。\n\n2. **健身日记或日志**：您可以手动记录每次锻炼的详细信息，包括日期、时间、持续时间、运动类型、重量等。\n\n3. **智能手表或健康追踪设备**：一些智能手表和健康追踪设备也提供数据同步到手机应用的功能，您可以在那里查看和分析您的健身数据。\n\n4. **在线健身社区或平台**：有些在线健身社区或平台允许用户分享他们的锻炼数据和成果，您可以在那里查看其他用户的统计信息。\n\n请记住，为了获得最佳的健康和健身效果，建议定期记录和分析您的统计数据，并根据需要进行调整。如果您有任何具体的问题或需要进一步的帮助，请随时告诉我！', 'text', 4, '2025-10-09 15:07:11.317000', '2025-10-09 15:07:11.317000', '355', NULL, '{\"id\":\"d21937237fdd00e665f42ba7fd649b3b\",\"object\":\"chat.completion\",\"created\":1759993630,\"model\":\"hunyuan-lite\",\"system_fingerprint\":\"\",\"choices\":[{\"index\":0,\"message\":{\"role\":\"assistant\",\"content\":\"很抱歉，我无法直接查看您的个人统计数据或历史记录。但是，您可以通过以下方式自行查看或管理您的健身和饮食统计：\\n\\n1. **健身应用或追踪器**：如果您使用健身应用或追踪器，通常它们会有一个功能让您查看过去的锻炼记录、心率、卡路里消耗等信息。\\n\\n2. **健身日记或日志**：您可以手动记录每次锻炼的详细信息，包括日期、时间、持续时间、运动类型、重量等。\\n\\n3. **智能手表或健康追踪设备**：一些智能手表和健康追踪设备也提供数据同步到手机应用的功能，您可以在那里查看和分析您的健身数据。\\n\\n4. **在线健身社区或平台**：有些在线健身社区或平台允许用户分享他们的锻炼数据和成果，您可以在那里查看其他用户的统计信息。\\n\\n请记住，为了获得最佳的健康和健身效果，建议定期记录和分析您的统计数据，并根据需要进行调整。如果您有任何具体的问题或需要进一步的帮助，请随时告诉我！\"},\"finish_reason\":\"stop\"}],\"usage\":{\"prompt_tokens\":153,\"completion_tokens\":202,\"total_tokens\":355},\"note\":\"以上内容为AI生成，不代表开发者立场，请勿删除或修改本标记\"}', NULL);
INSERT INTO `ai_messages` VALUES (508, 8, 409, 'user', '今日总结', 'text', 1, '2025-10-09 15:11:53.357000', '2025-10-09 15:11:53.357000', NULL, NULL, '{\"model\":\"hunyuan-turbos-latest\",\"messages\":[{\"role\":\"system\",\"content\":\"你是一位专业的 AI 健身减肥教练，请为我制定计划。回答时请包含：1) 健身计划：明确运动类型、每周频率和单次时长；2) 饮食建议：给出每日推荐热量范围，并提供碳水化合物、蛋白质和脂肪的比例。语气保持简洁、专业。\"},{\"role\":\"user\",\"content\":\"今日总结\"}]}', NULL);
INSERT INTO `ai_messages` VALUES (509, 8, 409, 'assistant', '### **今日健身与饮食总结**  \n\n#### **1. 健身计划（基础版）**  \n- **运动类型**：**有氧（快走/慢跑/跳绳） + 力量训练（自重/哑铃）**  \n- **每周频率**：**4-5次**（3次有氧 + 2次力量）  \n- **单次时长**：**40-60分钟**（有氧20-30分钟 + 力量20-30分钟）  \n\n**示例安排（每周）**：  \n- **周一**：快走/慢跑 30分钟 + 核心训练（平板支撑、卷腹）15分钟  \n- **周三**：力量训练（深蹲、俯卧撑、哑铃推举）30分钟  \n- **周五**：跳绳/爬楼梯 20分钟 + 拉伸放松  \n- **周六**：有氧（游泳/骑行）40分钟  \n\n---  \n\n#### **2. 饮食建议（减脂期）**  \n- **每日推荐热量**：**1500-1800 kcal**（根据体重调整，女性偏低，男性偏高）  \n- **三大营养素比例**：  \n  - **碳水化合物（Carbs）**：**40%**（150-200g，优先选择燕麦、糙米、红薯）  \n  - **蛋白质（Protein）**：**30%**（100-130g，鸡蛋、鸡胸肉、鱼、豆类）  \n  - **脂肪（Fats）**：**30%**（40-60g，坚果、橄榄油、牛油果）  \n\n**关键原则**：  \n✅ **高蛋白**（每餐都有肉/蛋/豆）  \n✅ **低碳水但不过度限制**（优选低GI主食）  \n✅ **健康脂肪**（避免油炸，适量坚果/橄榄油）  \n✅ **多喝水**（每天2-3L）  \n\n**今日执行重点**：  \n- **运动**：完成至少30分钟有氧 + 15分钟力量/核心  \n- **饮食**：控制总热量，保证蛋白质摄入（如早餐鸡蛋+燕麦，午餐鸡胸肉+蔬菜）  \n\n需要更个性化调整？请提供你的 **体重、身高、目标（减脂/增肌）**，我会优化计划！ 💪', 'text', 2, '2025-10-09 15:11:53.442000', '2025-10-09 15:11:53.442000', '609', NULL, '{\"id\":\"151e88f57fe913f2bd6c3caa78ce6fbf\",\"object\":\"chat.completion\",\"created\":1759993912,\"model\":\"hunyuan-turbos-latest\",\"system_fingerprint\":\"\",\"choices\":[{\"index\":0,\"message\":{\"role\":\"assistant\",\"content\":\"### **今日健身与饮食总结**  \\n\\n#### **1. 健身计划（基础版）**  \\n- **运动类型**：**有氧（快走/慢跑/跳绳） + 力量训练（自重/哑铃）**  \\n- **每周频率**：**4-5次**（3次有氧 + 2次力量）  \\n- **单次时长**：**40-60分钟**（有氧20-30分钟 + 力量20-30分钟）  \\n\\n**示例安排（每周）**：  \\n- **周一**：快走/慢跑 30分钟 + 核心训练（平板支撑、卷腹）15分钟  \\n- **周三**：力量训练（深蹲、俯卧撑、哑铃推举）30分钟  \\n- **周五**：跳绳/爬楼梯 20分钟 + 拉伸放松  \\n- **周六**：有氧（游泳/骑行）40分钟  \\n\\n---  \\n\\n#### **2. 饮食建议（减脂期）**  \\n- **每日推荐热量**：**1500-1800 kcal**（根据体重调整，女性偏低，男性偏高）  \\n- **三大营养素比例**：  \\n  - **碳水化合物（Carbs）**：**40%**（150-200g，优先选择燕麦、糙米、红薯）  \\n  - **蛋白质（Protein）**：**30%**（100-130g，鸡蛋、鸡胸肉、鱼、豆类）  \\n  - **脂肪（Fats）**：**30%**（40-60g，坚果、橄榄油、牛油果）  \\n\\n**关键原则**：  \\n✅ **高蛋白**（每餐都有肉/蛋/豆）  \\n✅ **低碳水但不过度限制**（优选低GI主食）  \\n✅ **健康脂肪**（避免油炸，适量坚果/橄榄油）  \\n✅ **多喝水**（每天2-3L）  \\n\\n**今日执行重点**：  \\n- **运动**：完成至少30分钟有氧 + 15分钟力量/核心  \\n- **饮食**：控制总热量，保证蛋白质摄入（如早餐鸡蛋+燕麦，午餐鸡胸肉+蔬菜）  \\n\\n需要更个性化调整？请提供你的 **体重、身高、目标（减脂/增肌）**，我会优化计划！ 💪\"},\"finish_reason\":\"stop\"}],\"usage\":{\"prompt_tokens\":74,\"completion_tokens\":535,\"total_tokens\":609},\"note\":\"以上内容为AI生成，不代表开发者立场，请勿删除或修改本标记\"}', NULL);
INSERT INTO `ai_messages` VALUES (510, 8, 412, 'user', '我的信息如下: 性别：#{gender}；出生日期：#{birth_date}；身高：#{height}；今日体重：#{current_weight}kg；#{delta_7d_kg}；', 'text', 1, '2025-10-10 10:56:14.409000', '2025-10-10 10:56:14.409000', NULL, NULL, '{\"model\":\"hunyuan-turbos-latest\",\"messages\":[{\"role\":\"system\",\"content\":\"你是减脂健康管理助理。请根据以下用户信息生成今日总结的JSON，字段与字数要求如下：status：标题，<=8字，风格积极或中性，如“稳步下降”“轻微反弹”。message：近期总结，<=50字，要求具体、可读。healthGoal：鼓励话语+目标，<=15字。只返回合法JSON，不含多余文字或代码块标记。请基于已知信息给出中性建议，仍满足字数限制。\"},{\"role\":\"user\",\"content\":\"我的信息如下: 性别：男；出生日期：1999-08-01；身高：180；今日体重：105kg；；\"}]}', NULL);
INSERT INTO `ai_messages` VALUES (511, 8, 412, 'assistant', '{\n    \"status\": \"体重待察\",\n    \"message\": \"今日体重105kg，需持续关注后续体重变化情况。\",\n    \"healthGoal\": \"加油减脂，目标健康瘦身\"\n}', 'text', 2, '2025-10-10 10:56:14.524000', '2025-10-10 10:56:14.524000', '190', NULL, '{\"id\":\"78913fdbfd13d805ba940aafb2a2367e\",\"object\":\"chat.completion\",\"created\":1760064973,\"model\":\"hunyuan-turbos-latest\",\"system_fingerprint\":\"\",\"choices\":[{\"index\":0,\"message\":{\"role\":\"assistant\",\"content\":\"{\\n    \\\"status\\\": \\\"体重待察\\\",\\n    \\\"message\\\": \\\"今日体重105kg，需持续关注后续体重变化情况。\\\",\\n    \\\"healthGoal\\\": \\\"加油减脂，目标健康瘦身\\\"\\n}\"},\"finish_reason\":\"stop\"}],\"usage\":{\"prompt_tokens\":144,\"completion_tokens\":46,\"total_tokens\":190},\"note\":\"以上内容为AI生成，不代表开发者立场，请勿删除或修改本标记\"}', NULL);
INSERT INTO `ai_messages` VALUES (512, 8, 411, 'user', '我的信息如下: 性别：#{gender}；出生日期：#{birth_date}；身高：#{height}；今日体重：#{current_weight}kg；#{delta_7d_kg}；', 'text', 1, '2025-10-10 10:56:17.408000', '2025-10-10 10:56:17.408000', NULL, NULL, '{\"model\":\"hunyuan-turbos-latest\",\"messages\":[{\"role\":\"system\",\"content\":\"生成4条今日健康建议，输出严格为JSON数组，每条含\\\"title\\\"(≤4字中文)、“subtitle”(≤7字可执行)、“color”(#RRGGBB)，不得输出多余文字。\"},{\"role\":\"user\",\"content\":\"我的信息如下: 性别：男；出生日期：1999-08-01；身高：180；今日体重：105kg；；\"}]}', NULL);
INSERT INTO `ai_messages` VALUES (513, 8, 411, 'assistant', '[\n  {\n    \"title\": \"控食量\",\n    \"subtitle\": \"八分饱\",\n    \"color\": \"#FF6347\"\n  },\n  {\n    \"title\": \"多饮水\",\n    \"subtitle\": \"喝八杯\",\n    \"color\": \"#4169E1\"\n  },\n  {\n    \"title\": \"勤运动\",\n    \"subtitle\": \"走万步\",\n    \"color\": \"#32CD32\"\n  },\n  {\n    \"title\": \"早休息\",\n    \"subtitle\": \"十点睡\",\n    \"color\": \"#9370DB\"\n  }\n]', 'text', 2, '2025-10-10 10:56:17.509000', '2025-10-10 10:56:17.509000', '222', NULL, '{\"id\":\"93a624046fe6c6dcc78344d5a433821a\",\"object\":\"chat.completion\",\"created\":1760064976,\"model\":\"hunyuan-turbos-latest\",\"system_fingerprint\":\"\",\"choices\":[{\"index\":0,\"message\":{\"role\":\"assistant\",\"content\":\"[\\n  {\\n    \\\"title\\\": \\\"控食量\\\",\\n    \\\"subtitle\\\": \\\"八分饱\\\",\\n    \\\"color\\\": \\\"#FF6347\\\"\\n  },\\n  {\\n    \\\"title\\\": \\\"多饮水\\\",\\n    \\\"subtitle\\\": \\\"喝八杯\\\",\\n    \\\"color\\\": \\\"#4169E1\\\"\\n  },\\n  {\\n    \\\"title\\\": \\\"勤运动\\\",\\n    \\\"subtitle\\\": \\\"走万步\\\",\\n    \\\"color\\\": \\\"#32CD32\\\"\\n  },\\n  {\\n    \\\"title\\\": \\\"早休息\\\",\\n    \\\"subtitle\\\": \\\"十点睡\\\",\\n    \\\"color\\\": \\\"#9370DB\\\"\\n  }\\n]\"},\"finish_reason\":\"stop\"}],\"usage\":{\"prompt_tokens\":89,\"completion_tokens\":133,\"total_tokens\":222},\"note\":\"以上内容为AI生成，不代表开发者立场，请勿删除或修改本标记\"}', NULL);
INSERT INTO `ai_messages` VALUES (514, 8, 413, 'user', '我的信息如下: 性别：#{gender}；出生日期：#{birth_date}；身高：#{height}；今日体重：#{current_weight}kg；#{delta_7d_kg}；', 'text', 1, '2025-10-16 09:40:45.951000', '2025-10-16 09:40:45.951000', NULL, NULL, '{\"model\":\"hunyuan-turbos-latest\",\"messages\":[{\"role\":\"system\",\"content\":\"你是减脂健康管理助理。请根据以下用户信息生成今日总结的JSON，字段与字数要求如下：status：标题，<=8字，风格积极或中性，如“稳步下降”“轻微反弹”。message：近期总结，<=50字，要求具体、可读。healthGoal：鼓励话语+目标，<=15字。只返回合法JSON，不含多余文字或代码块标记。请基于已知信息给出中性建议，仍满足字数限制。\"},{\"role\":\"user\",\"content\":\"我的信息如下: 性别：男；出生日期：1999-08-01；身高：180；今日体重：105kg；；\"}]}', NULL);
INSERT INTO `ai_messages` VALUES (515, 8, 413, 'assistant', '{\n    \"status\": \"体重稳定\",\n    \"message\": \"今日体重105kg，目前数据暂无明显波动。\",\n    \"healthGoal\": \"坚持下去，减至健康体重！\"\n}', 'text', 2, '2025-10-16 09:40:46.023000', '2025-10-16 09:40:46.023000', '188', NULL, '{\"id\":\"75a9717782adff198d476d15582a3a53\",\"object\":\"chat.completion\",\"created\":1760578845,\"model\":\"hunyuan-turbos-latest\",\"system_fingerprint\":\"\",\"choices\":[{\"index\":0,\"message\":{\"role\":\"assistant\",\"content\":\"{\\n    \\\"status\\\": \\\"体重稳定\\\",\\n    \\\"message\\\": \\\"今日体重105kg，目前数据暂无明显波动。\\\",\\n    \\\"healthGoal\\\": \\\"坚持下去，减至健康体重！\\\"\\n}\"},\"finish_reason\":\"stop\"}],\"usage\":{\"prompt_tokens\":144,\"completion_tokens\":44,\"total_tokens\":188},\"note\":\"以上内容为AI生成，不代表开发者立场，请勿删除或修改本标记\"}', NULL);
INSERT INTO `ai_messages` VALUES (516, 8, 414, 'user', '我的信息如下: 性别：#{gender}；出生日期：#{birth_date}；身高：#{height}；今日体重：#{current_weight}kg；#{delta_7d_kg}；', 'text', 1, '2025-10-16 09:40:49.137000', '2025-10-16 09:40:49.137000', NULL, NULL, '{\"model\":\"hunyuan-turbos-latest\",\"messages\":[{\"role\":\"system\",\"content\":\"生成4条今日健康建议，输出严格为JSON数组，每条含\\\"title\\\"(≤4字中文)、“subtitle”(≤7字可执行)、“color”(#RRGGBB)，不得输出多余文字。\"},{\"role\":\"user\",\"content\":\"我的信息如下: 性别：男；出生日期：1999-08-01；身高：180；今日体重：105kg；；\"}]}', NULL);
INSERT INTO `ai_messages` VALUES (517, 8, 414, 'assistant', '[\n  {\n    \"title\": \"控食量\",\n    \"subtitle\": \"每餐八分饱\",\n    \"color\": \"#FF6347\"\n  },\n  {\n    \"title\": \"多运动\",\n    \"subtitle\": \"每日步数万\",\n    \"color\": \"#32CD32\"\n  },\n  {\n    \"title\": \"早睡觉\",\n    \"subtitle\": \"十点上床休\",\n    \"color\": \"#4169E1\"\n  },\n  {\n    \"title\": \"少油腻\",\n    \"subtitle\": \"饮食清淡点\",\n    \"color\": \"#FFD700\"\n  }\n]', 'text', 2, '2025-10-16 09:40:49.213000', '2025-10-16 09:40:49.213000', '227', NULL, '{\"id\":\"a9e62bd266fc6b8b77fec26325d03821\",\"object\":\"chat.completion\",\"created\":1760578849,\"model\":\"hunyuan-turbos-latest\",\"system_fingerprint\":\"\",\"choices\":[{\"index\":0,\"message\":{\"role\":\"assistant\",\"content\":\"[\\n  {\\n    \\\"title\\\": \\\"控食量\\\",\\n    \\\"subtitle\\\": \\\"每餐八分饱\\\",\\n    \\\"color\\\": \\\"#FF6347\\\"\\n  },\\n  {\\n    \\\"title\\\": \\\"多运动\\\",\\n    \\\"subtitle\\\": \\\"每日步数万\\\",\\n    \\\"color\\\": \\\"#32CD32\\\"\\n  },\\n  {\\n    \\\"title\\\": \\\"早睡觉\\\",\\n    \\\"subtitle\\\": \\\"十点上床休\\\",\\n    \\\"color\\\": \\\"#4169E1\\\"\\n  },\\n  {\\n    \\\"title\\\": \\\"少油腻\\\",\\n    \\\"subtitle\\\": \\\"饮食清淡点\\\",\\n    \\\"color\\\": \\\"#FFD700\\\"\\n  }\\n]\"},\"finish_reason\":\"stop\"}],\"usage\":{\"prompt_tokens\":89,\"completion_tokens\":138,\"total_tokens\":227},\"note\":\"以上内容为AI生成，不代表开发者立场，请勿删除或修改本标记\"}', NULL);
INSERT INTO `ai_messages` VALUES (518, 6, 415, 'user', '大大大', 'text', 1, '2025-10-16 14:05:30.936000', '2025-10-16 14:05:30.936000', NULL, NULL, '{\"model\":\"hunyuan-lite\",\"messages\":[{\"role\":\"system\",\"content\":\"你是一个营养分析助手。用户会输入今天吃的餐饮内容。  请根据常见食材营养成分，估算该餐饮的热量、蛋白质、碳水化合物和脂肪，并以严格的 JSON 格式输出。  不要输出多余的文字或解释，只返回 JSON。  输出格式如下：{  \\\"caloriesKcal\\\": 数字,   // 热量（千卡 kcal）  \\\"proteinG\\\": 数字,       // 蛋白质（克 g）  \\\"carbsG\\\": 数字,         // 碳水化合物（克 g）  \\\"fatG\\\": 数字            // 脂肪（克 g）}\"},{\"role\":\"user\",\"content\":\"大大大\"}]}', NULL);
INSERT INTO `ai_messages` VALUES (519, 6, 415, 'assistant', '{\"caloriesKcal\": 0, \"proteinG\": 0, \"carbsG\": 0, \"fatG\": 0}', 'text', 2, '2025-10-16 14:05:31.195000', '2025-10-16 14:05:31.195000', '177', NULL, '{\"id\":\"6fdf76279692bcb8b3f8e2c5b06634dc\",\"object\":\"chat.completion\",\"created\":1760594730,\"model\":\"hunyuan-lite\",\"system_fingerprint\":\"\",\"choices\":[{\"index\":0,\"message\":{\"role\":\"assistant\",\"content\":\"{\\\"caloriesKcal\\\": 0, \\\"proteinG\\\": 0, \\\"carbsG\\\": 0, \\\"fatG\\\": 0}\"},\"finish_reason\":\"stop\"}],\"usage\":{\"prompt_tokens\":145,\"completion_tokens\":32,\"total_tokens\":177},\"note\":\"以上内容为AI生成，不代表开发者立场，请勿删除或修改本标记\"}', NULL);
INSERT INTO `ai_messages` VALUES (520, 6, 416, 'user', '中午: 一小份米饭+一个三鲜包子+两小份荤菜+一小份素菜', 'text', 1, '2025-10-16 14:07:28.798000', '2025-10-16 14:07:28.798000', NULL, NULL, '{\"model\":\"hunyuan-lite\",\"messages\":[{\"role\":\"system\",\"content\":\"你是一个营养分析助手。用户会输入今天吃的餐饮内容。  请根据常见食材营养成分，估算该餐饮的热量、蛋白质、碳水化合物和脂肪，并以严格的 JSON 格式输出。  不要输出多余的文字或解释，只返回 JSON。  输出格式如下：{  \\\"caloriesKcal\\\": 数字,   // 热量（千卡 kcal）  \\\"proteinG\\\": 数字,       // 蛋白质（克 g）  \\\"carbsG\\\": 数字,         // 碳水化合物（克 g）  \\\"fatG\\\": 数字            // 脂肪（克 g）}\"},{\"role\":\"user\",\"content\":\"中午: 一小份米饭+一个三鲜包子+两小份荤菜+一小份素菜\"}]}', NULL);
INSERT INTO `ai_messages` VALUES (521, 6, 416, 'assistant', '{  \n  \"caloriesKcal\": 400,  \n  \"proteinG\": 150,  \n  \"carbsG\": 600,  \n  \"fatG\": 120  \n}', 'text', 2, '2025-10-16 14:07:28.859000', '2025-10-16 14:07:28.859000', '215', NULL, '{\"id\":\"a3b38a4436c9fbb455dc2beb02694c19\",\"object\":\"chat.completion\",\"created\":1760594848,\"model\":\"hunyuan-lite\",\"system_fingerprint\":\"\",\"choices\":[{\"index\":0,\"message\":{\"role\":\"assistant\",\"content\":\"{  \\n  \\\"caloriesKcal\\\": 400,  \\n  \\\"proteinG\\\": 150,  \\n  \\\"carbsG\\\": 600,  \\n  \\\"fatG\\\": 120  \\n}\"},\"finish_reason\":\"stop\"}],\"usage\":{\"prompt_tokens\":165,\"completion_tokens\":50,\"total_tokens\":215},\"note\":\"以上内容为AI生成，不代表开发者立场，请勿删除或修改本标记\"}', NULL);
INSERT INTO `ai_messages` VALUES (522, 6, 417, 'user', 'dsadsads', 'text', 1, '2025-10-16 15:39:42.050000', '2025-10-16 15:39:42.050000', NULL, NULL, '{\"model\":\"hunyuan-lite\",\"messages\":[{\"role\":\"system\",\"content\":\"你是一个营养分析助手。用户会输入今天吃的餐饮内容。  请根据常见食材营养成分，估算该餐饮的热量、蛋白质、碳水化合物和脂肪，并以严格的 JSON 格式输出。  不要输出多余的文字或解释，只返回 JSON。  输出格式如下：{  \\\"caloriesKcal\\\": 数字,   // 热量（千卡 kcal）  \\\"proteinG\\\": 数字,       // 蛋白质（克 g）  \\\"carbsG\\\": 数字,         // 碳水化合物（克 g）  \\\"fatG\\\": 数字            // 脂肪（克 g）}\"},{\"role\":\"user\",\"content\":\"dsadsads\"}]}', NULL);
INSERT INTO `ai_messages` VALUES (523, 6, 417, 'assistant', '{\"caloriesKcal\": 0, \"proteinG\": 0, \"carbsG\": 0, \"fatG\": 0}', 'text', 2, '2025-10-16 15:39:42.113000', '2025-10-16 15:39:42.113000', '178', NULL, '{\"id\":\"c3541c8f5d5f9f4416701fbe31f430a2\",\"object\":\"chat.completion\",\"created\":1760600382,\"model\":\"hunyuan-lite\",\"system_fingerprint\":\"\",\"choices\":[{\"index\":0,\"message\":{\"role\":\"assistant\",\"content\":\"{\\\"caloriesKcal\\\": 0, \\\"proteinG\\\": 0, \\\"carbsG\\\": 0, \\\"fatG\\\": 0}\"},\"finish_reason\":\"stop\"}],\"usage\":{\"prompt_tokens\":146,\"completion_tokens\":32,\"total_tokens\":178},\"note\":\"以上内容为AI生成，不代表开发者立场，请勿删除或修改本标记\"}', NULL);

-- ----------------------------
-- Table structure for ai_model_params
-- ----------------------------
DROP TABLE IF EXISTS `ai_model_params`;
CREATE TABLE `ai_model_params`  (
  `id` bigint NOT NULL AUTO_INCREMENT COMMENT '主键ID',
  `model_id` bigint NOT NULL COMMENT '模型ID',
  `param_type` enum('body','header','query_param','path_param') CHARACTER SET utf8mb4 COLLATE utf8mb4_unicode_ci NOT NULL COMMENT '参数类型',
  `param_path` varchar(500) CHARACTER SET utf8mb4 COLLATE utf8mb4_unicode_ci NOT NULL COMMENT '参数路径',
  `param_key` varchar(100) CHARACTER SET utf8mb4 COLLATE utf8mb4_unicode_ci NOT NULL COMMENT '参数键名',
  `param_value` text CHARACTER SET utf8mb4 COLLATE utf8mb4_unicode_ci NULL COMMENT '参数值/模板',
  `data_type` enum('string','integer','boolean','array','object','float') CHARACTER SET utf8mb4 COLLATE utf8mb4_unicode_ci NULL DEFAULT 'string' COMMENT '数据类型',
  `is_required` tinyint(1) NULL DEFAULT 0 COMMENT '是否必需',
  `default_value` text CHARACTER SET utf8mb4 COLLATE utf8mb4_unicode_ci NULL COMMENT '默认值',
  `parent_path` varchar(500) CHARACTER SET utf8mb4 COLLATE utf8mb4_unicode_ci NULL DEFAULT NULL COMMENT '父级路径',
  `level` int NULL DEFAULT 0 COMMENT '层级深度',
  `description` text CHARACTER SET utf8mb4 COLLATE utf8mb4_unicode_ci NULL COMMENT '参数描述',
  `sort_order` int NULL DEFAULT 0 COMMENT '排序',
  `is_active` tinyint(1) NULL DEFAULT 1 COMMENT '是否启用',
  `create_time` timestamp NULL DEFAULT CURRENT_TIMESTAMP COMMENT '创建时间',
  `update_time` timestamp NULL DEFAULT CURRENT_TIMESTAMP ON UPDATE CURRENT_TIMESTAMP COMMENT '更新时间',
  PRIMARY KEY (`id`) USING BTREE,
  INDEX `idx_model_type`(`model_id` ASC, `param_type` ASC) USING BTREE,
  INDEX `idx_param_path`(`param_path` ASC) USING BTREE,
  INDEX `idx_is_active`(`is_active` ASC) USING BTREE,
  INDEX `idx_sort_order`(`sort_order` ASC) USING BTREE,
  INDEX `idx_ai_model_params_model_type_active`(`model_id` ASC, `param_type` ASC, `is_active` ASC) USING BTREE,
  CONSTRAINT `ai_model_params_ibfk_1` FOREIGN KEY (`model_id`) REFERENCES `ai_models` (`id`) ON DELETE CASCADE ON UPDATE RESTRICT
) ENGINE = InnoDB AUTO_INCREMENT = 25 CHARACTER SET = utf8mb4 COLLATE = utf8mb4_unicode_ci COMMENT = '模型参数配置表' ROW_FORMAT = Dynamic;

-- ----------------------------
-- Records of ai_model_params
-- ----------------------------
INSERT INTO `ai_model_params` VALUES (1, 6, 'header', 'Authorization', 'Authorization', 'Bearer {api_key}', 'string', 1, NULL, NULL, 0, NULL, 1, 1, '2025-09-11 13:43:21', '2025-09-11 14:28:59');
INSERT INTO `ai_model_params` VALUES (2, 6, 'header', 'Content-Type', 'Content-Type', 'application/json', 'string', 1, NULL, NULL, 0, NULL, 2, 1, '2025-09-11 13:43:21', '2025-09-11 14:29:08');
INSERT INTO `ai_model_params` VALUES (3, 1, 'body', 'model', 'model', 'gpt-4', 'string', 1, NULL, NULL, 0, NULL, 1, 1, '2025-09-11 13:43:21', '2025-09-11 13:43:21');
INSERT INTO `ai_model_params` VALUES (4, 1, 'body', 'messages', 'messages', '[]', 'array', 1, NULL, NULL, 0, NULL, 2, 1, '2025-09-11 13:43:21', '2025-09-11 13:43:21');
INSERT INTO `ai_model_params` VALUES (5, 1, 'body', 'messages[].role', 'role', '', 'string', 1, NULL, NULL, 1, NULL, 1, 1, '2025-09-11 13:43:21', '2025-09-11 13:43:21');
INSERT INTO `ai_model_params` VALUES (6, 1, 'body', 'messages[].content', 'content', '', 'string', 1, NULL, NULL, 1, NULL, 2, 1, '2025-09-11 13:43:21', '2025-09-11 13:43:21');
INSERT INTO `ai_model_params` VALUES (7, 1, 'body', 'temperature', 'temperature', '0.7', 'float', 0, NULL, NULL, 0, NULL, 3, 1, '2025-09-11 13:43:21', '2025-09-11 13:43:21');
INSERT INTO `ai_model_params` VALUES (8, 1, 'body', 'max_tokens', 'max_tokens', '2048', 'integer', 0, NULL, NULL, 0, NULL, 4, 1, '2025-09-11 13:43:21', '2025-09-11 13:43:21');
INSERT INTO `ai_model_params` VALUES (9, 1, 'body', 'stream', 'stream', 'false', 'boolean', 0, NULL, NULL, 0, NULL, 5, 1, '2025-09-11 13:43:21', '2025-09-11 13:43:21');
INSERT INTO `ai_model_params` VALUES (10, 3, 'header', 'x-api-key', 'x-api-key', '{api_key}', 'string', 1, NULL, NULL, 0, NULL, 1, 1, '2025-09-11 13:43:21', '2025-09-11 13:43:21');
INSERT INTO `ai_model_params` VALUES (11, 3, 'header', 'Content-Type', 'Content-Type', 'application/json', 'string', 1, NULL, NULL, 0, NULL, 2, 1, '2025-09-11 13:43:21', '2025-09-11 13:43:21');
INSERT INTO `ai_model_params` VALUES (12, 3, 'header', 'anthropic-version', 'anthropic-version', '2023-06-01', 'string', 1, NULL, NULL, 0, NULL, 3, 1, '2025-09-11 13:43:21', '2025-09-11 13:43:21');
INSERT INTO `ai_model_params` VALUES (13, 3, 'body', 'model', 'model', 'claude-3-sonnet-20240229', 'string', 1, NULL, NULL, 0, NULL, 1, 1, '2025-09-11 13:43:21', '2025-09-11 13:43:21');
INSERT INTO `ai_model_params` VALUES (14, 3, 'body', 'messages', 'messages', '[]', 'array', 1, NULL, NULL, 0, NULL, 2, 1, '2025-09-11 13:43:21', '2025-09-11 13:43:21');
INSERT INTO `ai_model_params` VALUES (15, 3, 'body', 'messages[].role', 'role', '', 'string', 1, NULL, NULL, 1, NULL, 1, 1, '2025-09-11 13:43:21', '2025-09-11 13:43:21');
INSERT INTO `ai_model_params` VALUES (16, 3, 'body', 'messages[].content', 'content', '', 'string', 1, NULL, NULL, 1, NULL, 2, 1, '2025-09-11 13:43:21', '2025-09-11 13:43:21');
INSERT INTO `ai_model_params` VALUES (17, 3, 'body', 'max_tokens', 'max_tokens', '2048', 'integer', 1, NULL, NULL, 0, NULL, 3, 1, '2025-09-11 13:43:21', '2025-09-11 13:43:21');
INSERT INTO `ai_model_params` VALUES (18, 3, 'body', 'system', 'system', '', 'string', 0, NULL, NULL, 0, NULL, 4, 1, '2025-09-11 13:43:21', '2025-09-11 13:43:21');
INSERT INTO `ai_model_params` VALUES (19, 3, 'body', 'stream', 'stream', 'false', 'boolean', 0, NULL, NULL, 0, NULL, 5, 1, '2025-09-11 13:43:21', '2025-09-11 13:43:21');
INSERT INTO `ai_model_params` VALUES (20, 7, 'header', 'Authorization', 'Authorization', 'Bearer {api_key}', 'string', 1, NULL, NULL, 0, NULL, 1, 1, '2025-09-11 13:43:21', '2025-09-11 14:28:59');
INSERT INTO `ai_model_params` VALUES (21, 7, 'header', 'Content-Type', 'Content-Type', 'application/json', 'string', 1, NULL, NULL, 0, NULL, 2, 1, '2025-09-11 13:43:21', '2025-09-11 14:29:08');
INSERT INTO `ai_model_params` VALUES (22, 7, 'body', 'enable_enhancement', 'enable_enhancement', 'true', 'boolean', 0, NULL, NULL, 0, NULL, 0, 1, '2025-09-20 11:31:24', '2025-09-20 11:31:32');
INSERT INTO `ai_model_params` VALUES (23, 8, 'header', 'Authorization', 'Authorization', 'Bearer {api_key}', 'string', 1, NULL, NULL, 0, NULL, 1, 1, '2025-09-20 11:31:24', '2025-09-20 11:31:24');
INSERT INTO `ai_model_params` VALUES (24, 8, 'header', 'Content-Type', 'Content-Type', 'application/json', 'string', 1, NULL, NULL, 0, NULL, 2, 1, '2025-09-28 06:27:12', '2025-09-28 06:27:12');

-- ----------------------------
-- Table structure for ai_models
-- ----------------------------
DROP TABLE IF EXISTS `ai_models`;
CREATE TABLE `ai_models`  (
  `id` bigint NOT NULL AUTO_INCREMENT COMMENT '主键ID',
  `provider_id` bigint NOT NULL COMMENT '提供商ID',
  `model_name` varchar(100) CHARACTER SET utf8mb4 COLLATE utf8mb4_unicode_ci NOT NULL COMMENT '模型名称',
  `model_code` varchar(100) CHARACTER SET utf8mb4 COLLATE utf8mb4_unicode_ci NOT NULL COMMENT '内部标识码',
  `request_path` varchar(500) CHARACTER SET utf8mb4 COLLATE utf8mb4_unicode_ci NOT NULL COMMENT 'API请求路径',
  `http_method` varchar(10) CHARACTER SET utf8mb4 COLLATE utf8mb4_unicode_ci NULL DEFAULT 'POST' COMMENT '请求方法',
  `content_type` varchar(100) CHARACTER SET utf8mb4 COLLATE utf8mb4_unicode_ci NULL DEFAULT 'application/json' COMMENT '请求内容类型',
  `max_tokens` int NULL DEFAULT 4096 COMMENT '最大token数',
  `input_price` decimal(10, 6) NULL DEFAULT 0.000000 COMMENT '输入token价格(每1k tokens)',
  `output_price` decimal(10, 6) NULL DEFAULT 0.000000 COMMENT '输出token价格(每1k tokens)',
  `supports_streaming` tinyint(1) NULL DEFAULT 0 COMMENT '是否支持流式输出',
  `supports_function_calling` tinyint(1) NULL DEFAULT 0 COMMENT '是否支持函数调用',
  `context_window` int NULL DEFAULT 4096 COMMENT '上下文窗口大小',
  `status` enum('active','inactive','testing') CHARACTER SET utf8mb4 COLLATE utf8mb4_unicode_ci NULL DEFAULT 'active' COMMENT '模型状态',
  `create_time` timestamp NULL DEFAULT CURRENT_TIMESTAMP COMMENT '创建时间',
  `update_time` timestamp NULL DEFAULT CURRENT_TIMESTAMP ON UPDATE CURRENT_TIMESTAMP COMMENT '更新时间',
  PRIMARY KEY (`id`) USING BTREE,
  UNIQUE INDEX `uk_provider_model`(`provider_id` ASC, `model_code` ASC) USING BTREE,
  INDEX `idx_status`(`status` ASC) USING BTREE,
  INDEX `idx_provider_id`(`provider_id` ASC) USING BTREE,
  INDEX `idx_ai_models_provider_status`(`provider_id` ASC, `status` ASC) USING BTREE,
  CONSTRAINT `ai_models_ibfk_1` FOREIGN KEY (`provider_id`) REFERENCES `ai_providers` (`id`) ON DELETE CASCADE ON UPDATE RESTRICT
) ENGINE = InnoDB AUTO_INCREMENT = 9 CHARACTER SET = utf8mb4 COLLATE = utf8mb4_unicode_ci COMMENT = 'AI模型配置表' ROW_FORMAT = Dynamic;

-- ----------------------------
-- Records of ai_models
-- ----------------------------
INSERT INTO `ai_models` VALUES (1, 1, 'GPT-4', 'gpt-4', '/v1/chat/completions', 'POST', 'application/json', 8192, 0.030000, 0.060000, 1, 1, 8192, 'active', '2025-09-11 13:43:21', '2025-09-11 13:43:21');
INSERT INTO `ai_models` VALUES (2, 1, 'GPT-3.5 Turbo', 'gpt-3.5-turbo', '/v1/chat/completions', 'POST', 'application/json', 4096, 0.001500, 0.002000, 1, 1, 4096, 'active', '2025-09-11 13:43:21', '2025-09-11 13:43:21');
INSERT INTO `ai_models` VALUES (3, 2, 'Claude-3 Sonnet', 'claude-3-sonnet-20240229', '/v1/messages', 'POST', 'application/json', 4096, 0.003000, 0.015000, 1, 0, 200000, 'active', '2025-09-11 13:43:21', '2025-09-11 13:43:21');
INSERT INTO `ai_models` VALUES (4, 2, 'Claude-3 Haiku', 'claude-3-haiku-20240307', '/v1/messages', 'POST', 'application/json', 4096, 0.000250, 0.001250, 1, 0, 200000, 'active', '2025-09-11 13:43:21', '2025-09-11 13:43:21');
INSERT INTO `ai_models` VALUES (5, 3, 'Gemini Pro', 'gemini-pro', '/v1/models/gemini-pro:generateContent', 'POST', 'application/json', 8192, 0.000500, 0.001500, 1, 1, 32768, 'active', '2025-09-11 13:43:21', '2025-09-11 13:43:21');
INSERT INTO `ai_models` VALUES (6, 4, 'hunyuan-lite', 'hunyuan-lite', '/v1/chat/completions', 'POST', 'application/json', 8192, 0.000500, 0.001500, 1, 1, 32768, 'active', '2025-09-11 13:43:21', '2025-09-11 14:27:21');
INSERT INTO `ai_models` VALUES (7, 4, 'hunyuan-TurboS', 'hunyuan-a13b', '/v1/chat/completions', 'POST', 'application/json', 8192, 0.000500, 0.001500, 1, 1, 32768, 'active', '2025-09-11 13:43:21', '2025-09-20 11:44:36');
INSERT INTO `ai_models` VALUES (8, 4, 'hunyuan-turbos-latest', 'hunyuan-turbos-latest', '/v1/chat/completions', 'POST', 'application/json', 4096, 0.000000, 0.000000, 0, 0, 4096, 'active', '2025-09-28 06:21:05', '2025-09-28 06:21:05');

-- ----------------------------
-- Table structure for ai_providers
-- ----------------------------
DROP TABLE IF EXISTS `ai_providers`;
CREATE TABLE `ai_providers`  (
  `id` bigint NOT NULL AUTO_INCREMENT COMMENT '主键ID',
  `name` varchar(100) CHARACTER SET utf8mb4 COLLATE utf8mb4_unicode_ci NOT NULL COMMENT '提供商名称',
  `code` varchar(50) CHARACTER SET utf8mb4 COLLATE utf8mb4_unicode_ci NOT NULL COMMENT '提供商代码',
  `status` enum('active','inactive','maintenance') CHARACTER SET utf8mb4 COLLATE utf8mb4_unicode_ci NULL DEFAULT 'active' COMMENT '状态',
  `base_url` varchar(500) CHARACTER SET utf8mb4 COLLATE utf8mb4_unicode_ci NOT NULL COMMENT 'API基础URL',
  `auth_type` enum('api_key','oauth','custom') CHARACTER SET utf8mb4 COLLATE utf8mb4_unicode_ci NULL DEFAULT 'api_key' COMMENT '认证方式',
  `rate_limit_rpm` int NULL DEFAULT 0 COMMENT '每分钟请求限制',
  `rate_limit_tpm` int NULL DEFAULT 0 COMMENT '每分钟token限制',
  `create_time` timestamp NULL DEFAULT CURRENT_TIMESTAMP COMMENT '创建时间',
  `update_time` timestamp NULL DEFAULT CURRENT_TIMESTAMP ON UPDATE CURRENT_TIMESTAMP COMMENT '更新时间',
  PRIMARY KEY (`id`) USING BTREE,
  UNIQUE INDEX `code`(`code` ASC) USING BTREE,
  INDEX `idx_ai_providers_status`(`status` ASC) USING BTREE
) ENGINE = InnoDB AUTO_INCREMENT = 5 CHARACTER SET = utf8mb4 COLLATE = utf8mb4_unicode_ci COMMENT = 'AI提供商表' ROW_FORMAT = Dynamic;

-- ----------------------------
-- Records of ai_providers
-- ----------------------------
INSERT INTO `ai_providers` VALUES (1, 'OpenAI', 'openai', 'active', 'https://api.openai.com', 'api_key', 3500, 90000, '2025-09-11 13:43:21', '2025-09-11 13:43:21');
INSERT INTO `ai_providers` VALUES (2, 'Anthropic', 'claude', 'active', 'https://api.anthropic.com', 'api_key', 1000, 80000, '2025-09-11 13:43:21', '2025-09-11 13:43:21');
INSERT INTO `ai_providers` VALUES (3, 'Google', 'gemini', 'active', 'https://generativelanguage.googleapis.com', 'api_key', 60, 32000, '2025-09-11 13:43:21', '2025-09-11 13:43:21');
INSERT INTO `ai_providers` VALUES (4, 'hunyuan', 'hunyuan', 'active', 'https://api.hunyuan.cloud.tencent.com', 'api_key', 60, 32000, '2025-09-11 13:43:21', '2025-09-11 14:24:45');

-- ----------------------------
-- Table structure for api_keys
-- ----------------------------
DROP TABLE IF EXISTS `api_keys`;
CREATE TABLE `api_keys`  (
  `id` bigint NOT NULL AUTO_INCREMENT COMMENT '主键ID',
  `provider_id` bigint NOT NULL COMMENT '提供商ID',
  `key_name` varchar(100) CHARACTER SET utf8mb4 COLLATE utf8mb4_unicode_ci NOT NULL COMMENT '密钥别名',
  `api_key` text CHARACTER SET utf8mb4 COLLATE utf8mb4_unicode_ci NOT NULL COMMENT '加密存储的密钥',
  `quota_limit` bigint NULL DEFAULT 0 COMMENT '配额限制',
  `usage_count` bigint NULL DEFAULT 0 COMMENT '使用次数',
  `last_used_at` timestamp NULL DEFAULT NULL COMMENT '最后使用时间',
  `expires_at` timestamp NULL DEFAULT NULL COMMENT '过期时间',
  `is_active` tinyint(1) NULL DEFAULT 1 COMMENT '是否激活',
  `create_time` timestamp NULL DEFAULT CURRENT_TIMESTAMP COMMENT '创建时间',
  `update_time` timestamp NULL DEFAULT CURRENT_TIMESTAMP ON UPDATE CURRENT_TIMESTAMP COMMENT '更新时间',
  PRIMARY KEY (`id`) USING BTREE,
  UNIQUE INDEX `uk_provider_key`(`provider_id` ASC, `key_name` ASC) USING BTREE,
  INDEX `idx_is_active`(`is_active` ASC) USING BTREE,
  INDEX `idx_expires_at`(`expires_at` ASC) USING BTREE,
  INDEX `idx_api_keys_provider_active`(`provider_id` ASC, `is_active` ASC) USING BTREE,
  CONSTRAINT `api_keys_ibfk_1` FOREIGN KEY (`provider_id`) REFERENCES `ai_providers` (`id`) ON DELETE CASCADE ON UPDATE RESTRICT
) ENGINE = InnoDB AUTO_INCREMENT = 2 CHARACTER SET = utf8mb4 COLLATE = utf8mb4_unicode_ci COMMENT = 'API密钥管理表' ROW_FORMAT = Dynamic;

-- ----------------------------
-- Records of api_keys
-- ----------------------------
INSERT INTO `api_keys` VALUES (1, 4, 'test', '', 0, 277, '2025-10-16 07:39:42', '2026-09-11 14:28:39', 1, '2025-09-11 14:28:41', '2025-10-16 07:39:42');

-- ----------------------------
-- Table structure for diet_meals
-- ----------------------------
DROP TABLE IF EXISTS `diet_meals`;
CREATE TABLE `diet_meals`  (
  `id` bigint UNSIGNED NOT NULL AUTO_INCREMENT COMMENT '主键ID',
  `user_id` bigint UNSIGNED NOT NULL COMMENT '用户ID（关联 users 表的 id）',
  `meal_date` date NOT NULL COMMENT '餐食日期（对应前端 date，仅保存日期部分）',
  `meal_time` time NOT NULL COMMENT '餐食时间（对应前端 time，格式HH:mm）',
  `text_note` text CHARACTER SET utf8mb4 COLLATE utf8mb4_0900_ai_ci NULL COMMENT '餐食备注（对应前端 text）',
  `calories_kcal` decimal(10, 2) NOT NULL DEFAULT 0.00 COMMENT '热量（千卡 kcal）',
  `protein_g` decimal(10, 2) NOT NULL DEFAULT 0.00 COMMENT '蛋白质（克 g）',
  `carbs_g` decimal(10, 2) NOT NULL DEFAULT 0.00 COMMENT '碳水化合物（克 g）',
  `fat_g` decimal(10, 2) NOT NULL DEFAULT 0.00 COMMENT '脂肪（克 g）',
  `created_time` timestamp NULL DEFAULT CURRENT_TIMESTAMP COMMENT '创建时间',
  `updated_time` timestamp NULL DEFAULT CURRENT_TIMESTAMP ON UPDATE CURRENT_TIMESTAMP COMMENT '更新时间',
  PRIMARY KEY (`id`) USING BTREE,
  INDEX `idx_user_id`(`user_id` ASC) USING BTREE
) ENGINE = InnoDB AUTO_INCREMENT = 6 CHARACTER SET = utf8mb4 COLLATE = utf8mb4_0900_ai_ci COMMENT = '用户餐食记录表' ROW_FORMAT = Dynamic;

-- ----------------------------
-- Records of diet_meals
-- ----------------------------
INSERT INTO `diet_meals` VALUES (2, 3, '2025-10-16', '11:05:00', '大叔大婶', 0.00, 0.00, 0.00, 0.00, '2025-10-16 03:05:13', '2025-10-16 06:05:10');
INSERT INTO `diet_meals` VALUES (3, 3, '2025-10-16', '14:05:00', '大大大', 0.00, 0.00, 0.00, 0.00, '2025-10-16 06:05:31', '2025-10-16 06:05:31');
INSERT INTO `diet_meals` VALUES (4, 3, '2025-10-16', '14:07:00', '中午: 一小份米饭+一个三鲜包子+两小份荤菜+一小份素菜', 400.00, 150.00, 600.00, 120.00, '2025-10-16 06:07:33', '2025-10-16 06:07:33');

-- ----------------------------
-- Table structure for diet_water
-- ----------------------------
DROP TABLE IF EXISTS `diet_water`;
CREATE TABLE `diet_water`  (
  `id` bigint UNSIGNED NOT NULL AUTO_INCREMENT COMMENT '主键ID',
  `user_id` bigint UNSIGNED NOT NULL COMMENT '用户ID',
  `record_date` date NOT NULL COMMENT '记录日期',
  `intake_ml` int NOT NULL COMMENT '饮水量(毫升)',
  `created_time` timestamp NULL DEFAULT CURRENT_TIMESTAMP COMMENT '创建时间',
  `updated_time` timestamp NULL DEFAULT CURRENT_TIMESTAMP ON UPDATE CURRENT_TIMESTAMP COMMENT '更新时间',
  PRIMARY KEY (`id`) USING BTREE,
  UNIQUE INDEX `uq_user_date`(`user_id` ASC, `record_date` ASC) USING BTREE
) ENGINE = InnoDB AUTO_INCREMENT = 3 CHARACTER SET = utf8mb4 COLLATE = utf8mb4_0900_ai_ci COMMENT = '饮水记录表' ROW_FORMAT = Dynamic;

-- ----------------------------
-- Records of diet_water
-- ----------------------------
INSERT INTO `diet_water` VALUES (1, 3, '2025-10-15', 250, '2025-10-16 07:34:00', '2025-10-16 07:34:00');

-- ----------------------------
-- Table structure for sys_dictionary
-- ----------------------------
DROP TABLE IF EXISTS `sys_dictionary`;
CREATE TABLE `sys_dictionary`  (
  `id` bigint UNSIGNED NOT NULL AUTO_INCREMENT,
  `type` varchar(50) CHARACTER SET utf8mb4 COLLATE utf8mb4_bin NOT NULL COMMENT '字典类型',
  `code` varchar(50) CHARACTER SET utf8mb4 COLLATE utf8mb4_bin NOT NULL COMMENT '字典编码',
  `name` varchar(100) CHARACTER SET utf8mb4 COLLATE utf8mb4_bin NOT NULL COMMENT '字典名称',
  `sort_order` int NULL DEFAULT 0,
  `is_active` tinyint(1) NULL DEFAULT 1,
  PRIMARY KEY (`id`) USING BTREE,
  UNIQUE INDEX `uk_type_code`(`type` ASC, `code` ASC) USING BTREE
) ENGINE = InnoDB CHARACTER SET = utf8mb4 COLLATE = utf8mb4_bin COMMENT = '数据字典表' ROW_FORMAT = Dynamic;

-- ----------------------------
-- Records of sys_dictionary
-- ----------------------------

-- ----------------------------
-- Table structure for sys_permission_log
-- ----------------------------
DROP TABLE IF EXISTS `sys_permission_log`;
CREATE TABLE `sys_permission_log`  (
  `id` bigint UNSIGNED NOT NULL AUTO_INCREMENT COMMENT '日志ID',
  `user_id` bigint UNSIGNED NOT NULL COMMENT '操作用户ID',
  `target_user_id` bigint UNSIGNED NULL DEFAULT NULL COMMENT '目标用户ID（如果是用户权限操作）',
  `role_id` bigint UNSIGNED NULL DEFAULT NULL COMMENT '角色ID',
  `permission_id` bigint UNSIGNED NULL DEFAULT NULL COMMENT '权限ID',
  `operation_type` varchar(20) CHARACTER SET utf8mb4 COLLATE utf8mb4_general_ci NOT NULL COMMENT '操作类型：GRANT授权, REVOKE撤销, CREATE创建, UPDATE更新, DELETE删除',
  `target_type` varchar(20) CHARACTER SET utf8mb4 COLLATE utf8mb4_general_ci NOT NULL COMMENT '目标类型：USER用户, ROLE角色, PERMISSION权限',
  `old_value` text CHARACTER SET utf8mb4 COLLATE utf8mb4_general_ci NULL COMMENT '操作前的值（JSON格式）',
  `new_value` text CHARACTER SET utf8mb4 COLLATE utf8mb4_general_ci NULL COMMENT '操作后的值（JSON格式）',
  `ip_address` varchar(45) CHARACTER SET utf8mb4 COLLATE utf8mb4_general_ci NULL DEFAULT NULL COMMENT '操作IP地址',
  `user_agent` text CHARACTER SET utf8mb4 COLLATE utf8mb4_general_ci NULL COMMENT '用户代理信息',
  `remark` varchar(500) CHARACTER SET utf8mb4 COLLATE utf8mb4_general_ci NULL DEFAULT NULL COMMENT '操作备注',
  `create_time` datetime NOT NULL DEFAULT CURRENT_TIMESTAMP COMMENT '操作时间',
  PRIMARY KEY (`id`) USING BTREE,
  INDEX `idx_user_id`(`user_id` ASC) USING BTREE,
  INDEX `idx_target_user_id`(`target_user_id` ASC) USING BTREE,
  INDEX `idx_operation_type`(`operation_type` ASC) USING BTREE,
  INDEX `idx_target_type`(`target_type` ASC) USING BTREE,
  INDEX `idx_create_time`(`create_time` ASC) USING BTREE
) ENGINE = InnoDB CHARACTER SET = utf8mb4 COLLATE = utf8mb4_general_ci COMMENT = '权限操作日志表，记录所有权限相关的操作' ROW_FORMAT = Dynamic;

-- ----------------------------
-- Records of sys_permission_log
-- ----------------------------

-- ----------------------------
-- Table structure for sys_permissions
-- ----------------------------
DROP TABLE IF EXISTS `sys_permissions`;
CREATE TABLE `sys_permissions`  (
  `id` bigint UNSIGNED NOT NULL AUTO_INCREMENT COMMENT '权限主键，自增',
  `code` varchar(50) CHARACTER SET utf8mb4 COLLATE utf8mb4_general_ci NOT NULL COMMENT '权限标识，如 user:read',
  `name` varchar(100) CHARACTER SET utf8mb4 COLLATE utf8mb4_general_ci NOT NULL COMMENT '权限名称，中文描述',
  `resource` varchar(100) CHARACTER SET utf8mb4 COLLATE utf8mb4_general_ci NOT NULL COMMENT '资源标识，如 user, order',
  `action` varchar(50) CHARACTER SET utf8mb4 COLLATE utf8mb4_general_ci NOT NULL COMMENT '操作类型，如 read, write, delete',
  `resource_type` varchar(20) CHARACTER SET utf8mb4 COLLATE utf8mb4_general_ci NULL DEFAULT 'MENU' COMMENT '资源类型：MENU菜单, BUTTON按钮, API接口',
  `parent_id` bigint UNSIGNED NULL DEFAULT NULL COMMENT '父权限ID，支持权限树结构',
  `path` varchar(255) CHARACTER SET utf8mb4 COLLATE utf8mb4_general_ci NULL DEFAULT NULL COMMENT '权限路径，如 /user/list',
  `method` varchar(10) CHARACTER SET utf8mb4 COLLATE utf8mb4_general_ci NULL DEFAULT NULL COMMENT 'HTTP方法，如 GET, POST',
  `sort_order` int NULL DEFAULT 0 COMMENT '排序字段',
  `status` tinyint(1) NULL DEFAULT 1 COMMENT '状态：1启用，0禁用',
  `is_deleted` tinyint(1) NULL DEFAULT 0 COMMENT '是否删除：0未删除，1已删除',
  `description` varchar(255) CHARACTER SET utf8mb4 COLLATE utf8mb4_general_ci NULL DEFAULT NULL COMMENT '权限详细描述',
  `created_by` bigint UNSIGNED NULL DEFAULT NULL COMMENT '创建人ID',
  `updated_by` bigint UNSIGNED NULL DEFAULT NULL COMMENT '更新人ID',
  `create_time` datetime NOT NULL DEFAULT CURRENT_TIMESTAMP COMMENT '记录创建时间',
  `update_time` datetime NOT NULL DEFAULT CURRENT_TIMESTAMP ON UPDATE CURRENT_TIMESTAMP COMMENT '记录更新时间',
  PRIMARY KEY (`id`) USING BTREE,
  UNIQUE INDEX `uk_code`(`code` ASC) USING BTREE,
  INDEX `idx_resource_action`(`resource` ASC, `action` ASC) USING BTREE,
  INDEX `idx_parent_id`(`parent_id` ASC) USING BTREE,
  INDEX `idx_status_resource`(`status` ASC, `resource` ASC, `action` ASC) USING BTREE,
  INDEX `idx_resource_type`(`resource_type` ASC) USING BTREE,
  INDEX `idx_is_deleted`(`is_deleted` ASC) USING BTREE
) ENGINE = InnoDB AUTO_INCREMENT = 43 CHARACTER SET = utf8mb4 COLLATE = utf8mb4_general_ci COMMENT = '系统权限表，支持层级结构和多种资源类型' ROW_FORMAT = Dynamic;

-- ----------------------------
-- Records of sys_permissions
-- ----------------------------
INSERT INTO `sys_permissions` VALUES (1, 'system', '系统管理', 'system', 'view', 'MENU', NULL, '/system', NULL, 1, 1, 0, NULL, 1, NULL, '2025-07-11 10:38:10', '2025-07-11 10:38:10');
INSERT INTO `sys_permissions` VALUES (2, 'system:user', '用户管理', 'user', 'view', 'MENU', 1, '/system/user', NULL, 1, 1, 0, NULL, 1, NULL, '2025-07-11 10:38:10', '2025-07-11 10:38:10');
INSERT INTO `sys_permissions` VALUES (3, 'system:role', '角色管理', 'role', 'view', 'MENU', 1, '/system/role', NULL, 2, 1, 0, NULL, 1, NULL, '2025-07-11 10:38:10', '2025-07-11 10:38:10');
INSERT INTO `sys_permissions` VALUES (4, 'system:permission', '权限管理', 'permission', 'view', 'MENU', 1, '/system/permission', NULL, 3, 1, 0, NULL, 1, NULL, '2025-07-11 10:38:10', '2025-07-11 10:38:10');
INSERT INTO `sys_permissions` VALUES (5, 'system:log', '日志管理', 'log', 'view', 'MENU', 1, '/system/log', NULL, 4, 1, 0, NULL, 1, NULL, '2025-07-11 10:38:10', '2025-07-11 10:38:10');
INSERT INTO `sys_permissions` VALUES (10, 'user:list', '用户列表', 'user', 'list', 'API', 2, '/api/users', NULL, 1, 1, 0, NULL, 1, NULL, '2025-07-11 10:38:10', '2025-07-11 10:38:10');
INSERT INTO `sys_permissions` VALUES (11, 'user:create', '创建用户', 'user', 'create', 'API', 2, '/api/users', NULL, 2, 1, 0, NULL, 1, NULL, '2025-07-11 10:38:10', '2025-07-11 10:38:10');
INSERT INTO `sys_permissions` VALUES (12, 'user:update', '更新用户', 'user', 'update', 'API', 2, '/api/users/*', NULL, 3, 1, 0, NULL, 1, NULL, '2025-07-11 10:38:10', '2025-07-11 10:38:10');
INSERT INTO `sys_permissions` VALUES (13, 'user:delete', '删除用户', 'user', 'delete', 'API', 2, '/api/users/*', NULL, 4, 1, 0, NULL, 1, NULL, '2025-07-11 10:38:10', '2025-07-11 10:38:10');
INSERT INTO `sys_permissions` VALUES (14, 'user:detail', '用户详情', 'user', 'detail', 'API', 2, '/api/users/*', NULL, 5, 1, 0, NULL, 1, NULL, '2025-07-11 10:38:10', '2025-07-11 10:38:10');
INSERT INTO `sys_permissions` VALUES (20, 'role:list', '角色列表', 'role', 'list', 'API', 3, '/api/roles', NULL, 1, 1, 0, NULL, 1, NULL, '2025-07-11 10:38:10', '2025-07-11 10:38:10');
INSERT INTO `sys_permissions` VALUES (21, 'role:create', '创建角色', 'role', 'create', 'API', 3, '/api/roles', NULL, 2, 1, 0, NULL, 1, NULL, '2025-07-11 10:38:10', '2025-07-11 10:38:10');
INSERT INTO `sys_permissions` VALUES (22, 'role:update', '更新角色', 'role', 'update', 'API', 3, '/api/roles/*', NULL, 3, 1, 0, NULL, 1, NULL, '2025-07-11 10:38:10', '2025-07-11 10:38:10');
INSERT INTO `sys_permissions` VALUES (23, 'role:delete', '删除角色', 'role', 'delete', 'API', 3, '/api/roles/*', NULL, 4, 1, 0, NULL, 1, NULL, '2025-07-11 10:38:10', '2025-07-11 10:38:10');
INSERT INTO `sys_permissions` VALUES (24, 'role:assign', '分配角色', 'role', 'assign', 'API', 3, '/api/roles/assign', NULL, 5, 1, 0, NULL, 1, NULL, '2025-07-11 10:38:10', '2025-07-11 10:38:10');
INSERT INTO `sys_permissions` VALUES (30, 'permission:list', '权限列表', 'permission', 'list', 'API', 4, '/api/permissions', NULL, 1, 1, 0, NULL, 1, NULL, '2025-07-11 10:38:10', '2025-07-11 10:38:10');
INSERT INTO `sys_permissions` VALUES (31, 'permission:create', '创建权限', 'permission', 'create', 'API', 4, '/api/permissions', NULL, 2, 1, 0, NULL, 1, NULL, '2025-07-11 10:38:10', '2025-07-11 10:38:10');
INSERT INTO `sys_permissions` VALUES (32, 'permission:update', '更新权限', 'permission', 'update', 'API', 4, '/api/permissions/*', NULL, 3, 1, 0, NULL, 1, NULL, '2025-07-11 10:38:10', '2025-07-11 10:38:10');
INSERT INTO `sys_permissions` VALUES (33, 'permission:delete', '删除权限', 'permission', 'delete', 'API', 4, '/api/permissions/*', NULL, 4, 1, 0, NULL, 1, NULL, '2025-07-11 10:38:10', '2025-07-11 10:38:10');
INSERT INTO `sys_permissions` VALUES (40, 'log:list', '日志列表', 'log', 'list', 'API', 5, '/api/logs', NULL, 1, 1, 0, NULL, 1, NULL, '2025-07-11 10:38:10', '2025-07-11 10:38:10');
INSERT INTO `sys_permissions` VALUES (41, 'log:detail', '日志详情', 'log', 'detail', 'API', 5, '/api/logs/*', NULL, 2, 1, 0, NULL, 1, NULL, '2025-07-11 10:38:10', '2025-07-11 10:38:10');
INSERT INTO `sys_permissions` VALUES (42, 'log:export', '导出日志', 'log', 'export', 'API', 5, '/api/logs/export', NULL, 3, 1, 0, NULL, 1, NULL, '2025-07-11 10:38:10', '2025-07-11 10:38:10');

-- ----------------------------
-- Table structure for sys_role_permissions
-- ----------------------------
DROP TABLE IF EXISTS `sys_role_permissions`;
CREATE TABLE `sys_role_permissions`  (
  `role_id` bigint UNSIGNED NOT NULL COMMENT '角色ID',
  `permission_id` bigint UNSIGNED NOT NULL COMMENT '权限ID',
  `assigned_by` bigint UNSIGNED NULL DEFAULT NULL COMMENT '分配此权限的管理员用户ID',
  `is_active` tinyint(1) NULL DEFAULT 1 COMMENT '是否激活：1激活，0未激活',
  `create_time` datetime NOT NULL DEFAULT CURRENT_TIMESTAMP COMMENT '权限分配时间',
  `update_time` datetime NOT NULL DEFAULT CURRENT_TIMESTAMP ON UPDATE CURRENT_TIMESTAMP COMMENT '更新时间',
  PRIMARY KEY (`role_id`, `permission_id`) USING BTREE,
  INDEX `idx_permission_id`(`permission_id` ASC) USING BTREE,
  INDEX `idx_role_permission_time`(`role_id` ASC, `permission_id` ASC, `create_time` ASC) USING BTREE,
  INDEX `idx_assigned_by`(`assigned_by` ASC) USING BTREE
) ENGINE = InnoDB CHARACTER SET = utf8mb4 COLLATE = utf8mb4_general_ci COMMENT = '角色权限关联表，建立角色和权限的多对多关系' ROW_FORMAT = Dynamic;

-- ----------------------------
-- Records of sys_role_permissions
-- ----------------------------
INSERT INTO `sys_role_permissions` VALUES (1, 1, 1, 1, '2025-07-11 10:38:10', '2025-07-11 10:38:10');
INSERT INTO `sys_role_permissions` VALUES (1, 2, 1, 1, '2025-07-11 10:38:10', '2025-07-11 10:38:10');
INSERT INTO `sys_role_permissions` VALUES (1, 3, 1, 1, '2025-07-11 10:38:10', '2025-07-11 10:38:10');
INSERT INTO `sys_role_permissions` VALUES (1, 4, 1, 1, '2025-07-11 10:38:10', '2025-07-11 10:38:10');
INSERT INTO `sys_role_permissions` VALUES (1, 5, 1, 1, '2025-07-11 10:38:10', '2025-07-11 10:38:10');
INSERT INTO `sys_role_permissions` VALUES (1, 10, 1, 1, '2025-07-11 10:38:10', '2025-07-11 10:38:10');
INSERT INTO `sys_role_permissions` VALUES (1, 11, 1, 1, '2025-07-11 10:38:10', '2025-07-11 10:38:10');
INSERT INTO `sys_role_permissions` VALUES (1, 12, 1, 1, '2025-07-11 10:38:10', '2025-07-11 10:38:10');
INSERT INTO `sys_role_permissions` VALUES (1, 13, 1, 1, '2025-07-11 10:38:10', '2025-07-11 10:38:10');
INSERT INTO `sys_role_permissions` VALUES (1, 14, 1, 1, '2025-07-11 10:38:10', '2025-07-11 10:38:10');
INSERT INTO `sys_role_permissions` VALUES (1, 20, 1, 1, '2025-07-11 10:38:10', '2025-07-11 10:38:10');
INSERT INTO `sys_role_permissions` VALUES (1, 21, 1, 1, '2025-07-11 10:38:10', '2025-07-11 10:38:10');
INSERT INTO `sys_role_permissions` VALUES (1, 22, 1, 1, '2025-07-11 10:38:10', '2025-07-11 10:38:10');
INSERT INTO `sys_role_permissions` VALUES (1, 23, 1, 1, '2025-07-11 10:38:10', '2025-07-11 10:38:10');
INSERT INTO `sys_role_permissions` VALUES (1, 24, 1, 1, '2025-07-11 10:38:10', '2025-07-11 10:38:10');
INSERT INTO `sys_role_permissions` VALUES (1, 30, 1, 1, '2025-07-11 10:38:10', '2025-07-11 10:38:10');
INSERT INTO `sys_role_permissions` VALUES (1, 31, 1, 1, '2025-07-11 10:38:10', '2025-07-11 10:38:10');
INSERT INTO `sys_role_permissions` VALUES (1, 32, 1, 1, '2025-07-11 10:38:10', '2025-07-11 10:38:10');
INSERT INTO `sys_role_permissions` VALUES (1, 33, 1, 1, '2025-07-11 10:38:10', '2025-07-11 10:38:10');
INSERT INTO `sys_role_permissions` VALUES (1, 40, 1, 1, '2025-07-11 10:38:10', '2025-07-11 10:38:10');
INSERT INTO `sys_role_permissions` VALUES (1, 41, 1, 1, '2025-07-11 10:38:10', '2025-07-11 10:38:10');
INSERT INTO `sys_role_permissions` VALUES (1, 42, 1, 1, '2025-07-11 10:38:10', '2025-07-11 10:38:10');
INSERT INTO `sys_role_permissions` VALUES (2, 1, 1, 1, '2025-07-11 10:38:10', '2025-07-11 10:38:10');
INSERT INTO `sys_role_permissions` VALUES (2, 2, 1, 1, '2025-07-11 10:38:10', '2025-07-11 10:38:10');
INSERT INTO `sys_role_permissions` VALUES (2, 3, 1, 1, '2025-07-11 10:38:10', '2025-07-11 10:38:10');
INSERT INTO `sys_role_permissions` VALUES (2, 5, 1, 1, '2025-07-11 10:38:10', '2025-07-11 10:38:10');
INSERT INTO `sys_role_permissions` VALUES (2, 10, 1, 1, '2025-07-11 10:38:10', '2025-07-11 10:38:10');
INSERT INTO `sys_role_permissions` VALUES (2, 11, 1, 1, '2025-07-11 10:38:10', '2025-07-11 10:38:10');
INSERT INTO `sys_role_permissions` VALUES (2, 12, 1, 1, '2025-07-11 10:38:10', '2025-07-11 10:38:10');
INSERT INTO `sys_role_permissions` VALUES (2, 14, 1, 1, '2025-07-11 10:38:10', '2025-07-11 10:38:10');
INSERT INTO `sys_role_permissions` VALUES (2, 20, 1, 1, '2025-07-11 10:38:10', '2025-07-11 10:38:10');
INSERT INTO `sys_role_permissions` VALUES (2, 21, 1, 1, '2025-07-11 10:38:10', '2025-07-11 10:38:10');
INSERT INTO `sys_role_permissions` VALUES (2, 22, 1, 1, '2025-07-11 10:38:10', '2025-07-11 10:38:10');
INSERT INTO `sys_role_permissions` VALUES (2, 24, 1, 1, '2025-07-11 10:38:10', '2025-07-11 10:38:10');
INSERT INTO `sys_role_permissions` VALUES (2, 40, 1, 1, '2025-07-11 10:38:10', '2025-07-11 10:38:10');
INSERT INTO `sys_role_permissions` VALUES (2, 41, 1, 1, '2025-07-11 10:38:10', '2025-07-11 10:38:10');
INSERT INTO `sys_role_permissions` VALUES (3, 1, 1, 1, '2025-07-11 10:38:10', '2025-07-11 10:38:10');
INSERT INTO `sys_role_permissions` VALUES (3, 2, 1, 1, '2025-07-11 10:38:10', '2025-07-11 10:38:10');
INSERT INTO `sys_role_permissions` VALUES (3, 10, 1, 1, '2025-07-11 10:38:10', '2025-07-11 10:38:10');
INSERT INTO `sys_role_permissions` VALUES (3, 11, 1, 1, '2025-07-11 10:38:10', '2025-07-11 10:38:10');
INSERT INTO `sys_role_permissions` VALUES (3, 12, 1, 1, '2025-07-11 10:38:10', '2025-07-11 10:38:10');
INSERT INTO `sys_role_permissions` VALUES (3, 14, 1, 1, '2025-07-11 10:38:10', '2025-07-11 10:38:10');
INSERT INTO `sys_role_permissions` VALUES (4, 1, 1, 1, '2025-07-11 10:38:10', '2025-07-11 10:38:10');
INSERT INTO `sys_role_permissions` VALUES (4, 2, 1, 1, '2025-07-11 10:38:10', '2025-07-11 10:38:10');
INSERT INTO `sys_role_permissions` VALUES (4, 10, 1, 1, '2025-07-11 10:38:10', '2025-07-11 10:38:10');
INSERT INTO `sys_role_permissions` VALUES (4, 14, 1, 1, '2025-07-11 10:38:10', '2025-07-11 10:38:10');

-- ----------------------------
-- Table structure for sys_roles
-- ----------------------------
DROP TABLE IF EXISTS `sys_roles`;
CREATE TABLE `sys_roles`  (
  `id` bigint UNSIGNED NOT NULL AUTO_INCREMENT COMMENT '角色主键，自增',
  `code` varchar(50) CHARACTER SET utf8mb4 COLLATE utf8mb4_general_ci NOT NULL COMMENT '角色标识，如 ROLE_ADMIN',
  `name` varchar(100) CHARACTER SET utf8mb4 COLLATE utf8mb4_general_ci NOT NULL COMMENT '角色名称，中文描述',
  `description` varchar(255) CHARACTER SET utf8mb4 COLLATE utf8mb4_general_ci NULL DEFAULT NULL COMMENT '角色详细描述',
  `status` tinyint(1) NULL DEFAULT 1 COMMENT '状态：1启用，0禁用',
  `sort_order` int NULL DEFAULT 0 COMMENT '排序字段',
  `is_deleted` tinyint(1) NULL DEFAULT 0 COMMENT '是否删除：0未删除，1已删除',
  `created_by` bigint UNSIGNED NULL DEFAULT NULL COMMENT '创建人ID',
  `updated_by` bigint UNSIGNED NULL DEFAULT NULL COMMENT '更新人ID',
  `create_time` datetime NOT NULL DEFAULT CURRENT_TIMESTAMP COMMENT '记录创建时间',
  `update_time` datetime NOT NULL DEFAULT CURRENT_TIMESTAMP ON UPDATE CURRENT_TIMESTAMP COMMENT '记录更新时间',
  PRIMARY KEY (`id`) USING BTREE,
  UNIQUE INDEX `uk_code`(`code` ASC) USING BTREE,
  INDEX `idx_status`(`status` ASC) USING BTREE,
  INDEX `idx_is_deleted`(`is_deleted` ASC) USING BTREE,
  INDEX `idx_sort_order`(`sort_order` ASC) USING BTREE
) ENGINE = InnoDB AUTO_INCREMENT = 5 CHARACTER SET = utf8mb4 COLLATE = utf8mb4_general_ci COMMENT = '系统角色表，存储所有角色信息' ROW_FORMAT = Dynamic;

-- ----------------------------
-- Records of sys_roles
-- ----------------------------
INSERT INTO `sys_roles` VALUES (1, 'SUPER_ADMIN', '超级管理员', '系统超级管理员，拥有所有权限', 1, 1, 0, 1, NULL, '2025-07-11 10:38:10', '2025-07-11 10:38:10');
INSERT INTO `sys_roles` VALUES (2, 'ADMIN', '管理员', '系统管理员，拥有大部分管理权限', 1, 2, 0, 1, NULL, '2025-07-11 10:38:10', '2025-07-11 10:38:10');
INSERT INTO `sys_roles` VALUES (3, 'USER_MANAGER', '用户管理员', '负责用户管理相关操作', 1, 3, 0, 1, NULL, '2025-07-11 10:38:10', '2025-07-11 10:38:10');
INSERT INTO `sys_roles` VALUES (4, 'ORDINARY_USER', '普通用户', '系统普通用户，基础权限', 1, 4, 0, 1, NULL, '2025-07-11 10:38:10', '2025-07-11 10:38:10');

-- ----------------------------
-- Table structure for sys_user
-- ----------------------------
DROP TABLE IF EXISTS `sys_user`;
CREATE TABLE `sys_user`  (
  `id` bigint UNSIGNED NOT NULL AUTO_INCREMENT COMMENT '主键ID',
  `username` varchar(50) CHARACTER SET utf8mb4 COLLATE utf8mb4_general_ci NOT NULL COMMENT '用户名',
  `password` varchar(100) CHARACTER SET utf8mb4 COLLATE utf8mb4_general_ci NOT NULL COMMENT '密码',
  `real_name` varchar(50) CHARACTER SET utf8mb4 COLLATE utf8mb4_general_ci NULL DEFAULT NULL COMMENT '真实姓名',
  `email` varchar(100) CHARACTER SET utf8mb4 COLLATE utf8mb4_general_ci NULL DEFAULT NULL COMMENT '邮箱',
  `phone` varchar(20) CHARACTER SET utf8mb4 COLLATE utf8mb4_general_ci NULL DEFAULT NULL COMMENT '手机号',
  `avatar` varchar(255) CHARACTER SET utf8mb4 COLLATE utf8mb4_general_ci NULL DEFAULT NULL COMMENT '头像URL',
  `status` char(4) CHARACTER SET utf8mb4 COLLATE utf8mb4_general_ci NULL DEFAULT '1000' COMMENT '状态码（1000-启用，0000-禁用）',
  `last_login_time` datetime NULL DEFAULT NULL COMMENT '最后登录时间',
  `login_count` int NULL DEFAULT 0 COMMENT '登录次数',
  `is_deleted` tinyint(1) NULL DEFAULT 0 COMMENT '是否删除：0未删除，1已删除',
  `created_by` bigint UNSIGNED NULL DEFAULT NULL COMMENT '创建人ID',
  `updated_by` bigint UNSIGNED NULL DEFAULT NULL COMMENT '更新人ID',
  `create_time` datetime NULL DEFAULT CURRENT_TIMESTAMP COMMENT '创建时间',
  `update_time` datetime NULL DEFAULT CURRENT_TIMESTAMP ON UPDATE CURRENT_TIMESTAMP COMMENT '更新时间',
  PRIMARY KEY (`id`) USING BTREE,
  UNIQUE INDEX `uk_username`(`username` ASC) USING BTREE,
  UNIQUE INDEX `uk_email`(`email` ASC) USING BTREE,
  INDEX `idx_status`(`status` ASC) USING BTREE,
  INDEX `idx_is_deleted`(`is_deleted` ASC) USING BTREE
) ENGINE = InnoDB AUTO_INCREMENT = 10 CHARACTER SET = utf8mb4 COLLATE = utf8mb4_general_ci COMMENT = '用户表，存储系统用户基本信息' ROW_FORMAT = Dynamic;

-- ----------------------------
-- Records of sys_user
-- ----------------------------
INSERT INTO `sys_user` VALUES (1, 'admin', '$2a$10$TbCmpHyoQQn1jY98bi4PNuqQxGD/sVEfBVzNENyvHt8JUuZOzYlO.', '超级管理员', 'admin@example.com', '13800138000', NULL, '1000', NULL, 0, 0, 1, NULL, '2025-07-11 10:38:10', '2025-07-12 12:26:31');
INSERT INTO `sys_user` VALUES (2, 'tran@qq.com', '$2a$10$EFas4AuvXUPFwNQ6REtnmu7mWXS1xyqHe/EOqncEXd.qZHKcXUboy', NULL, NULL, NULL, NULL, '1000', NULL, 0, 0, NULL, NULL, '2025-07-12 04:26:04', '2025-07-27 00:58:21');
INSERT INTO `sys_user` VALUES (3, 'tran', '$2a$10$EFas4AuvXUPFwNQ6REtnmu7mWXS1xyqHe/EOqncEXd.qZHKcXUboy', NULL, 'tran@qq.com', NULL, NULL, '2000', NULL, 0, 0, NULL, NULL, '2025-07-26 16:58:03', '2025-09-08 15:38:42');
INSERT INTO `sys_user` VALUES (4, 'tran1', '$2a$10$M0vPxH91aFZzJyCaGVp9SeSoW3yFa3Zc8P1AV9xbA96z2bi2Aakv2', NULL, '84411834@qq.com', NULL, NULL, '1000', NULL, 0, 0, NULL, NULL, '2025-07-27 08:39:12', '2025-07-27 08:39:12');
INSERT INTO `sys_user` VALUES (5, 'rr', '$2a$10$wbRyKPRZkHWuLirN0hhYw.z9eykDN3z50XeoriOWbmksqmk5eTYO6', NULL, '55@qq.com', NULL, NULL, '2000', NULL, 0, 0, NULL, NULL, '2025-09-26 02:54:19', '2025-09-27 02:53:41');
INSERT INTO `sys_user` VALUES (6, 'rr1', '$2a$10$rYhBxgA7koW59fOBP1IDd.oMPuNbIq7OgGnKoPPj5FP3XZ2mumxUi', NULL, '551@qq.com', NULL, NULL, '1000', NULL, 0, 0, NULL, NULL, '2025-09-26 02:54:34', '2025-09-26 02:54:34');
INSERT INTO `sys_user` VALUES (7, 'rr12', '$2a$10$eq/Gcii0lsNZ3gSdy5Lwk.22NbEmSFh6/hsiCiPluq8E8ZVhjn3K2', NULL, '1551@qq.com', NULL, NULL, '1000', NULL, 0, 0, NULL, NULL, '2025-09-26 03:04:17', '2025-09-26 03:04:17');
INSERT INTO `sys_user` VALUES (8, 'rrr', '$2a$10$K7PK2Tp4aLLUBZAAwG7O0esHTTcIVXdEn1udsoch.x0O70UAlELTa', NULL, 'ew@qq.com', NULL, NULL, '1000', NULL, 0, 0, NULL, NULL, '2025-09-26 03:08:56', '2025-09-26 03:08:56');
INSERT INTO `sys_user` VALUES (9, 'test', '$2a$10$5J/koDxZ1FxJ9UZEZrG6oupdPoOin8Wk8hgrKWIT941KU8PROuBje', NULL, '844@qq.com', NULL, NULL, '2000', NULL, 0, 0, NULL, NULL, '2025-10-05 01:54:49', '2025-10-05 01:55:20');

-- ----------------------------
-- Table structure for sys_user_roles
-- ----------------------------
DROP TABLE IF EXISTS `sys_user_roles`;
CREATE TABLE `sys_user_roles`  (
  `user_id` bigint UNSIGNED NOT NULL COMMENT '用户ID',
  `role_id` bigint UNSIGNED NOT NULL COMMENT '角色ID',
  `assigned_by` bigint UNSIGNED NULL DEFAULT NULL COMMENT '分配此角色的管理员用户ID',
  `expire_time` datetime NULL DEFAULT NULL COMMENT '角色过期时间，NULL表示永不过期',
  `is_active` tinyint(1) NULL DEFAULT 1 COMMENT '是否激活：1激活，0未激活',
  `create_time` datetime NOT NULL DEFAULT CURRENT_TIMESTAMP COMMENT '角色分配时间',
  `update_time` datetime NOT NULL DEFAULT CURRENT_TIMESTAMP ON UPDATE CURRENT_TIMESTAMP COMMENT '更新时间',
  PRIMARY KEY (`user_id`, `role_id`) USING BTREE,
  INDEX `idx_role_id`(`role_id` ASC) USING BTREE,
  INDEX `idx_user_role_time`(`user_id` ASC, `role_id` ASC, `create_time` ASC) USING BTREE,
  INDEX `idx_assigned_by`(`assigned_by` ASC) USING BTREE,
  INDEX `idx_expire_time`(`expire_time` ASC) USING BTREE
) ENGINE = InnoDB CHARACTER SET = utf8mb4 COLLATE = utf8mb4_general_ci COMMENT = '用户角色关联表，多对多映射，支持角色过期时间' ROW_FORMAT = Dynamic;

-- ----------------------------
-- Records of sys_user_roles
-- ----------------------------
INSERT INTO `sys_user_roles` VALUES (1, 1, 1, NULL, 1, '2025-07-11 10:38:10', '2025-07-11 10:38:10');
INSERT INTO `sys_user_roles` VALUES (2, 4, NULL, NULL, 1, '2025-07-12 12:26:03', '2025-07-12 12:26:03');
INSERT INTO `sys_user_roles` VALUES (3, 4, NULL, NULL, 1, '2025-07-27 00:58:03', '2025-07-27 00:58:03');
INSERT INTO `sys_user_roles` VALUES (4, 4, NULL, NULL, 1, '2025-07-27 16:39:11', '2025-07-27 16:39:11');
INSERT INTO `sys_user_roles` VALUES (5, 4, NULL, NULL, 1, '2025-09-26 02:54:19', '2025-09-26 02:54:19');
INSERT INTO `sys_user_roles` VALUES (6, 4, NULL, NULL, 1, '2025-09-26 02:54:34', '2025-09-26 02:54:34');
INSERT INTO `sys_user_roles` VALUES (7, 4, NULL, NULL, 1, '2025-09-26 03:04:17', '2025-09-26 03:04:17');
INSERT INTO `sys_user_roles` VALUES (8, 4, NULL, NULL, 1, '2025-09-26 03:08:56', '2025-09-26 03:08:56');
INSERT INTO `sys_user_roles` VALUES (9, 4, NULL, NULL, 1, '2025-10-05 01:54:48', '2025-10-05 01:54:48');

-- ----------------------------
-- Table structure for tag_category
-- ----------------------------
DROP TABLE IF EXISTS `tag_category`;
CREATE TABLE `tag_category`  (
  `category_code` varchar(50) CHARACTER SET utf8mb4 COLLATE utf8mb4_0900_ai_ci NOT NULL COMMENT '分类代码（主键）',
  `category_name` varchar(100) CHARACTER SET utf8mb4 COLLATE utf8mb4_0900_ai_ci NOT NULL COMMENT '分类名称',
  `description` text CHARACTER SET utf8mb4 COLLATE utf8mb4_0900_ai_ci NULL COMMENT '分类描述',
  `status` tinyint NULL DEFAULT 1 COMMENT '状态：1-启用 0-禁用',
  `created_time` timestamp NULL DEFAULT CURRENT_TIMESTAMP,
  `updated_time` timestamp NULL DEFAULT CURRENT_TIMESTAMP ON UPDATE CURRENT_TIMESTAMP,
  PRIMARY KEY (`category_code`) USING BTREE
) ENGINE = InnoDB CHARACTER SET = utf8mb4 COLLATE = utf8mb4_0900_ai_ci ROW_FORMAT = Dynamic;

-- ----------------------------
-- Records of tag_category
-- ----------------------------
INSERT INTO `tag_category` VALUES ('BASE_USER_TAG_CATEGORIES', '用户基础信息', '用户基础信息标签分类', 1, '2025-08-09 16:51:02', '2025-08-09 16:51:02');
INSERT INTO `tag_category` VALUES ('USER_LOG', '用户记录信息', '用户记录信息', 1, '2025-09-20 09:39:56', '2025-09-20 09:39:56');

-- ----------------------------
-- Table structure for tag_definition
-- ----------------------------
DROP TABLE IF EXISTS `tag_definition`;
CREATE TABLE `tag_definition`  (
  `tag_code` varchar(50) CHARACTER SET utf8mb4 COLLATE utf8mb4_0900_ai_ci NOT NULL COMMENT '标签代码名称（主键）',
  `display_name` varchar(100) CHARACTER SET utf8mb4 COLLATE utf8mb4_0900_ai_ci NOT NULL COMMENT '前台显示名称',
  `ui_config` json NULL COMMENT '前台样式配置（选择框选项、hint等）',
  `unit` varchar(20) CHARACTER SET utf8mb4 COLLATE utf8mb4_0900_ai_ci NULL DEFAULT NULL COMMENT '标签单位',
  `category_code` varchar(50) CHARACTER SET utf8mb4 COLLATE utf8mb4_0900_ai_ci NULL DEFAULT NULL COMMENT '标签分类ID',
  `description` text CHARACTER SET utf8mb4 COLLATE utf8mb4_0900_ai_ci NULL COMMENT '标签描述',
  `field_type` varchar(20) CHARACTER SET utf8mb4 COLLATE utf8mb4_0900_ai_ci NULL DEFAULT NULL COMMENT '字段类型：input/select/number/date/boolean等',
  `is_required` tinyint(1) NULL DEFAULT 0 COMMENT '是否必填',
  `sort_order` int NULL DEFAULT 0 COMMENT '显示排序',
  `status` tinyint NULL DEFAULT 1 COMMENT '状态：1-启用 0-禁用',
  `created_time` timestamp NULL DEFAULT CURRENT_TIMESTAMP,
  `updated_time` timestamp NULL DEFAULT CURRENT_TIMESTAMP ON UPDATE CURRENT_TIMESTAMP,
  PRIMARY KEY (`tag_code`) USING BTREE
) ENGINE = InnoDB CHARACTER SET = utf8mb4 COLLATE = utf8mb4_0900_ai_ci ROW_FORMAT = Dynamic;

-- ----------------------------
-- Records of tag_definition
-- ----------------------------
INSERT INTO `tag_definition` VALUES ('birth_date', '出生日期', '{\"hint\": \"请选择您的出生日期\"}', NULL, 'BASE_USER_TAG_CATEGORIES', '用于精确计算年龄和健康评估', 'date', 1, 3, 1, '2025-08-09 16:51:02', '2025-08-09 16:51:02');
INSERT INTO `tag_definition` VALUES ('consume', '今日消耗', NULL, 'cal', 'USER_LOG', '今日消耗', 'number', 0, 0, 1, '2025-09-20 09:38:56', '2025-09-20 09:40:16');
INSERT INTO `tag_definition` VALUES ('current_weight', '当前体重', '{\"hint\": \"请输入您的当前体重\"}', 'kg', 'BASE_USER_TAG_CATEGORIES', '用于计算BMI和制定减重计划', 'number', 1, 5, 1, '2025-08-09 16:51:02', '2025-08-09 16:51:02');
INSERT INTO `tag_definition` VALUES ('gender', '性别', '{\"hint\": \"请选择您的性别\", \"options\": [\"男\", \"女\"]}', NULL, 'BASE_USER_TAG_CATEGORIES', '性别会影响减肥计划的制定', 'dropdown', 1, 2, 1, '2025-08-09 16:51:02', '2025-08-09 16:51:02');
INSERT INTO `tag_definition` VALUES ('height', '身高', '{\"hint\": \"请输入您的身高\"}', 'cm', 'BASE_USER_TAG_CATEGORIES', '用于计算BMI和评估健康状况', 'number', 1, 4, 1, '2025-08-09 16:51:02', '2025-08-09 16:51:02');
INSERT INTO `tag_definition` VALUES ('target_weight', '目标体重', '{\"hint\": \"请输入您的目标体重\"}', 'kg', 'BASE_USER_TAG_CATEGORIES', 'AI 会根据您的目标体重制定减肥计划', 'number', 1, 6, 1, '2025-08-09 16:51:02', '2025-08-09 16:51:02');
INSERT INTO `tag_definition` VALUES ('username', '昵称', '{\"hint\": \"为您取一个好听的昵称吧\"}', NULL, 'BASE_USER_TAG_CATEGORIES', '这将是AI称呼您的方式', 'text', 1, 1, 1, '2025-08-09 16:51:02', '2025-08-09 16:51:02');
INSERT INTO `tag_definition` VALUES ('weight', '体重', NULL, 'kg', 'USER_LOG', '体重信息', 'number', 0, 0, 1, '2025-09-20 09:40:56', '2025-09-20 09:41:14');

-- ----------------------------
-- Table structure for tag_history
-- ----------------------------
DROP TABLE IF EXISTS `tag_history`;
CREATE TABLE `tag_history`  (
  `id` int NOT NULL AUTO_INCREMENT COMMENT '自增主键',
  `tag_code` varchar(50) CHARACTER SET utf8mb4 COLLATE utf8mb4_0900_ai_ci NOT NULL COMMENT '标签编码',
  `user_id` int NOT NULL COMMENT '用户ID',
  `tag_value` text CHARACTER SET utf8mb4 COLLATE utf8mb4_0900_ai_ci NOT NULL COMMENT '标签值',
  `record_time` varchar(100) CHARACTER SET utf8mb4 COLLATE utf8mb4_0900_ai_ci NULL DEFAULT NULL COMMENT '记录时间',
  `created_time` timestamp NULL DEFAULT CURRENT_TIMESTAMP COMMENT '创建时间',
  `updated_time` timestamp NULL DEFAULT CURRENT_TIMESTAMP ON UPDATE CURRENT_TIMESTAMP COMMENT '更新时间',
  PRIMARY KEY (`id`) USING BTREE
) ENGINE = InnoDB AUTO_INCREMENT = 41 CHARACTER SET = utf8mb4 COLLATE = utf8mb4_0900_ai_ci COMMENT = '标签历史记录表' ROW_FORMAT = Dynamic;

-- ----------------------------
-- Records of tag_history
-- ----------------------------
INSERT INTO `tag_history` VALUES (25, 'weight', 3, '105', '2025-09-14', '2025-09-20 16:28:06', '2025-09-28 09:36:33');
INSERT INTO `tag_history` VALUES (37, 'weight', 3, '104', '2025-09-25', '2025-09-20 18:31:49', '2025-09-28 09:36:33');
INSERT INTO `tag_history` VALUES (38, 'weight', 3, '103', '2025-09-26', '2025-09-21 10:39:29', '2025-09-28 09:36:33');
INSERT INTO `tag_history` VALUES (39, 'weight', 3, '102', '2025-09-27', '2025-09-22 01:00:00', '2025-09-28 09:36:33');
INSERT INTO `tag_history` VALUES (40, 'weight', 3, '102', '2025-09-28', '2025-09-23 01:00:00', '2025-09-28 09:36:33');

-- ----------------------------
-- Table structure for tag_user
-- ----------------------------
DROP TABLE IF EXISTS `tag_user`;
CREATE TABLE `tag_user`  (
  `id` int NOT NULL AUTO_INCREMENT COMMENT '自增主键',
  `tag_code` varchar(50) CHARACTER SET utf8mb4 COLLATE utf8mb4_0900_ai_ci NOT NULL COMMENT '标签编码',
  `user_id` int NOT NULL COMMENT '用户ID',
  `tag_value` text CHARACTER SET utf8mb4 COLLATE utf8mb4_0900_ai_ci NOT NULL COMMENT '标签值',
  `created_time` timestamp NULL DEFAULT CURRENT_TIMESTAMP COMMENT '创建时间',
  `updated_time` timestamp NULL DEFAULT CURRENT_TIMESTAMP ON UPDATE CURRENT_TIMESTAMP COMMENT '更新时间',
  PRIMARY KEY (`id`) USING BTREE,
  UNIQUE INDEX `uniq_tag_user`(`tag_code` ASC, `user_id` ASC) USING BTREE
) ENGINE = InnoDB AUTO_INCREMENT = 22 CHARACTER SET = utf8mb4 COLLATE = utf8mb4_0900_ai_ci COMMENT = '用户标签关联表' ROW_FORMAT = Dynamic;

-- ----------------------------
-- Records of tag_user
-- ----------------------------
INSERT INTO `tag_user` VALUES (1, 'birth_date', 3, '1999-08-01', '2025-09-09 11:42:21', '2025-09-09 11:42:21');
INSERT INTO `tag_user` VALUES (2, 'current_weight', 3, '105', '2025-09-09 11:42:21', '2025-09-09 11:42:21');
INSERT INTO `tag_user` VALUES (3, 'gender', 3, '男', '2025-09-09 11:42:21', '2025-09-09 11:42:21');
INSERT INTO `tag_user` VALUES (4, 'height', 3, '180', '2025-09-09 11:42:21', '2025-09-09 11:42:21');
INSERT INTO `tag_user` VALUES (5, 'target_weight', 3, '75', '2025-09-09 11:42:21', '2025-09-09 11:42:21');
INSERT INTO `tag_user` VALUES (6, 'username', 3, 'tran', '2025-09-09 11:42:21', '2025-09-09 11:42:21');
INSERT INTO `tag_user` VALUES (7, 'current_weight', 5, '40.0', '2025-09-26 09:29:42', '2025-09-27 02:53:41');
INSERT INTO `tag_user` VALUES (8, 'birth_date', 5, '2015-09-16', '2025-09-26 09:29:42', '2025-09-27 02:53:41');
INSERT INTO `tag_user` VALUES (9, 'gender', 5, 'male', '2025-09-26 09:29:42', '2025-09-27 02:53:41');
INSERT INTO `tag_user` VALUES (10, 'height', 5, '158.0', '2025-09-26 09:29:42', '2025-09-27 02:53:41');
INSERT INTO `tag_user` VALUES (11, 'target_weight', 5, '40.0', '2025-09-26 09:29:42', '2025-09-27 02:53:41');
INSERT INTO `tag_user` VALUES (17, 'current_weight', 9, '100.0', '2025-10-05 01:55:20', '2025-10-05 01:55:20');
INSERT INTO `tag_user` VALUES (18, 'birth_date', 9, '2015-10-06', '2025-10-05 01:55:20', '2025-10-05 01:55:20');
INSERT INTO `tag_user` VALUES (19, 'gender', 9, 'male', '2025-10-05 01:55:20', '2025-10-05 01:55:20');
INSERT INTO `tag_user` VALUES (20, 'height', 9, '180.0', '2025-10-05 01:55:20', '2025-10-05 01:55:20');
INSERT INTO `tag_user` VALUES (21, 'target_weight', 9, '70.0', '2025-10-05 01:55:20', '2025-10-05 01:55:20');

SET FOREIGN_KEY_CHECKS = 1;
